time_s,north_m,east_m,body_yaw_rad,course_angle_rad,vx_mps,vy_mps,speed_mps,reference_north_m,reference_east_m,position_error_m,target_north_m,target_east_m,desired_heading_rad,heading_error_rad,speed_error_mps,left_thrust,right_thrust,controller_state
0.0,444.65226518088673,-938.8361280356993,0.0,0.0,0.0,0.0,0.0,443.0,-938.8361280356993,1.6522651808867295,443.0,-935.0,1.9774948610657146,1.9774948610657146,1.0,0.0,0.0,TRACK
0.044,444.6522663175143,-938.8361743127152,1.5707963271670182,0.0,2.5832445193042403e-05,-0.0010517503622767517,0.0010520675547577398,443.0,-938.8361743127152,1.652266317514318,443.0,-935.0,1.9774907282274499,0.40669440106043164,0.9989479324452423,0.0,0.0,TRACK
0.164,444.6522721865307,-938.8363581445161,1.5707963240425888,0.0,5.958600045697825e-05,-0.0020240779502460546,0.0020249548242177477,443.0,-938.8363581445161,1.6522721865306949,443.0,-935.0,1.9774746093752198,0.40667828533263095,0.9979750451757823,479.06955084894634,-320.93044915105366,TRACK
0.192,444.65265748903664,-938.8355708957953,1.5710800086518588,0.0,0.0027632615446237054,0.005148001396565465,0.005842733328078234,443.0,-938.8355708957953,1.652657489036642,443.0,-935.0,1.9776339023274314,0.4065538936755726,0.9941572666719217,480.2211993109985,-319.7788006890015,TRACK
0.244,444.65469751403816,-938.8318509431631,1.5736367879705229,0.0,0.015527057514236227,0.028384343624468712,0.03235367796777234,443.0,-938.8318509431631,1.654697514038162,443.0,-935.0,1.978435444191614,0.40479865622109124,0.9676463220322277,480.2211993109985,-319.7788006890015,TRACK
0.292,444.6581070660976,-938.8253552721727,1.5792424664574942,1.0825788839809911,0.034953904484423814,0.06581409099405858,0.07452026578106419,443.0,-938.8253552721727,1.6581070660976138,443.0,-935.0,1.9798038758054601,0.4005614093479659,0.9254797342189358,464.93505604007197,-335.06494395992803,TRACK
0.344,444.6632971495833,-938.8154383676613,1.5868584859112835,1.0862668459653515,0.057653292145362814,0.10952755489623,0.12377474450284771,443.0,-938.8154383676613,1.6632971495832862,443.0,-935.0,1.981895528847561,0.3950370429362775,0.8762252554971522,464.93505604007197,-335.06494395992803,TRACK
0.392,444.6693147327368,-938.8047074892286,1.5994166293325744,1.072271409082672,0.08135285038870879,0.1494388992542915,0.1701477912777651,443.0,-938.8047074892286,1.6693147327367797,443.0,-935.0,1.9842553174959106,0.3848386881633361,0.8298522087222349,429.2940136113994,-370.7059863886006,TRACK
0.444,444.6770279569781,-938.7931003999986,1.6095182921811397,1.0318913688781381,0.10479528514631342,0.17525992356325265,0.2042011082151473,443.0,-938.7931003999986,1.6770279569781223,443.0,-935.0,1.9870828936010703,0.37756460141993053,0.7957988917848526,429.2940136113994,-370.7059863886006,TRACK
0.492,444.68518170389234,-938.7836231060862,1.62703382136919,0.9620739020411428,0.12757133992794087,0.18302421842713545,0.22309708940699793,443.0,-938.7836231060862,1.68518170389234,443.0,-935.0,1.9898086013709018,0.3627747800017118,0.7769029105930021,429.78801465347027,-370.21198534652973,TRACK
0.544,444.6951021449589,-938.7751373628939,1.6443016679067985,0.8662216632263425,0.1496935704397806,0.1760813211565504,0.23111208685667178,443.0,-938.7751373628939,1.6951021449589234,443.0,-935.0,1.9928327734170663,0.3485311055102678,0.7688879131433282,429.78801465347027,-370.21198534652973,TRACK
0.592,444.7052556801007,-938.7689006995142,1.6587792487697735,0.7509726749274213,0.17133701452812355,0.15992852922870426,0.2343789815846697,443.0,-938.7689006995142,1.70525568010072,443.0,-935.0,1.9956894527886329,0.3369102040188594,0.7656210184153303,455.3017217221844,-344.6982782778156,TRACK
0.644,444.7173221349093,-938.763488809605,1.6822527773190759,0.6298736735455355,0.19258558219330846,0.14037972608036872,0.2383184297597123,443.0,-938.763488809605,1.7173221349092955,443.0,-935.0,1.998886246690366,0.3166334693712902,0.7616815702402877,455.3017217221844,-344.6982782778156,TRACK
0.692,444.7294350261346,-938.7592286137319,1.6989640143289153,0.5202349887335898,0.21350379361002528,0.12231075019308463,0.2460564762380121,443.0,-938.7592286137319,1.7294350261345812,443.0,-935.0,2.001976752136811,0.3030127378078957,0.7539435237619879,448.07473863414845,-316.67845487867265,TRACK
0.744,444.74350738576146,-938.7543897156969,1.7199815065598583,0.447498267225538,0.23349527102743906,0.11207149363043556,0.25899818778658273,443.0,-938.7543897156969,1.7435073857614611,443.0,-935.0,2.0055537211232597,0.2855722145634014,0.7410018122134172,448.07473863414845,-316.67845487867265,TRACK
0.792,444.7571863860358,-938.7483723168498,1.743748995160624,0.43450235800348364,0.2515146365016445,0.11672333745337081,0.2772795518620294,443.0,-938.7483723168498,1.7571863860358121,443.0,-935.0,2.0091628212357224,0.26541382607509845,0.7227204481379705,400.383969514878,-282.99393227604617,TRACK
0.844,444.7723731120931,-938.7388055161468,1.7721486118353031,0.4857104899382824,0.26570286218843475,0.14026209715295235,0.3004521041245519,443.0,-938.7388055161468,1.772373112093078,443.0,-935.0,2.013467594039832,0.24131898220452874,0.6995478958754481,400.383969514878,-282.99393227604617,TRACK
0.892,444.7863553032215,-938.7263941631165,1.7914725973650263,0.5843715550050432,0.2746603374006499,0.18166981232870494,0.32930566598919264,443.0,-938.7263941631165,1.7863553032215123,443.0,-935.0,2.0178115084817483,0.226338911116722,0.6706943340108074,300.7077655341991,-207.864001697943,TRACK
0.944,444.80096687042123,-938.7091129922891,1.8148068375533404,0.7025115516613031,0.2768763062316297,0.23440095089078863,0.36277306230063044,443.0,-938.7091129922891,1.8009668704212345,443.0,-935.0,2.0228187941069753,0.2080119565536349,0.6372269376993696,300.7077655341991,-207.864001697943,TRACK
0.992,444.81368408287113,-938.6903347786817,1.8398838450361015,0.8149025538617982,0.27269927316441184,0.289285092299155,0.39755598122896996,443.0,-938.6903347786817,1.8136840828711343,443.0,-935.0,2.0275956426975,0.18771179766139845,0.60244401877103,263.0386261473669,-198.27321990250235,TRACK
1.044,444.82662340832434,-938.6681863004785,1.8628039710861808,0.9057948781307601,0.26434614118419764,0.3371116055931467,0.42839598152242864,443.0,-938.6681863004785,1.8266234083243376,443.0,-935.0,2.0328135224923374,0.1700095514061566,0.5716040184775714,263.0386261473669,-198.27321990250235,TRACK
1.092,444.83792795960994,-938.6471984369919,1.8873089442042512,0.971443991183099,0.254254011560596,0.3721590482257212,0.45071882540108127,443.0,-938.6471984369919,1.8379279596099423,443.0,-935.0,2.0375819525313443,0.15027300832709312,0.5492811745989188,195.49225611524116,-198.27321990250235,TRACK
1.144,444.8495934641024,-938.6248356387866,1.9149526585977845,1.0149154243631366,0.24378292621351258,0.39242221542032985,0.4619797725751883,443.0,-938.6248356387866,1.8495934641023837,443.0,-935.0,2.0426148855205395,0.12766222692275497,0.5380202274248117,195.49225611524116,-142.2529435202381,TRACK
1.192,444.8599727246191,-938.6050825079753,1.9328529892844029,1.0402424763963094,0.23414100997336573,0.3991076855222454,0.4627190910198879,443.0,-938.6050825079753,1.8599727246191264,443.0,-935.0,2.0471071174167643,0.11425412813236147,0.537280908980112,142.31981114698613,-60.98160943831316,TRACK
1.244,444.8708582328824,-938.5848138434181,1.9536590484715741,1.0530546910998728,0.225459500562591,0.3958436993397969,0.45554826385460906,443.0,-938.5848138434181,1.8708582328824264,443.0,-935.0,2.051797745399434,0.0981386969278597,0.5444517361453909,142.31981114698613,-60.98160943831316,TRACK
1.292,444.88059903775394,-938.5670220175886,1.9783874265867794,1.058660608979417,0.2175753775537954,0.3870304679116311,0.4439950765600591,443.0,-938.5670220175886,1.8805990377539388,443.0,-935.0,2.0559806770488755,0.0775932504620962,0.5560049234399409,148.52262375232033,-25.014769050401483,TRACK
1.344,444.89085157102073,-938.5481510657465,1.9941221310499326,1.0634839504439573,0.21043143085954036,0.3785858261561445,0.4331381013717495,443.0,-938.5481510657465,1.8908515710207325,443.0,-935.0,2.0604254121954915,0.06630328114555883,0.5668618986282505,148.52262375232033,-25.014769050401483,TRACK
1.392,444.8998616556713,-938.5304807532664,2.0166479800252795,1.0756248950088572,0.2024789639692054,0.3749268155026857,0.42610778898422835,443.0,-938.5304807532664,1.899861655671316,443.0,-935.0,2.0644815308910025,0.04783355086572305,0.5738922110157716,110.36899001740441,34.21083022799981,TRACK
1.444,444.90901090719717,-938.5104019492057,2.0350233790568604,1.0992221693247932,0.19319282723477743,0.37884822663868656,0.425263973694274,443.0,-938.5104019492057,1.909010907197171,443.0,-935.0,2.068878946316333,0.033855567259472696,0.574736026305726,110.36899001740441,34.21083022799981,TRACK
1.492,444.91643221985294,-938.4908037856108,2.048378876500779,1.138220680900201,0.17968907581755972,0.3891546235286295,0.42863677511603937,443.0,-938.4908037856108,1.9164322198529362,443.0,-935.0,2.072867264029568,0.024488387528788902,0.5713632248839606,58.58122730047734,74.82172214570011,TRACK
1.544,444.9231606247309,-938.4685023269506,2.0634713229822217,1.18844625361237,0.16208523980605716,0.4030564770449204,0.4344262292390384,443.0,-938.4685023269506,1.9231606247308832,443.0,-935.0,2.077060541073944,0.013589218091722532,0.5655737707609616,58.58122730047734,74.82172214570011,TRACK
1.592,444.92805785458285,-938.4471934558094,2.0785750951023183,1.24486161004959,0.1410643735445003,0.41736389548358355,0.4405584850354536,443.0,-938.4471934558094,1.9280578545828462,443.0,-935.0,2.0807610061774557,0.0021859110751374367,0.5594415149645464,46.88035996518364,70.21487554482508,TRACK
1.644,444.9320472535941,-938.4236571223744,2.091456873436228,1.3016191281753837,0.11854356691798573,0.4297041609537795,0.44575581117763413,443.0,-938.4236571223744,1.932047253594078,443.0,-935.0,2.084569272306567,-0.006887601129661025,0.5542441888223659,46.88035996518364,70.21487554482508,TRACK
1.692,444.9346927546401,-938.4017340005548,2.104348038365301,1.3548381808414804,0.09634343029047009,0.4391638012208754,0.44960749644873943,443.0,-938.4017340005548,1.934692754640082,443.0,-935.0,2.0879112275649336,-0.016436810800367407,0.5503925035512606,16.979108747450674,98.06391287043718,TRACK
1.744,444.9365010072815,-938.3779298440876,2.1152728080503076,1.4045241961909625,0.07479416092906851,0.44567675470765644,0.4519092123378677,443.0,-938.3779298440876,1.9365010072814925,443.0,-935.0,2.0913373290899036,-0.023935478960404044,0.5480907876621324,16.979108747450674,98.06391287043718,TRACK
1.792,444.9373271472675,-938.3558693385284,2.1260060150469187,1.4501107682298282,0.054640142002041966,0.4505477435960918,0.45384888936465734,443.0,-938.3558693385284,1.9373271472675242,443.0,-935.0,2.094353774105963,-0.03165224094095587,0.5461511106353427,3.134318497467987,117.86329997389429,TRACK
1.844,444.937298862089,-938.3317454217231,2.137013766395233,1.4933515821488748,0.03532571129199047,0.4552285502958838,0.4565971297355877,443.0,-938.3317454217231,1.9372988620889942,443.0,-935.0,2.097476888049454,-0.039536878345779236,0.5434028702644123,3.134318497467987,117.86329997389429,TRACK
1.892,444.9364353620962,-938.3090590133404,2.14354307231791,1.5346866763812466,0.01666535822549841,0.4613202854828222,0.4616212083112482,443.0,-938.3090590133404,1.9364353620961765,443.0,-935.0,2.1002565431522,-0.043286529165710075,0.5383787916887518,3.134318497467987,117.86329997389429,TRACK
1.944,444.93441864705585,-938.2839459404518,2.1505385457204786,1.5766431956081488,-0.0027415606940868007,0.4688884838527825,0.46889649864847616,443.0,-938.2839459404518,1.9344186470558498,443.0,-935.0,2.103127774923563,-0.0474107707969158,0.5311035013515238,-14.459470802796915,137.97251816942307,TRACK
1.992,444.9315951423821,-938.2601998947171,2.1579867588070907,1.6175687670501147,-0.022370069363963196,0.4779257646531405,0.4784490114135858,443.0,-938.2601998947171,1.9315951423820934,443.0,-935.0,2.1056662295322863,-0.05232052927480435,0.5215509885864142,-13.75721912453232,129.63486730288966,TRACK
2.044,444.92754255731927,-938.2340383919033,2.1622193140209003,1.656499638105663,-0.04181755993249875,0.4867387851943939,0.488531834511552,443.0,-938.2340383919033,1.9275425573192706,443.0,-935.0,2.1082821627145156,-0.053937151306384656,0.511468165488448,-13.75721912453232,129.63486730288966,TRACK
2.092,444.9229752239278,-938.2097826148121,2.166923880102804,1.6928135537340239,-0.06048488660241967,0.49324525166624233,0.49693993580572926,443.0,-938.2097826148121,1.9229752239277786,443.0,-935.0,2.1105525293464193,-0.056371350756384775,0.5030600641942707,-24.52864850390924,131.83986279271417,TRACK
2.144,444.9172658811971,-938.1838064121592,2.1704995878931714,1.7264422081663726,-0.07774344467097496,0.4954492391309371,0.5015117064882268,443.0,-938.1838064121592,1.9172658811971246,443.0,-935.0,2.1128267547404143,-0.057672833152757175,0.49848829351177315,-24.52864850390924,131.83986279271417,TRACK
2.192,444.9114876510846,-938.1603919999512,2.1735667231607527,1.7566762787512762,-0.09266616693996738,0.4927720944518663,0.5014093692441586,443.0,-938.1603919999512,1.9114876510845988,443.0,-935.0,2.114756895003295,-0.05880982815745783,0.4985906307558414,-21.148540340486946,134.64736857178747,TRACK
2.244,444.904850685798,-938.1357807350655,2.1757001818611483,1.7834075748212268,-0.10490489024763416,0.48595460581683403,0.4971487854882708,443.0,-938.1357807350655,1.90485068579801,443.0,-935.0,2.116680585141777,-0.0590195967193714,0.5028512145117292,-21.148540340486946,134.64736857178747,TRACK
2.292,444.89847757155445,-938.1137562490557,2.1773041640758906,1.8069505220986863,-0.11465880335357677,0.47646570426946533,0.49006755506916777,443.0,-938.1137562490557,1.8984775715544515,443.0,-935.0,2.1183224413444397,-0.05898172273145086,0.5099324449308322,-8.656293308155,141.55994882620115,TRACK
2.344,444.8913431335708,-938.090418749427,2.1781779550381746,1.8275411225058849,-0.12254847783911507,0.46678203219849024,0.4826008651090842,443.0,-938.090418749427,1.8913431335707855,443.0,-935.0,2.119994278953737,-0.05818367608443742,0.5173991348909158,-8.656293308155,141.55994882620115,TRACK
2.392,444.884443444377,-938.0690916948341,2.1785194840796125,1.8467722166520681,-0.12996674430022626,0.4589180940023664,0.4769666357584828,443.0,-938.0690916948341,1.8844434443769842,443.0,-935.0,2.121451399841849,-0.05706808423776355,0.5230333642415173,3.745410470747416,143.1476585051709,TRACK
2.444,444.8765403392641,-938.0457819650991,2.178202029924405,1.8645001047475651,-0.13767236051631687,0.455189172779738,0.47555321664986866,443.0,-938.0457819650991,1.8765403392641247,443.0,-935.0,2.122978136099329,-0.055223893825075976,0.5244467833501314,3.745410470747416,143.1476585051709,TRACK
2.492,444.86856077399824,-938.0238119241852,2.1776088744386204,1.8839335879004169,-0.14767136439934708,0.45607117730370206,0.47938267660685197,443.0,-938.0238119241852,1.8685607739982402,443.0,-935.0,2.124308998069784,-0.053299876368836596,0.520617323393148,9.71598358303185,132.62766660463515,TRACK
2.544,444.8590091294223,-937.9992884977388,2.1765386598190637,1.9050534284244667,-0.16027630227452822,0.461507789406013,0.48854675595404456,443.0,-937.9992884977388,1.8590091294223043,443.0,-933.0,1.926806662365458,-0.24973199745360564,0.5114532440459554,9.71598358303185,132.62766660463515,TRACK
2.592,444.8492317001486,-937.9759266701781,2.174997938451286,1.9278898483244526,-0.1754733515991519,0.470326722410928,0.5019941463157173,443.0,-937.9759266701781,1.8492317001486072,443.0,-933.0,1.9266141649668924,-0.24838377348439344,0.49800585368428274,-338.84673040473234,461.15326959526766,TRACK
2.644,444.83678082793244,-937.9505414691739,2.1723718985911074,1.9643155734160558,-0.19786162614824204,0.47657429940276524,0.5160157807211551,443.0,-937.9505414691739,1.8367808279324436,443.0,-933.0,1.9260786166580626,-0.24629328193304478,0.48398421927884494,-338.84673040473234,461.15326959526766,TRACK
2.692,444.82345709930905,-937.9273969772789,2.16672612829142,2.01161227758325,-0.22576224487524782,0.4785352146793737,0.529116757341275,443.0,-937.9273969772789,1.8234570993090529,443.0,-933.0,1.9252334064619532,-0.24149272182946668,0.47088324265872505,-274.40246139609985,379.81312103317737,TRACK
2.744,444.8075397906601,-937.9027151390231,2.1592753374070845,2.0597538019199226,-0.25388119046002855,0.4771756470324724,0.5405111071849125,443.0,-937.9027151390231,1.807539790660087,443.0,-933.0,1.9240159116751183,-0.23525942573196623,0.45948889281508754,-274.40246139609985,379.81312103317737,TRACK
2.792,444.79186792633186,-937.880403836037,2.147594054645102,2.1043241970669224,-0.27929678452566703,0.47285075484524786,0.5491762287318139,443.0,-937.880403836037,1.7918679263318609,443.0,-933.0,1.9226721010641004,-0.22492195358100164,0.45082377126818607,-244.0668357006836,350.1287851677412,TRACK
2.844,444.7741131773633,-937.8568367275707,2.1356474375332066,2.144391392653006,-0.3010460279993703,0.4659777591725517,0.5547647997283806,443.0,-937.8568367275707,1.77411317736329,443.0,-933.0,1.9210196696518322,-0.2146277678813744,0.44523520027161945,-244.0668357006836,350.1287851677412,TRACK
2.892,444.7571710870446,-937.8356825657615,2.1254788242356373,2.1803787848530614,-0.31921599344016666,0.4571346399871098,0.5575580055421472,443.0,-937.8356825657615,1.7571710870445827,443.0,-933.0,1.9193373730378689,-0.2061414511977684,0.4424419944578528,-191.9671184617901,307.3710912048704,TRACK
2.944,444.7383467580937,-937.8133300381803,2.112362425651886,2.2121522972770493,-0.33419260982850574,0.44758722086530833,0.5585866277901022,443.0,-937.8133300381803,1.7383467580937122,443.0,-933.0,1.9173719119464971,-0.19499051370538867,0.44141337220989785,-191.9671184617901,307.3710912048704,TRACK
2.992,444.72056347162635,-937.793100800925,2.0973189561542815,2.2401539400588772,-0.34689499354638575,0.4384365485490671,0.5590731111859749,443.0,-937.793100800925,1.720563471626349,443.0,-933.0,1.915436838187956,-0.18188211796632547,0.4409268888140251,-161.6542069726272,288.1915647127747,TRACK
3.044,444.7008122383226,-937.7714399655265,2.079088241524938,2.264768567583966,-0.35842273919568557,0.4307778409699187,0.5603895147513407,443.0,-937.7714399655265,1.7008122383226123,443.0,-933.0,1.9132116893028794,-0.16587655222205844,0.4396104852486593,-161.6542069726272,288.1915647127747,TRACK
3.092,444.68209085682264,-937.7514976820839,2.0639954294862903,2.2859454263012178,-0.36948485391449326,0.4254180800657835,0.5634710286421759,443.0,-937.7514976820839,1.68209085682264,443.0,-933.0,1.9110415146723247,-0.15295391481396559,0.4365289713578241,-100.98109294423423,230.68171188161907,TRACK
3.144,444.6613526716935,-937.7297347509467,2.0512547165200323,2.302364498796652,-0.3797490934134896,0.4230030193125902,0.5684548603855322,443.0,-937.7297347509467,1.6613526716935212,443.0,-933.0,1.908590572528784,-0.14266414399124838,0.43154513961446783,-100.98109294423423,230.68171188161907,TRACK
3.192,444.64187032001837,-937.709355235753,2.034685950789356,2.3135630142333516,-0.3888957250167458,0.4235525941736752,0.5750101607515734,443.0,-937.709355235753,1.64187032001837,443.0,-933.0,1.9062591860331388,-0.1284267647562174,0.4249898392484266,-84.01582815389773,207.73468031082174,TRACK
3.244,444.6204872897677,-937.6869115777648,2.015646385138979,2.320167596966429,-0.39670646333264126,0.42637226882590556,0.5823824599639335,443.0,-937.6869115777648,1.6204872897677092,443.0,-933.0,1.9036775878879781,-0.11196879725100106,0.41761754003606655,-84.01582815389773,207.73468031082174,TRACK
3.292,444.60058464928835,-937.6658488516132,2.0030557962109237,2.3229316048286894,-0.40298262132820595,0.4307243529257818,0.5898461335771268,443.0,-937.6658488516132,1.6005846492883506,443.0,-933.0,1.9012595696259051,-0.10179622658501852,0.4101538664228732,-29.876697090697043,147.05277767183262,TRACK
3.344,444.5790929457363,-937.6426174186101,1.9881924590765165,2.3209252660612636,-0.4065944008482475,0.43633624384534797,0.5964128808922661,443.0,-937.6426174186101,1.5790929457363063,443.0,-933.0,1.8986512583956012,-0.08954120068091531,0.4035871191077339,-29.876697090697043,147.05277767183262,TRACK
3.392,444.55938141925486,-937.6208286622351,1.9726122702496651,2.315677916967688,-0.4080162411452251,0.44249490706741024,0.601896166974732,443.0,-937.6208286622351,1.559381419254862,443.0,-933.0,1.8962633786903644,-0.07634889155930069,0.398103833025268,-16.10930786734162,132.34662982440216,TRACK
3.444,444.5382134599788,-937.5968624441109,1.9587015241784638,2.3080824465090695,-0.40768720571785055,0.448932773122093,0.6064235256725464,443.0,-937.5968624441109,1.538213459978806,443.0,-933.0,1.8937066540984675,-0.06499487007999627,0.3935764743274536,-16.10930786734162,132.34662982440216,TRACK
3.492,444.5188134532924,-937.574423056997,1.9441619429356574,2.2994359384204306,-0.40645506580490987,0.4554268335680488,0.6104255247385162,443.0,-937.574423056997,1.5188134532924096,443.0,-933.0,1.891367075962853,-0.052794866972804444,0.3895744752614838,23.926859031925687,96.01760341960536,TRACK
3.544,444.4981499051246,-937.5496628667483,1.931289463419173,2.2877013947710645,-0.40327736697965644,0.46268256849307243,0.6137652596110268,443.0,-937.5496628667483,1.498149905124592,443.0,-933.0,1.8889017764201246,-0.04238768699904849,0.3862347403889732,23.926859031925687,96.01760341960536,TRACK
3.592,444.4792357746866,-937.5264333362975,1.9180600512592343,2.27583226845138,-0.40004582298067265,0.47012566239136944,0.6172963623116595,443.0,-937.5264333362975,1.4792357746865719,443.0,-933.0,1.8866548750376253,-0.03140517622160899,0.3827036376883405,52.67981528780583,70.03207603115106,TRACK
3.644,444.45897034594407,-937.5008404334359,1.906524929425911,2.2633450194604112,-0.39643170916583487,0.4778416036613384,0.6208789722818648,443.0,-937.5008404334359,1.458970345944067,443.0,-933.0,1.8842638460296426,-0.022261083396268422,0.37912102771813516,52.67981528780583,70.03207603115106,TRACK
3.692,444.44048299028503,-937.4768501978931,1.894825721171306,2.250619781987794,-0.3924842459715767,0.48552584321266257,0.6243230155642543,443.0,-937.4768501978931,1.4404829902850338,443.0,-933.0,1.8820973337626243,-0.012728387408681652,0.3756769844357457,52.67981528780583,70.03207603115106,TRACK
3.744,444.42078159378906,-937.450516668049,1.8847624799727898,2.2373818464998836,-0.38772031321982003,0.49283671050060107,0.627068628222086,443.0,-937.450516668049,1.4207815937890587,443.0,-933.0,1.8798094396551743,-0.004953040317615454,0.372931371777914,75.75530793737147,47.334312981362515,TRACK
3.792,444.4030262017599,-937.425948038226,1.874697811892976,2.223038279488429,-0.38148460380570537,0.4994901209511821,0.628506868593035,443.0,-937.425948038226,1.4030262017598716,443.0,-933.0,1.8777757092304665,0.0030778973374905316,0.37149313140696505,94.68534266805344,29.589520673546467,TRACK
3.844,444.38434993179766,-937.3991307680458,1.8661702548316035,2.2076687163393225,-0.3736706556809143,0.5051694356005934,0.6283517467008638,443.0,-937.3991307680458,1.384349931797658,443.0,-933.0,1.875672517927976,0.009502263096372587,0.3716482532991362,94.68534266805344,29.589520673546467,TRACK
3.892,444.36771528222863,-937.3742438883479,1.8565619876977,2.1910693578079794,-0.36418024596675574,0.5098269642707189,0.6265387338783641,443.0,-937.3742438883479,1.3677152822286303,443.0,-933.0,1.87384032095611,0.017278333258410106,0.3734612661216359,111.96081486988594,18.17369030792598,TRACK
3.944,444.35035038939503,-937.3471658922077,1.8507937253841977,2.173700129877641,-0.3535962462583768,0.5136432700271691,0.6235861722426325,443.0,-937.3471658922077,1.3503503893950324,443.0,-933.0,1.8719746136291633,0.021180888244965557,0.37641382775736754,111.96081486988594,18.17369030792598,TRACK
3.992,444.33491189440053,-937.322047461648,1.8440569263930442,2.155750069387391,-0.3424099194028286,0.5170233483488111,0.6201271608656306,443.0,-937.322047461648,1.334911894400534,443.0,-933.0,1.8703625221932423,0.02630559580019809,0.3798728391343694,126.60353581975829,11.46761478929281,TRACK
4.044,444.3187204275452,-937.2946459290115,1.8373190664829833,2.137964532180561,-0.3315474745227295,0.5204985691726141,0.6171243702635137,443.0,-937.2946459290115,1.3187204275452018,443.0,-933.0,1.8687189063087564,0.0313998398257731,0.38287562973648626,126.60353581975829,11.46761478929281,TRACK
4.092,444.3041881695816,-937.2690932402611,1.8327141704413474,2.1205291804863142,-0.3214702394243171,0.5246457587671606,0.6153017853280595,443.0,-937.2690932402611,1.3041881695816073,443.0,-933.0,1.8672870781411621,0.03457290769981469,0.38469821467194054,139.90262056709446,2.107303100249581,TRACK
4.144,444.2887797845394,-937.2410398006232,1.829403319587787,2.103914106578493,-0.3126659395639273,0.5298409715307748,0.6152165837134665,443.0,-937.2410398006232,1.288779784539372,443.0,-933.0,1.8658116640266076,0.03640834443882057,0.38478341628653345,139.90262056709446,2.107303100249581,TRACK
4.192,444.2748527178702,-937.2147103232414,1.8253235477753378,2.087521990204932,-0.30478438851257406,0.5363824040702685,0.6169275539941335,443.0,-937.2147103232414,1.2748527178702034,443.0,-933.0,1.8645239991652969,0.03920045138995909,0.38307244600586654,134.99420454415807,4.10565790517029,TRACK
4.244,444.2600774509904,-937.1856749614288,1.8225797666062558,2.0712592468974864,-0.2975587642240055,0.5440788825381029,0.6201314768582773,443.0,-937.1856749614288,1.2600774509904227,443.0,-933.0,1.8632117651253992,0.04063199851914345,0.3798685231417227,134.99420454415807,4.10565790517029,TRACK
4.292,444.246742080042,-937.1584002866555,1.8206420286339529,2.0550552369855075,-0.2906502765778721,0.5525291105388961,0.6243124228042377,443.0,-937.1584002866555,1.2467420800419973,443.0,-933.0,1.8620814678409594,0.041439439207006545,0.3756875771957623,134.99420454415807,4.10565790517029,TRACK
4.344,444.23260148637667,-937.12841574867,1.8194507515526968,2.0395907223036045,-0.28409975252303876,0.5609629275216188,0.6288020956050296,443.0,-937.12841574867,1.232601486376666,443.0,-933.0,1.860936319038147,0.04148556748545018,0.37119790439497036,136.27620916699632,-3.39218664769777,TRACK
4.392,444.21998418404314,-937.1003876158707,1.818361591692659,2.023370572134493,-0.27666600198858826,0.5689977045510772,0.6326946059836013,443.0,-937.1003876158707,1.2199841840431418,443.0,-933.0,1.8599846002726756,0.04162300858001666,0.3673053940163987,128.87253035125153,0.20224672021376477,TRACK
4.444,444.20685781968274,-937.069742752814,1.8180581108135478,2.0064697232629305,-0.2681834306414489,0.5761120093009474,0.6354741534723436,443.0,-937.069742752814,1.2068578196827389,443.0,-933.0,1.8590794765624594,0.041021365748911576,0.3645258465276564,128.87253035125153,0.20224672021376477,TRACK
4.492,444.1951675609132,-937.041312897308,1.8181242500694572,1.9904472830955844,-0.25956070011145727,0.5817738357771074,0.6370498826914252,443.0,-937.041312897308,1.1951675609132053,443.0,-933.0,1.8583379494565972,0.040213699387140034,0.36295011730857485,126.74980400459165,4.464753737279722,TRACK
4.544,444.1829385477981,-937.0104334387797,1.8186106946392027,1.9755211391330056,-0.25102512027044965,0.5859955025799567,0.6374985019988123,443.0,-937.0104334387797,1.1829385477980736,443.0,-933.0,1.8576277185637604,0.03901702392455775,0.3625014980011877,126.74980400459165,4.464753737279722,TRACK
4.592,444.17194386712976,-936.9819160763998,1.8197404839105538,1.9626716965066546,-0.2433358747156133,0.5888361773640614,0.6371345161709048,443.0,-936.9819160763998,1.1719438671297553,443.0,-933.0,1.857030840427096,0.03729035651654233,0.3628654838290952,123.6949683672695,12.979395607460283,TRACK
4.644,444.1602887583896,-936.9510132109538,1.821134286995547,1.951767749129701,-0.2366161658547653,0.5907435711733345,0.6363687428106714,443.0,-936.9510132109538,1.1602887583895836,443.0,-933.0,1.8564344793416825,0.03530019234613557,0.36363125718932865,123.6949683672695,12.979395607460283,TRACK
4.692,444.14968046465066,-936.9224687891768,1.8224374640578584,1.9429835820922223,-0.23115264965193297,0.5921197300527685,0.6356393019306411,443.0,-936.9224687891768,1.1496804646506575,443.0,-933.0,1.855912028084357,0.03347456402649862,0.3643606980693589,123.6949683672695,12.979395607460283,TRACK
4.744,444.1383406794926,-936.8914746196468,1.824229856303155,1.9354848174912935,-0.2265746992990465,0.5934924271400972,0.6352710881467036,443.0,-936.8914746196468,1.1383406794926145,443.0,-933.0,1.8553782317742533,0.03114837547109839,0.36472891185329637,117.41656793345788,23.740725890347086,TRACK
4.792,444.1279923491667,-936.8627547999275,1.8264006578467147,1.928882747860178,-0.22273012983768914,0.5951854297609535,0.6354954024516973,443.0,-936.8627547999275,1.127992349166675,443.0,-933.0,1.854913816844952,0.028513158998237254,0.36450459754830267,117.41656793345788,23.740725890347086,TRACK
4.844,444.1169528163997,-936.8314704767186,1.8285859596436915,1.9222684149567568,-0.21907913186450187,0.5974380894050534,0.6363394822659241,443.0,-936.8314704767186,1.116952816399703,443.0,-933.0,1.8544558744081912,0.025869914764499624,0.3636605177340759,111.53056778515032,30.973554598215046,TRACK
4.892,444.1069348958754,-936.802404918798,1.8311074958311997,1.9153946956360464,-0.21544877286842162,0.600271117951016,0.637764524551712,443.0,-936.802404918798,1.1069348958753835,443.0,-933.0,1.8540814083413215,0.02297391251012182,0.36223547544828805,111.53056778515032,30.973554598215046,TRACK
4.944,444.09628763408256,-936.7707019235896,1.83354385161434,1.9081489863461167,-0.21170596443157375,0.6035617713395487,0.6396141236702301,443.0,-936.7707019235896,1.0962876340825574,443.0,-933.0,1.8537346807722233,0.020190829157883172,0.3603858763297699,101.45248131946465,39.959722626824735,TRACK
4.992,444.0866138245865,-936.741250521247,1.8366715115572958,1.9011091782453715,-0.20814707112265785,0.6070649601188446,0.641757796229259,443.0,-936.741250521247,1.0866138245864931,443.0,-933.0,1.8534608058081374,0.016789294250841635,0.358242203770741,92.07055530200067,47.85738000392753,TRACK
5.044,444.0762576256656,-936.7091648472741,1.8387818610717566,1.8947312628765047,-0.20500078127407406,0.6105534912026412,0.6440503753144737,443.0,-936.7091648472741,1.0762576256656189,443.0,-933.0,1.853202910241767,0.014421049170010525,0.35594962468552627,92.07055530200067,47.85738000392753,TRACK
5.092,444.06673851220893,-936.6794114391155,1.841520653396382,1.8896949808273775,-0.20266071011651499,0.6138117037717006,0.6464024838380867,443.0,-936.6794114391155,1.0667385122089286,443.0,-933.0,1.8529808427290912,0.011460189332709314,0.35359751616191326,92.07055530200067,47.85738000392753,TRACK
5.144,444.056407245534,-936.6470569211002,1.844023697629416,1.8862355706339144,-0.20126683342628432,0.6167484017851365,0.6487579898097315,443.0,-936.6470569211002,1.0564072455339897,443.0,-933.0,1.8527402826875783,0.008716585058162307,0.35124201019026846,83.5887604956185,55.687936736395656,TRACK
5.192,444.04679488827765,-936.6171013897988,1.8466721494227327,1.8844981108636816,-0.2009135467212615,0.619312210233231,0.651086681633165,443.0,-936.6171013897988,1.0467948882776454,443.0,-933.0,1.852501671327619,0.005829521904886281,0.34891331836683503,75.90618696920154,63.53748913522048,TRACK
5.244,444.03628227137,-936.584562761047,1.8490419465346788,1.8840731332312148,-0.20135180378567563,0.621562937865698,0.6533628659603964,443.0,-936.584562761047,1.0362822713699984,443.0,-933.0,1.8522195510949824,0.003177604560303582,0.3466371340396036,75.90618696920154,63.53748913522048,TRACK
5.292,444.02648302549136,-936.5544575412565,1.8518651426830097,1.88456867737427,-0.2023315069924343,0.6235331372515545,0.6555391765353124,443.0,-936.5544575412565,1.026483025491359,443.0,-933.0,1.8519349778233187,6.983514030900473e-05,0.34446082346468765,68.82503662315241,71.15434712652359,TRACK
5.344,444.0157980279799,-936.5217747579951,1.854164052661614,1.8853446428253633,-0.2034337320261671,0.6252768111652873,0.6575381159348291,443.0,-936.5217747579951,1.0157980279798835,443.0,-933.0,1.851608221229369,-0.002555831432245137,0.34246188406517086,68.82503662315241,71.15434712652359,TRACK
5.392,444.005901312926,-936.4915557561113,1.856147246011194,1.8860279406985974,-0.20439547308470557,0.626776815993326,0.6592622289227954,443.0,-936.4915557561113,1.005901312926028,443.0,-933.0,1.8512960485513097,-0.004851197459884382,0.3407377710772046,60.92026167022914,79.9691960749669,TRACK
5.444,443.99516001161516,-936.458786094897,1.857682557203199,1.8865600019654494,-0.2051542778667016,0.6279699577994342,0.6606319290086053,443.0,-936.458786094897,0.9951600116151553,443.0,-933.0,1.8509488277391213,-0.006733729464077687,0.33936807099139465,60.92026167022914,79.9691960749669,TRACK
5.492,443.9852477207297,-936.4285273630926,1.8597601907443342,1.8868421603728913,-0.2056274016530104,0.6288170586437583,0.6615841001353918,443.0,-936.4285273630926,0.985247720729717,443.0,-933.0,1.8506238642119988,-0.009136326532335426,0.3384158998646082,59.09161849124108,83.50656427689039,TRACK
5.544,443.9745039104539,-936.3957573624189,1.86100097491349,1.8871107520251222,-0.20597191870011766,0.6292984003455132,0.6621487053301771,443.0,-936.3957573624189,0.9745039104539046,443.0,-933.0,1.8502629158407424,-0.010738059072747497,0.3378512946698229,59.09161849124108,83.50656427689039,TRACK
5.592,443.96455705485886,-936.3655320265891,1.8624349396830315,1.8876754731306873,-0.20641090253562455,0.6294370339832125,0.6624171196724575,443.0,-936.3655320265891,0.964557054858858,443.0,-933.0,1.84991344728697,-0.012521492396061484,0.33758288032754247,55.07086016438032,89.963049132418,TRACK
5.644,443.95369252556065,-936.3328194077308,1.8635796595448604,1.8889988610557469,-0.20729372615529254,0.6293151605586866,0.6625769843666101,443.0,-936.3328194077308,0.9536925255606548,443.0,-933.0,1.8495005035318262,-0.014079156013034222,0.33742301563338994,55.07086016438032,89.963049132418,TRACK
5.692,443.94354305127194,-936.3026417041233,1.8647564517632715,1.89118331977764,-0.20874750535611591,0.6291006098343411,0.662829614822951,443.0,-936.3026417041233,0.9435430512719449,443.0,-933.0,1.8490767081275503,-0.01567974363572122,0.337170385177049,52.79265183622412,94.36362384199077,TRACK
5.744,443.93237369697033,-936.269945413531,1.8653765455985325,1.8942658469621325,-0.21086422474234257,0.6289865830712542,0.6633911688889451,443.0,-936.269945413531,0.9323736969703305,443.0,-933.0,1.8485597188894116,-0.01681682670912088,0.3366088311110549,52.79265183622412,94.36362384199077,TRACK
5.792,443.92190656177564,-936.2397226960129,1.8660758947545704,1.8977531175967437,-0.2133846068771202,0.6292152608990256,0.6644131508333742,443.0,-936.2397226960129,0.9219065617756428,443.0,-933.0,1.8480316523043538,-0.01804424245021652,0.33558684916662584,50.46795263219837,97.2975852996613,TRACK
5.844,443.91040232155876,-936.2069001712155,1.8663827164036162,1.9013251790468781,-0.21613238054527908,0.6299107595671254,0.6659585354499199,443.0,-936.2069001712155,0.9104023215587631,443.0,-933.0,1.8474072522789928,-0.018975464124623365,0.3340414645500801,50.46795263219837,97.2975852996613,TRACK
5.892,443.8996460075888,-936.1765004952939,1.8665986180870422,1.9046880187753537,-0.21891750338551932,0.6311062973133243,0.6679970297816323,443.0,-936.1765004952939,0.8996460075887853,443.0,-933.0,1.8467877140706102,-0.01981090401643204,0.33200297021836767,48.07965240611891,98.66971396473728,TRACK
5.944,443.88788317708736,-936.1434403462039,1.8666130871978008,1.9074859439622978,-0.22146927480633347,0.6327393275135036,0.6703787707449305,443.0,-936.1434403462039,0.8878831770873603,443.0,-933.0,1.8460809020539806,-0.02053218514382027,0.32962122925506954,48.07965240611891,98.66971396473728,TRACK
5.992,443.87693867888186,-936.1128099193869,1.8664323031147836,1.9097701515760417,-0.22375866137258194,0.6346274250908479,0.6729189455028664,443.0,-936.1128099193869,0.8769386788818565,443.0,-933.0,1.8453986376179665,-0.021033665496817067,0.32708105449713365,46.369191335996405,98.96410166069818,TRACK
6.044,443.86499912296426,-936.0795268190761,1.8660946004855694,1.9116922626181978,-0.22580552549136096,0.6365286937853795,0.6753938949639322,443.0,-936.0795268190761,0.8649991229642637,443.0,-933.0,1.8446273772201802,-0.02146722326538919,0.3246061050360678,46.369191335996405,98.96410166069818,TRACK
6.092,443.8539113456172,-936.0487390514578,1.865547180736946,1.9133753946997805,-0.22762196805855406,0.6382377898441909,0.6776128959280859,443.0,-936.0487390514578,0.8539113456171776,443.0,-933.0,1.8438854509704057,-0.02166172976654024,0.32238710407191407,45.98195484907805,98.78051733897797,TRACK
6.144,443.8418097708363,-936.0153550869358,1.8648840873646857,1.9151992652005372,-0.22940718641719185,0.6395543246047944,0.6794537447836659,443.0,-936.0153550869358,0.841809770836278,443.0,-933.0,1.8430392329959204,-0.021844854368765265,0.32054625521633406,45.98195484907805,98.78051733897797,TRACK
6.192,443.83054248464066,-935.9845426440314,1.8638588367781448,1.9173656562044303,-0.2312719663475592,0.6403843738372227,0.6808662634270832,443.0,-935.9845426440314,0.8305424846406595,443.0,-931.0,1.735903109986258,-0.12795572679188671,0.31913373657291677,46.67882586395319,98.39424750819,TRACK
6.244,443.818223132968,-935.951188675626,1.8630603663766556,1.9199068248081808,-0.233245491307271,0.6407477072615528,0.681880549345783,443.0,-935.951188675626,0.8182231329680008,443.0,-931.0,1.734574017652886,-0.12848634872376952,0.318119450654217,46.67882586395319,98.39424750819,TRACK
6.292,443.80674706719356,-935.9204336513778,1.8619116909428386,1.9227235105366052,-0.23528921562172445,0.6407413948627778,0.6825764060371443,443.0,-935.9204336513778,0.8067470671935553,443.0,-931.0,1.7333089086214724,-0.12860278232136624,0.3174235939628557,-315.3464506049489,461.65006174122766,TRACK
6.344,443.79310763611215,-935.8874708482248,1.8597981893273832,1.9369104765557363,-0.24474185320201272,0.6383469278832867,0.683655889352813,443.0,-935.8874708482248,0.7931076361121541,443.0,-931.0,1.7316676772400856,-0.12813051208729753,0.31634411064718704,-315.3464506049489,461.65006174122766,TRACK
6.392,443.7791641354063,-935.8574189919965,1.8546877860245163,1.9609618692812638,-0.2607535638948977,0.6340536214553679,0.685577432508216,443.0,-935.8574189919965,0.7791641354062904,443.0,-931.0,1.7298484301597206,-0.12483935586479578,0.314422567491784,-99.30386282180447,245.97325379346702,TRACK
6.444,443.7632928692698,-935.8250322569049,1.8464321761341136,1.9840550320977748,-0.2763156462966847,0.63012249398536,0.6880441074630933,443.0,-935.8250322569049,0.763292869269776,443.0,-931.0,1.7276905211393108,-0.11874165499480283,0.3119558925369067,-99.30386282180447,245.97325379346702,TRACK
6.492,443.7483478035205,-935.7951516698438,1.8389675930672293,2.0018673398358944,-0.28857960784786113,0.6274589017446527,0.6906394598082497,443.0,-935.7951516698438,0.7483478035205167,443.0,-931.0,1.7256109371782324,-0.1133566558889969,0.3093605401917503,-69.99638014592888,213.41494317146788,TRACK
6.544,443.7319089955923,-935.7627709897628,1.8322559020478377,2.01550840637418,-0.2982225676950265,0.6257951712947301,0.6932216790453218,443.0,-935.7627709897628,0.7319089955922777,443.0,-931.0,1.7232764367671056,-0.1089794652807321,0.30677832095467816,-69.99638014592888,213.41494317146788,TRACK
6.592,443.7164896073308,-935.7328707614164,1.8217117573115909,2.0265809411542435,-0.3062777084083754,0.6247893597005795,0.6958216572247129,443.0,-935.7328707614164,0.7164896073308,443.0,-931.0,1.7210413410751437,-0.10067041623644712,0.3041783427752871,-56.76658772871936,198.60605726448955,TRACK
6.644,443.6994915897157,-935.700467613852,1.8120796897665108,2.036216950150439,-0.3134902444131933,0.6242111924120699,0.6985096606881982,443.0,-935.700467613852,0.6994915897157057,443.0,-931.0,1.7185253804319636,-0.09355430933454723,0.3014903393118018,-56.76658772871936,198.60605726448955,TRACK
6.692,443.68349533963277,-935.6705499151819,1.804513276699633,2.045238692225901,-0.32040798238997764,0.6238871612035035,0.7013533097475071,443.0,-935.6705499151819,0.6834953396327705,443.0,-931.0,1.716106385662524,-0.08840689103710897,0.2986466902524929,-24.64356234407795,165.5548055383352,TRACK
6.744,443.6659370136699,-935.6381016668685,1.792862477655788,2.052839928241092,-0.32644622868807016,0.6239283261229531,0.7041687982034236,443.0,-935.6381016668685,0.6659370136699181,443.0,-931.0,1.713401366599006,-0.079461111056782,0.2958312017965764,-24.64356234407795,165.5548055383352,TRACK
6.792,443.6495621012956,-935.6081028163225,1.7850778690689661,2.0590474701850203,-0.3315904513766426,0.6242950305445597,0.7068921506190307,443.0,-935.6081028163225,0.6495621012956008,443.0,-931.0,1.710834525477757,-0.0742433435912091,0.29310784938096934,-8.591373954600812,148.2603289936557,TRACK
6.844,443.63179521089836,-935.5755225314147,1.7757506609022622,2.0629201839535756,-0.33511863260701114,0.6250821490410402,0.709247623168494,443.0,-935.5755225314147,0.6317952108983604,443.0,-931.0,1.7080101965936743,-0.06774046430858793,0.290752376831506,-8.591373954600812,148.2603289936557,TRACK
6.892,443.61543157146497,-935.5453646796102,1.7642599849717029,2.064686108821247,-0.33714531539638454,0.6262043996175355,0.7111954118201872,443.0,-935.5453646796102,0.615431571464967,443.0,-931.0,1.7053755397756618,-0.05888444519604108,0.2888045881798128,2.612681370095288,136.84003401500843,TRACK
6.944,443.59794635034945,-935.5125687063362,1.7543178015609502,2.0632555896458107,-0.3368334432851974,0.6277749875572061,0.712431192128624,443.0,-935.5125687063362,0.5979463503494458,443.0,-931.0,1.7025357430505903,-0.051782058510359885,0.28756880787137595,2.612681370095288,136.84003401500843,TRACK
6.992,443.58199241729835,-935.4821939267438,1.746825190110596,2.060159472216981,-0.3352724999662707,0.6295365097735866,0.713248810985018,443.0,-935.4821939267438,0.5819924172983519,443.0,-931.0,1.699919330947042,-0.04690585916355405,0.286751189014982,33.863199220514936,106.96073748275947,TRACK
7.044,443.5650553433276,-935.4491556583196,1.7380259165584224,2.0546795514596647,-0.33192666131986626,0.6315716919003784,0.7134830835449848,443.0,-935.4491556583196,0.5650553433275718,443.0,-931.0,1.6971228464060661,-0.04090307015235628,0.2865169164550152,33.863199220514936,106.96073748275947,TRACK
7.092,443.549658871123,-935.418556332836,1.7289070124270889,2.0484810264819506,-0.32801827301645337,0.6336416813860271,0.7135108743546996,443.0,-935.418556332836,0.549658871122972,443.0,-931.0,1.6945583831163809,-0.034348629310708034,0.2864891256453004,39.58783828086604,103.17031827948207,TRACK
7.144,443.53318617951237,-935.3853044917469,1.7186834747793354,2.042274817871186,-0.32408576330128364,0.6356775617703155,0.7135247329370082,443.0,-935.3853044917469,0.53318617951237,443.0,-931.0,1.6917872188341674,-0.02689625594516798,0.28647526706299176,39.58783828086604,103.17031827948207,TRACK
7.192,443.51812190391644,-935.3545223449465,1.710885158317053,2.0365465170359274,-0.32049942236617535,0.6376435689031401,0.7136590227136386,443.0,-935.3545223449465,0.5181219039164375,443.0,-931.0,1.6892243292661957,-0.02166082905085731,0.28634097728636143,65.76488687478094,77.98074308630605,TRACK
7.244,443.50203223760184,-935.3210668781458,1.7029121992377387,2.0304284436004085,-0.3166204555016624,0.6396493463307142,0.7137224944636327,443.0,-935.3210668781458,0.5020322376018385,443.0,-931.0,1.6864602357247713,-0.016451963512967405,0.2862775055363673,65.76488687478094,77.98074308630605,TRACK
7.292,443.48740453851684,-935.2900803346133,1.696932235526951,2.0239245718852916,-0.3124636019041832,0.6417156217056393,0.7137453619155721,443.0,-935.2900803346133,0.4874045385168415,443.0,-931.0,1.683923239531258,-0.01300899599569294,0.28625463808442786,72.94943801997577,70.61194907049334,TRACK
7.344,443.4718559607079,-935.256388561886,1.688750907122484,2.0166609585365465,-0.30775523033637164,0.643886701312087,0.7136549347730694,443.0,-935.256388561886,0.4718559607078987,443.0,-931.0,1.6812038038508568,-0.00754710327162722,0.2863450652269306,72.94943801997577,70.61194907049334,TRACK
7.392,443.4578261467038,-935.2251648519366,1.6826048711320034,2.008416740472702,-0.3023416268320032,0.646199240900263,0.7134310886522247,443.0,-935.2251648519366,0.4578261467037805,443.0,-931.0,1.6787321980582743,-0.0038726730737290715,0.2865689113477753,82.32639465217116,61.506500547032545,TRACK
7.444,443.44302752635934,-935.1911925856532,1.677792007291404,1.9990445709476876,-0.2961281559129691,0.6486889911849751,0.7130843512579675,443.0,-935.1911925856532,0.4430275263593444,443.0,-931.0,1.676109658823861,-0.0016823484675430045,0.28691564874203246,82.32639465217116,61.506500547032545,TRACK
7.492,443.42978143327423,-935.1596888400234,1.6710353844995205,1.9884755212571867,-0.2890693967557286,0.651362656154441,0.7126250248014655,443.0,-935.1596888400234,0.42978143327422913,443.0,-931.0,1.6737515826722624,0.002716198172741935,0.2873749751985345,84.62818595991213,59.78804664160195,TRACK
7.544,443.41587001046025,-935.1254001816824,1.6670396236942933,1.9771969164228111,-0.2815296845237555,0.6541747730262395,0.7121822778839538,443.0,-935.1254001816824,0.41587001046025307,443.0,-931.0,1.6712641157933539,0.004224492099060617,0.28781772211604617,84.62818595991213,59.78804664160195,TRACK
7.592,443.40340050846737,-935.0936051140012,1.6619930364670186,1.965776525137391,-0.27391774697187377,0.6570526376422778,0.7118631193837913,443.0,-935.0936051140012,0.40340050846737086,443.0,-931.0,1.6690232575007728,0.00703022103375428,0.2881368806162087,93.15899145511747,51.72319303990651,TRACK
7.644,443.39024437031804,-935.0590130314823,1.6577721574771613,1.954735257387186,-0.26659746538295676,0.6599155391138138,0.7117322019639777,443.0,-935.0590130314823,0.3902443703180438,443.0,-931.0,1.6666444049818707,0.008872247504709385,0.2882677980360223,93.15899145511747,51.72319303990651,TRACK
7.692,443.37839706711156,-935.0269552484506,1.6535551240979622,1.9442519698487437,-0.25967493837950417,0.6626997683637942,0.7117598307096473,443.0,-935.0269552484506,0.37839706711156396,443.0,-931.0,1.6644872685819025,0.01093214448394031,0.2882401692903527,96.91023854198981,47.5970058342093,TRACK
7.744,443.3658444449768,-934.9921052635382,1.650097527056597,1.9345409615043423,-0.253277512776812,0.6653220555776098,0.7119009313917382,443.0,-934.9921052635382,0.36584444497680124,443.0,-931.0,1.6621830511833728,0.012085524126775882,0.28809906860826184,96.91023854198981,47.5970058342093,TRACK
7.792,443.3545152145565,-934.959837052447,1.6468151938259077,1.9254033930802308,-0.24723935511962564,0.6677483753317488,0.7120499922604862,443.0,-934.959837052447,0.3545152145564998,443.0,-931.0,1.6600860039324776,0.013270810106569941,0.28795000773951385,98.19457271671504,45.67770685700631,TRACK
7.844,443.34253075591795,-934.9247861469731,1.6440723283731784,1.916597724169646,-0.24137020627954237,0.6699560000399278,0.7121099763863223,443.0,-934.9247861469731,0.3425307559179487,443.0,-931.0,1.657849491992065,0.01377716361888659,0.28789002361367766,98.19457271671504,45.67770685700631,TRACK
7.892,443.33176481660297,-934.8923533848553,1.641025190939349,1.9077444595115907,-0.2353922749200897,0.6719602904688144,0.7119972998958554,443.0,-934.8923533848553,0.33176481660296986,443.0,-931.0,1.6558258303361433,0.014800639396794324,0.28800270010414464,97.4762889692619,46.32392557605303,TRACK
7.944,443.32045262610444,-934.8571383941247,1.6394245347862753,1.8986058005267412,-0.22914472243815903,0.6737981648756565,0.7116960522660382,443.0,-934.8571383941247,0.3204526261044407,443.0,-931.0,1.653686371021842,0.01426183623556665,0.28830394773396184,97.4762889692619,46.32392557605303,TRACK
7.992,443.31034980654096,-934.8245614064476,1.6373971619432395,1.889133162640667,-0.22261046223521735,0.6755093423146183,0.7112441841244858,443.0,-934.8245614064476,0.31034980654095534,443.0,-931.0,1.6517654261906825,0.014368264247442974,0.28875581587551424,96.09231586570785,48.384963429228904,TRACK
8.044,443.29977111257693,-934.7891912406146,1.6358506605996315,1.8794429180752805,-0.21589954828764935,0.6771494963804721,0.7107348699755331,443.0,-934.7891912406146,0.29977111257693423,443.0,-931.0,1.6497440588403147,0.013893398240683252,0.28926513002446685,96.09231586570785,48.384963429228904,TRACK
8.092,443.29031702576515,-934.7564682669255,1.6343723234826881,1.8698657118153226,-0.20927075605624534,0.6787521891306686,0.7102807779955949,443.0,-934.7564682669255,0.2903170257651482,443.0,-931.0,1.647927572390549,0.013555248907860973,0.28971922200440514,94.24133481024923,50.923341946156526,TRACK
8.144,443.28037076893634,-934.7209362946882,1.6331164694407647,1.8607259778296745,-0.2029719508612547,0.6803464283784526,0.7099780809600678,443.0,-934.7209362946882,0.2803707689363364,443.0,-931.0,1.6460037317635052,0.012887262322740511,0.29002191903993224,94.24133481024923,50.923341946156526,TRACK
8.192,443.27141525822816,-934.6880606747385,1.6324013383936777,1.85233511326448,-0.1972323669736022,0.6819432405789593,0.7098923791345714,443.0,-934.6880606747385,0.27141525822815993,443.0,-931.0,1.6442568471799401,0.011855508786262403,0.29010762086542863,91.55090208560468,53.52997877497181,TRACK
8.244,443.2619178158376,-934.6523632699323,1.6317014177417566,1.8448040178646428,-0.19212613154628,0.683534100264393,0.7100220536343865,443.0,-934.6523632699323,0.26191781583759166,443.0,-931.0,1.64238565071818,0.010684232976423402,0.28997794636561347,91.55090208560468,53.52997877497181,TRACK
8.292,443.25331373423575,-934.6193373588869,1.6311803862789358,1.8380963444202516,-0.1876200805185375,0.6851110998774782,0.7103369016101517,443.0,-934.6193373588869,0.2533137342357463,443.0,-931.0,1.6406713633137207,0.009490977034784853,0.2896630983898483,85.709968275814,58.57626605003377,TRACK
8.344,443.24416313489263,-934.5834830079997,1.6307770016242176,1.8319928923503233,-0.18354362483878928,0.6866495766613636,0.7107572745657916,443.0,-934.5834830079997,0.24416313489263075,443.0,-931.0,1.6388268833788937,0.008049881754676136,0.28924272543420837,85.709968275814,58.57626605003377,TRACK
8.392,443.2358726438521,-934.5503205447591,1.6303892019710442,1.826308224970524,-0.1797548533159234,0.6881318526260348,0.7112223659933425,443.0,-934.5503205447591,0.23587264385207618,443.0,-931.0,1.6371358360354187,0.006746634064374479,0.28877763400665746,80.80684331951805,62.6853509801477,TRACK
8.444,443.2270807782469,-934.5143281206873,1.630178248966979,1.820724971908559,-0.17601667315182007,0.6895424046899555,0.7116534248445946,443.0,-934.5143281206873,0.22708077824688644,443.0,-931.0,1.635322325722394,0.005144076755415172,0.2883465751554054,80.80684331951805,62.6853509801477,TRACK
8.492,443.2191472847594,-934.4810485991745,1.6299529530936647,1.815152032385529,-0.17225922756159492,0.6908657407458373,0.7120173545753024,443.0,-934.4810485991745,0.21914728475940137,443.0,-931.0,1.6336677440812795,0.0037147909876147356,0.28798264542469765,76.08980616530042,67.10516059890068,TRACK
8.544,443.210755800761,-934.444941043066,1.6298530573834946,1.8095452865278936,-0.16844964021211606,0.6920943591381916,0.7122990125210729,443.0,-934.444941043066,0.21075580076097822,443.0,-931.0,1.6318985194824165,0.0020454620989218686,0.28770098747892714,76.08980616530042,67.10516059890068,TRACK
8.592,443.20318004201306,-934.4115671097043,1.629827071446681,1.8041046237701257,-0.1647321736747835,0.6932129308693145,0.7125172675578073,443.0,-934.4115671097043,0.2031800420130594,443.0,-931.0,1.6302822822894578,0.0004552108427768875,0.2874827324421927,71.4772351628099,71.86418669649319,TRACK
8.644,443.1951310483401,-934.3753710493951,1.6297743665236757,1.7990282627553311,-0.16125183184120992,0.6942157340691538,0.7126974383995778,443.0,-934.3753710493951,0.19513104834010164,443.0,-931.0,1.6285423057451534,-0.001232060778522337,0.2873025616004222,71.4772351628099,71.86418669649319,TRACK
8.692,443.1878106194879,-934.3419283478509,1.6296195715329471,1.7945685003319518,-0.15819181774415553,0.6950932592383049,0.7128669512887587,443.0,-934.3419283478509,0.18781061948789102,443.0,-931.0,1.6269355543219526,-0.002684017210994538,0.28713304871124135,66.6530792853497,76.86976008372356,TRACK
8.744,443.179956481904,-934.3056724716173,1.6296696903322119,1.7909134911623625,-0.1556890691174856,0.6958405546922735,0.7130449942304623,443.0,-934.3056724716173,0.17995648190401425,443.0,-931.0,1.6251813354756792,-0.00448835485653265,0.2869550057695377,66.6530792853497,76.86976008372356,TRACK
8.792,443.172760118679,-934.2721861455782,1.6294607353406627,1.7879608240409035,-0.1536713767755753,0.69646748791849,0.7132193588003574,443.0,-934.2721861455782,0.17276011867897978,443.0,-931.0,1.623543895982993,-0.005916839357669623,0.28678064119964264,62.1606378594511,81.35838145664053,TRACK
8.844,443.16500575674615,-934.2358933208865,1.629277871799384,1.785625844080353,-0.15207921560583312,0.6969824948797079,0.7133811645873667,443.0,-934.2358933208865,0.16500575674615447,443.0,-931.0,1.6217445337090852,-0.00753333809029888,0.28661883541263333,62.1606378594511,81.35838145664053,TRACK
8.892,443.1578960350729,-934.2023794854694,1.6289432465636704,1.7836001355560365,-0.15069321067797628,0.6974103382550125,0.7135051672198373,443.0,-934.2023794854694,0.15789603507289485,443.0,-931.0,1.6200622773715336,-0.008880969192136767,0.28649483278016274,58.318211036103754,85.15990591220562,TRACK
8.944,443.1502527573257,-934.1660603013515,1.628621868398365,1.781715622564614,-0.14939572562380507,0.6977727668125917,0.7135866569239946,443.0,-934.1660603013515,0.15025275732568844,443.0,-931.0,1.61821807356332,-0.010403794835045055,0.2864133430760054,58.318211036103754,85.15990591220562,TRACK
8.992,443.1432696893419,-934.1325227011367,1.6282464955875133,1.7797427514286848,-0.14802542570409177,0.6980972999944313,0.7136185023627067,443.0,-934.1325227011367,0.1432696893418779,443.0,-931.0,1.6165006778909672,-0.011745817696546146,0.28638149763729326,54.70517742124061,88.86965753829426,TRACK
9.044,443.13578272912787,-934.0961761076367,1.6277512554087084,1.777712731258092,-0.1466095281481102,0.698403778169933,0.713626086340633,443.0,-934.0961761076367,0.13578272912786815,443.0,-931.0,1.6146232204450306,-0.01312803496367776,0.28637391365936704,54.70517742124061,88.86965753829426,TRACK
9.092,443.12894501421573,-934.0626110322528,1.6271719081446183,1.7756298199594365,-0.14515453119727398,0.6987077971512211,0.7136262493259425,443.0,-934.0626110322528,0.12894501421573068,443.0,-931.0,1.612874443117093,-0.01429746502752538,0.28637375067405746,51.261165121150164,92.47093991791976,TRACK
9.144,443.1215947040023,-934.0262329979598,1.6264742596797226,1.7737172082652115,-0.14382368709945634,0.6990122220432579,0.7136549162842887,443.0,-934.0262329979598,0.12159470400229111,443.0,-931.0,1.610954943533272,-0.015519316146450635,0.2863450837157113,51.261165121150164,92.47093991791976,TRACK
9.192,443.1148465548675,-933.9926388448422,1.6253861457166958,1.7720766994063715,-0.1426906507226186,0.6993153108108591,0.7137244046115648,443.0,-933.9926388448422,0.11484655486748352,443.0,-929.0,1.593795447699503,-0.03159069801719272,0.28627559538843517,48.57396202572527,95.16410289313774,TRACK
9.244,443.1075486552866,-933.9562318328113,1.6246096435881672,1.7708691267009307,-0.1418694009178143,0.6996021483885404,0.7138417842537944,443.0,-933.9562318328113,0.10754865528662094,443.0,-929.0,1.5924926039225145,-0.032117039665652714,0.2861582157462056,48.57396202572527,95.16410289313774,TRACK
9.292,443.1008120606788,-933.922615546407,1.6234190850780246,1.7700652965745625,-0.14133611294544124,0.6998601514843953,0.7139888853884823,443.0,-933.922615546407,0.10081206067877702,443.0,-929.0,1.5912728335614252,-0.03214625151659933,0.28601111461151774,-3.2895551561101826,146.84317083526844,TRACK
9.344,443.0932202815727,-933.8862055502901,1.621812171868902,1.772270691773587,-0.14296698662843407,0.6999763800205459,0.714427387389567,443.0,-933.8862055502901,0.09322028157271234,443.0,-929.0,1.5898722688487057,-0.031939903020196336,0.285572612610433,-3.2895551561101826,146.84317083526844,TRACK
9.392,443.08607327503523,-933.8526006765672,1.6203199736554021,1.775102470749175,-0.14504213064427146,0.7000201845760166,0.7148884377828965,443.0,-933.8526006765672,0.08607327503523265,443.0,-929.0,1.588532022694589,-0.031787950960813216,0.28511156221710354,30.448169035216182,112.62238592584757,TRACK
9.444,443.07846401859956,-933.8161929856174,1.6182447151050092,1.7757079689898168,-0.14549353400502624,0.7000648859832626,0.7150239247913528,443.0,-933.8161929856174,0.07846401859956131,443.0,-929.0,1.587086595472022,-0.031158119632987313,0.2849760752086472,30.448169035216182,112.62238592584757,TRACK
9.492,443.07146296864573,-933.7825945274162,1.6158555071373841,1.7758909662164089,-0.14562011968326607,0.7000309336057706,0.7150164524411557,443.0,-933.7825945274162,0.07146296864573287,443.0,-929.0,1.5857375162224554,-0.030117990914928727,0.28498354755884425,32.618601202368765,110.34873704575149,TRACK
9.544,443.0638738733095,-933.7462115512243,1.6134522979166248,1.7760819977637547,-0.14573352717268329,0.6999055235202083,0.7149167803292129,443.0,-933.7462115512243,0.06387387330948968,443.0,-929.0,1.584253379200926,-0.029198918715698907,0.2850832196707871,32.618601202368765,110.34873704575149,TRACK
9.592,443.0568169712016,-933.7126465284698,1.6102191370028986,1.7767614225920423,-0.14618337053217906,0.6996835478729396,0.7147913296789579,443.0,-933.7126465284698,0.05681697120161289,443.0,-929.0,1.5828520195450342,-0.027367117457864465,0.28520867032104213,37.98985979560184,105.6864039680984,TRACK
9.644,443.0491159959613,-933.6763042426848,1.608004567681055,1.7777576417561978,-0.14685267804032068,0.6994058450552743,0.7146567323863229,443.0,-933.6763042426848,0.04911599596130145,443.0,-929.0,1.5812991057910282,-0.02670546189002687,0.2853432676136771,37.98985979560184,105.6864039680984,TRACK
9.692,443.0419682696388,-933.6427741000534,1.6049943428754812,1.7788310561712726,-0.14757307849444196,0.6991044226393089,0.7145101869463921,443.0,-933.6427741000534,0.04196826963880085,443.0,-929.0,1.5798355618908926,-0.02515878098458857,0.2854898130536079,42.55385005620188,101.31315368431957,TRACK
9.744,443.03422389136153,-933.6064653339218,1.6021887376385167,1.7795686763644958,-0.14804812404144652,0.6988038006011996,0.7143143557054363,443.0,-933.6064653339218,0.0342238913615347,443.0,-929.0,1.5782257242189572,-0.02396301341955942,0.28568564429456367,42.55385005620188,101.31315368431957,TRACK
9.792,443.02711297136483,-933.5729613612508,1.5991447459383046,1.7796964475902544,-0.14808173893625065,0.6985222711171274,0.7140459121464204,443.0,-933.5729613612508,0.027112971364829264,443.0,-929.0,1.5767252318372331,-0.022419514101071458,0.28595408785357956,46.867403523752344,97.13366544631047,TRACK
9.844,443.0195109499552,-933.5366752836461,1.5962644973501638,1.7788626891527777,-0.14742058210420933,0.6982726908731542,0.7136648925421367,443.0,-933.5366752836461,0.019510949955190426,443.0,-929.0,1.5750970158334852,-0.021167481516678688,0.2863351074578633,46.867403523752344,97.13366544631047,TRACK
9.892,443.01261405052156,-933.5031879944893,1.592608569735312,1.7771320945526023,-0.1461132700712689,0.6980553991693907,0.7131833060304041,443.0,-933.5031879944893,0.012614050521563058,443.0,-929.0,1.5735974573596516,-0.019011112375660444,0.28681669396959586,51.00147662483718,93.40238215695709,TRACK
9.944,443.00528865752557,-933.4669164899606,1.5902868377575718,1.7746659306632382,-0.14427915532705846,0.6978711360956754,0.7126293547541794,443.0,-933.4669164899606,0.0052886575255683965,443.0,-929.0,1.571980287826249,-0.018306549931322857,0.28737064524582057,51.00147662483718,93.40238215695709,TRACK
9.992,442.9986596573326,-933.4334403056033,1.5871327561105426,1.7717383478487654,-0.14211791070291221,0.6977134160671737,0.7120403861458183,443.0,-933.4334403056033,0.0013403426673903596,443.0,-929.0,1.570494001166454,-0.016638754944088507,0.2879596138541817,55.32753394363411,89.61666609460787,TRACK
10.044,442.9916044423691,-933.3971792243238,1.584287571054806,1.7686714220612287,-0.13986366574959008,0.6975786905938953,0.7114617871450346,443.0,-933.3971792243238,0.008395557630876738,443.0,-929.0,1.5688870238075168,-0.015400547247289342,0.2885382128549654,55.32753394363411,89.61666609460787,TRACK
10.092,442.98516577548406,-933.3637123158951,1.581210301579251,1.765942124690381,-0.1378599954407977,0.6974556895123322,0.7109499399930065,443.0,-933.3637123158951,0.014834224515936967,443.0,-929.0,1.567396889274793,-0.013813412304457984,0.2890500600069935,59.56814142424629,85.68692102585258,TRACK
10.144,442.9782568192558,-933.3274621288978,1.5784674042345956,1.7635601701293628,-0.1361115870343169,0.697337841434316,0.7104973111991851,443.0,-933.3274621288978,0.021743180744181245,443.0,-929.0,1.5657719043670002,-0.012695499867595439,0.28950268880081487,59.56814142424629,85.68692102585258,TRACK
10.192,442.9719416801367,-933.2940062226415,1.5755875505164432,1.7613929231425365,-0.1345204209825856,0.6972189133839245,0.7100774301733527,443.0,-933.2940062226415,0.028058319863305314,443.0,-929.0,1.5642621209547523,-0.011325429561690914,0.2899225698266473,62.86029597504179,82.34444115502566,TRACK
10.244,442.96518868708586,-933.2577706824012,1.5729699317170043,1.7591741849832991,-0.1328911114808619,0.6970853530095314,0.7096393710125178,443.0,-933.2577706824012,0.034811312914143855,443.0,-929.0,1.5626205606781471,-0.010349371038857136,0.29036062898748216,62.86029597504179,82.34444115502566,TRACK
10.292,442.9590498881792,-933.2243324648805,1.570223186495782,1.7567925065117649,-0.1311412978235314,0.6969258155447134,0.7091569871104029,443.0,-933.2243324648805,0.040950111820791335,443.0,-929.0,1.5611027646698898,-0.009120421825892233,0.29084301288959713,65.38108146283297,79.85181480076908,TRACK
10.344,442.95255094760347,-933.1881208789034,1.5677578134131345,1.7538515953035227,-0.12898471284507573,0.6967336087958902,0.7085723518268767,443.0,-933.1881208789034,0.04744905239653008,443.0,-929.0,1.5594673743126461,-0.008290439100488323,0.2914276481731233,65.38108146283297,79.85181480076908,TRACK
10.392,442.9467045949797,-933.1547091155418,1.5648088527332396,1.750417129638332,-0.126469717897779,0.6965042868959646,0.7078932202031603,443.0,-933.1547091155418,0.053295405020321596,443.0,-929.0,1.5579693200006357,-0.006839532732603848,0.29210677979683974,67.82458572496343,77.77939366403238,TRACK
10.444,442.9405544195147,-933.1185296861172,1.5623290562418417,1.7464911286925633,-0.12360072841717887,0.6962431768401174,0.7071291970790601,443.0,-933.1185296861172,0.059445580485316896,443.0,-929.0,1.5563636390630315,-0.005965417178810162,0.2928708029209399,67.82458572496343,77.77939366403238,TRACK
10.492,442.9350494680471,-933.0851497793205,1.5605752233114778,1.7422135428611363,-0.12048074458887562,0.6959532186716768,0.7063048154983489,443.0,-933.0851497793205,0.06495053195288847,443.0,-929.0,1.5548984862078217,-0.0056767371036561265,0.2936951845016511,71.87045977585075,74.32726000262653,TRACK
10.544,442.9292514478013,-933.0490052273879,1.5579380926932065,1.7378967670300962,-0.11733762025280509,0.6956502301451057,0.7054766897832486,443.0,-933.0490052273879,0.07074855219872234,443.0,-929.0,1.5533250345867116,-0.004613058106494927,0.2945233102167514,71.87045977585075,74.32726000262653,TRACK
10.592,442.9240369224727,-933.0156556351154,1.5559693610587146,1.7337066216215784,-0.11429203368534394,0.6953467599141178,0.7046770788715875,443.0,-933.0156556351154,0.07596307752731946,443.0,-929.0,1.5518818516931234,-0.004087509365591213,0.2953229211284125,72.00621989014911,74.6535985968228,TRACK
10.644,442.9185081279285,-932.9795407214193,1.5543994210740624,1.7298637313637122,-0.11150286209685116,0.6950565438218439,0.7039435256931881,443.0,-932.9795407214193,0.08149187207152409,443.0,-929.0,1.5503214806251346,-0.0040779404489277304,0.2960564743068119,72.00621989014911,74.6535985968228,TRACK
10.692,442.913490557139,-932.9462145386962,1.5522381557920235,1.72649878369756,-0.10906331403601302,0.694790169173893,0.7032980773819909,443.0,-932.9462145386962,0.08650944286097229,443.0,-929.0,1.5488777038277652,-0.003360451964258271,0.2967019226180091,71.15101820631567,75.62901363539642,TRACK
10.744,442.90815400689246,-932.9101212740965,1.5506579252904238,1.7233845328116018,-0.106810242321462,0.694549044768599,0.7027138844890877,443.0,-932.9101212740965,0.09184599310754038,443.0,-929.0,1.5473113501551903,-0.0033465751352335094,0.29728611551091233,71.15101820631567,75.62901363539642,TRACK
10.792,442.9033190123431,-932.8768120590862,1.5487026510803918,1.7204345999636932,-0.1046818260980011,0.6943365718827565,0.7021834231659919,443.0,-932.8768120590862,0.09668098765689592,443.0,-929.0,1.545863224252937,-0.0028394268274547496,0.2978165768340081,72.49929734788526,74.17269841272292,TRACK
10.844,442.898202636426,-932.8407349859159,1.5474083544360806,1.71737280236998,-0.10248033255964567,0.6941452257546871,0.7016693045869693,443.0,-932.8407349859159,0.1017973635740077,443.0,-929.0,1.5442978736219033,-0.0031104808141773077,0.2983306954130307,72.49929734788526,74.17269841272292,TRACK
10.892,442.89362084801115,-932.8074406229173,1.5459115078889942,1.7139402764394087,-0.10002109002197171,0.693965793605466,0.7011367492462848,443.0,-932.8074406229173,0.10637915198884684,443.0,-929.0,1.5428637877318003,-0.0030477201571939005,0.2988632507537152,71.81034800671112,74.8414771808752,TRACK
10.944,442.8888086991221,-932.7713794859241,1.5445062932175695,1.7102761887657856,-0.09740317219073397,0.6937969571441128,0.7006008818830074,443.0,-932.7713794859241,0.11119130087791973,443.0,-929.0,1.5413219393277027,-0.00318435388986682,0.2993991181169926,71.81034800671112,74.8414771808752,TRACK
10.992,442.88451341441333,-932.7380995696908,1.5427019845643388,1.7063882709395155,-0.09463184625858545,0.6936340780111566,0.7000595835389269,443.0,-932.7380995696908,0.11548658558666602,443.0,-929.0,1.5399116856253903,-0.0027902989389485544,0.29994041646107306,71.16898682650898,75.67189399648825,TRACK
11.044,442.8800037626955,-932.7020534952268,1.5416256921441271,1.702497858888145,-0.0918641250920951,0.6934799595997294,0.6995380417428193,443.0,-932.7020534952268,0.11999623730451958,443.0,-929.0,1.538394245074471,-0.003231447069656168,0.3004619582571807,71.16898682650898,75.67189399648825,TRACK
11.092,442.8759436404551,-932.6687861100495,1.540128158570948,1.698912343277056,-0.08931673931270058,0.693336657324175,0.6990659484704669,443.0,-932.6687861100495,0.1240563595449089,443.0,-929.0,1.536995198368251,-0.003132960202697044,0.3009340515295331,71.22865422280319,75.7714667699781,TRACK
11.144,442.8716444491328,-932.6327524771715,1.538923615792881,1.6956376081579119,-0.08699274522241401,0.6932028947088074,0.6986401011636834,443.0,-932.6327524771715,0.12835555086718387,443.0,-929.0,1.5354781546541123,-0.0034454611387686462,0.30135989883631664,71.22865422280319,75.7714667699781,TRACK
11.192,442.8677433471788,-932.5994952363077,1.5378390778443825,1.6928144064848636,-0.08499081947581792,0.6930825961926311,0.6982742473701066,443.0,-932.5994952363077,0.1322566528211837,443.0,-929.0,1.5340697375550003,-0.0037693402893821393,0.30172575262989343,70.57433268056275,76.40272586905044,TRACK
11.244,442.86358212757233,-932.5634713003933,1.5367294409183876,1.6903611677160248,-0.08325224154910076,0.6929724869489566,0.6979554451332632,443.0,-932.5634713003933,0.13641787242767123,443.0,-929.0,1.5325327130942876,-0.004196727824099966,0.30204455486673676,70.57433268056275,76.40272586905044,TRACK
11.292,442.859813899516,-932.5302229486322,1.5351977159613466,1.6880143089999238,-0.08159061991776055,0.6928680147750672,0.6976554415733509,443.0,-932.5302229486322,0.1401861004840157,443.0,-929.0,1.5311069118705412,-0.004090804090805422,0.3023445584266491,68.38512102252305,78.48821383827907,TRACK
11.344,442.85580545546753,-932.4942079649758,1.534260997768024,1.6857847506355434,-0.08001381481112546,0.692772753444953,0.697378160309262,443.0,-932.4942079649758,0.14419454453246772,443.0,-929.0,1.529552995601464,-0.004708002166559977,0.30262183969073797,68.38512102252305,78.48821383827907,TRACK
11.392,442.85219643911296,-932.4609667208127,1.5332355106358413,1.6833919454325224,-0.07832472387933119,0.6926863617613622,0.6971005366092944,443.0,-932.4609667208127,0.14780356088704139,443.0,-929.0,1.5281164004168366,-0.0051191102190046855,0.3028994633907056,68.13848449307702,78.71868797955423,TRACK
11.444,442.8483972009777,-932.4249576342785,1.5323905444307984,1.6807769737702372,-0.07648286566291682,0.6926149868177235,0.6968250488498007,443.0,-932.4249576342785,0.15160279902232787,443.0,-929.0,1.5265610634888593,-0.005829480941939025,0.3031749511501993,68.13848449307702,78.71868797955423,TRACK
11.492,442.8449865700316,-932.3917185873922,1.531373506611961,1.678073502378803,-0.0745830466626124,0.6925677916437695,0.696572161998888,443.0,-932.3917185873922,0.15501342996839185,443.0,-929.0,1.5251246032067671,-0.006248903405193795,0.30342783800111195,65.36666811632277,81.55244964338847,TRACK
11.544,442.84139095037926,-932.3557069878051,1.5300642734345138,1.675358726286292,-0.07268026645224668,0.6925548310203631,0.6963581083761524,443.0,-932.3557069878051,0.1586090496207362,443.0,-929.0,1.5235660125525305,-0.006498260881983242,0.3036418916238476,65.36666811632277,81.55244964338847,TRACK
11.592,442.8381417877797,-932.3224597649441,1.52923132283265,1.672859139254474,-0.07093398381574459,0.6925883068576657,0.6962113133639387,443.0,-932.3224597649441,0.16185821222029517,443.0,-929.0,1.522118431371675,-0.007112891460975046,0.3037886866360613,65.32728384424321,81.57942682762005,TRACK
11.644,442.8346822533735,-932.2864327554738,1.5282242878396282,1.6706439767036938,-0.06939241721429992,0.6926718862770201,0.6961391021953935,443.0,-932.2864327554738,0.16531774662649923,443.0,-929.0,1.5205355942189798,-0.00768869362064839,0.30386089780460646,65.32728384424321,81.57942682762005,TRACK
11.692,442.83154179413225,-932.2531665360374,1.5273934288283793,1.6686410366147768,-0.06800425315675299,0.69280290947068,0.6961324944422915,443.0,-932.2531665360374,0.16845820586775062,443.0,-929.0,1.5190596959369835,-0.008333732891395718,0.3038675055577085,62.497356272085966,84.19936810492825,TRACK
11.744,442.8281690586814,-932.217114143416,1.525840925954694,1.6670428863359414,-0.06690386854801356,0.6929822261076666,0.69620434739222,443.0,-932.217114143416,0.17183094131860344,443.0,-929.0,1.5174355153383745,-0.008405410616319386,0.30379565260777996,62.497356272085966,84.19936810492825,TRACK
11.792,442.82509272595814,-932.1838211093093,1.52478698135985,1.6656051338163893,-0.06591910732993203,0.6932001539979402,0.6963273527687557,443.0,-932.1838211093093,0.1749072740418569,443.0,-929.0,1.5159152170878019,-0.008871764272048166,0.3036726472312443,62.290050155655166,84.11690036408936,TRACK
11.844,442.82180877559466,-932.147738202172,1.5238908069856498,1.664187888607983,-0.06495093182635296,0.6934458212148117,0.6964809620552425,443.0,-932.147738202172,0.17819122440533874,443.0,-929.0,1.5142473911578478,-0.009643415827802038,0.30351903794475754,62.290050155655166,84.11690036408936,TRACK
11.892,442.8188245184045,-932.1144160903317,1.5228309750625235,1.6627620180590823,-0.06397831436551168,0.6937135159587323,0.6966574961434626,443.0,-932.1144160903317,0.18117548159551689,443.0,-929.0,1.5126886375164745,-0.010142337546048985,0.3033425038565374,59.36920813284971,86.78691280373084,TRACK
11.944,442.8156543431154,-932.0783009845383,1.521271883836125,1.6612176265751066,-0.06292362262950348,0.6939962282136537,0.696842985944178,443.0,-932.0783009845383,0.18434565688460225,443.0,-929.0,1.5109822412510492,-0.010289642585075809,0.30315701405582196,59.36920813284971,86.78691280373084,TRACK
11.992,442.8127830146589,-932.0449480950351,1.520333495482019,1.6596264764814233,-0.06183712470433479,0.6942957009659005,0.6970440089201188,443.0,-932.0449480950351,0.187216985341081,443.0,-929.0,1.5093891702093405,-0.010944325272678412,0.30295599107988125,59.567622587585824,86.44835719877103,TRACK
12.044,442.80973462541414,-932.008797730187,1.5191407678469357,1.657979155623849,-0.060712135590003644,0.6946119690287813,0.6972601744872137,443.0,-932.008797730187,0.1902653745858629,443.0,-929.0,1.507644069621802,-0.011496698225133661,0.30273982551278633,59.567622587585824,86.44835719877103,TRACK
12.092,442.80698294500326,-931.9754108263139,1.5181585932360722,1.6562453382507454,-0.059527224462845627,0.694943953943143,0.6974887737981016,443.0,-931.9754108263139,0.19301705499674426,443.0,-927.0,1.5320215764224099,0.013862983186337718,0.3025112262018984,56.67108514481495,89.22595955229485,TRACK
12.144,442.80403864141886,-931.9392200131542,1.5169069001670656,1.654748765490647,-0.058510123872770714,0.6953055817148177,0.6977630590389463,443.0,-931.9392200131542,0.19596135858114394,443.0,-927.0,1.5311425684952733,0.014235668328207662,0.3022369409610537,56.67108514481495,89.22595955229485,TRACK
12.192,442.80135477583104,-931.905791542595,1.515134996489915,1.6534045227853014,-0.057601433761765686,0.6956978926089101,0.6980784217778757,443.0,-931.905791542595,0.19864522416895625,443.0,-927.0,1.5303264530048455,0.01519145651493048,0.3019215782221243,146.66708636676205,-0.9322973626094324,TRACK
12.244,442.7985453615424,-931.8695560523526,1.5140161873434603,1.6515722711249887,-0.05635045119576349,0.6960963529815823,0.6983734717070987,443.0,-931.8695560523526,0.20145463845761924,443.0,-927.0,1.5294496774105448,0.015433490067084499,0.30162652829290126,146.66708636676205,-0.9322973626094324,TRACK
12.292,442.7963673529606,-931.8361056800759,1.5130356385062862,1.6460577629172937,-0.05250910585272194,0.69637159395535,0.6983484825396037,443.0,-931.8361056800759,0.20363264703939876,443.0,-927.0,1.5287144445970104,0.01567880609072425,0.3016515174603963,98.80974188932709,46.72464577076792,TRACK
12.344,442.79452267366014,-931.7998682293891,1.512890110871051,1.6375224730515556,-0.04654702948045182,0.6965474541553877,0.6981009825546773,443.0,-931.7998682293891,0.20547732633986016,443.0,-927.0,1.5280134972088661,0.01512338633781507,0.30189901744532266,98.80974188932709,46.72464577076792,TRACK
12.392,442.79301952681743,-931.7664013814842,1.5133294569354392,1.6298791834436765,-0.041216014890374644,0.6967849445070774,0.6980028787728418,443.0,-931.7664013814842,0.2069804731825684,443.0,-927.0,1.5273986980327694,0.01406924109733021,0.30199712122715816,95.83466003234183,50.61060631688794,TRACK
12.444,442.7915403614716,-931.7301174906304,1.5135370510839012,1.62345855946333,-0.03674633027556369,0.6971287100612032,0.6980965056353727,443.0,-931.7301174906304,0.20845963852838167,443.0,-927.0,1.5267541148809267,0.013217063797025475,0.30190349436462727,95.83466003234183,50.61060631688794,TRACK
12.492,442.7902671013104,-931.6965916136105,1.5143295387770022,1.6183087471423103,-0.033169303354626936,0.6975931814764318,0.6983813066852814,443.0,-931.6965916136105,0.20973289868959455,443.0,-927.0,1.5261695705336578,0.0118400317566556,0.3016186933147186,89.87320885474442,56.30906698109011,TRACK
12.544,442.7889463179361,-931.6602327179922,1.514801290157257,1.6143833232087133,-0.03044993527673572,0.6981589038518433,0.6988226195437328,443.0,-931.6602327179922,0.2110536820638913,443.0,-927.0,1.5255390231134394,0.01073773295618241,0.3011773804562672,89.87320885474442,56.30906698109011,TRACK
12.592,442.7877765051206,-931.6266330703671,1.5149647124713737,1.6113040845017237,-0.028322343043140234,0.6988007181035598,0.6993744338603637,443.0,-931.6266330703671,0.21222349487942438,443.0,-927.0,1.5249584926571251,0.009993780185751477,0.3006255661396363,84.88816077145232,60.46277928988501,TRACK
12.644,442.786586000463,-931.5901956464477,1.515578307462509,1.6085533270119658,-0.026422535096409794,0.6994723585327611,0.6999712356320826,443.0,-931.5901956464477,0.21341399953701057,443.0,-927.0,1.5243363411350244,0.008758033672515264,0.30002876436791737,84.88816077145232,60.46277928988501,TRACK
12.692,442.7855720835922,-931.5565282305984,1.5158335503424052,1.6058713318738023,-0.02456779166196548,0.7001486069476038,0.7005795088338054,443.0,-931.5565282305984,0.2144279164077716,443.0,-927.0,1.5237715252012274,0.007937974858822194,0.2994204911661946,82.87286289434807,61.884370258721944,TRACK
12.744,442.7846117005351,-931.5200234647529,1.5171613352618114,1.6027961380256057,-0.022433181310984585,0.7008017492453092,0.7011607086603019,443.0,-931.5200234647529,0.21538829946490523,443.0,-927.0,1.5231803145463017,0.0060189792844902446,0.2988392913396981,82.87286289434807,61.884370258721944,TRACK
12.792,442.7838575430063,-931.4862987881356,1.517886960592385,1.5994166356551573,-0.020080633166121527,0.7014302373433879,0.7017176139216927,443.0,-931.4862987881356,0.21614245699367984,443.0,-927.0,1.5226552050216589,0.004768244429273816,0.29828238607830726,77.44241367394753,67.09026251723114,TRACK
12.844,442.78317480871743,-931.4497336458627,1.5181903414711377,1.5959287876125625,-0.01764773850240993,0.7020411888025694,0.702262966024533,443.0,-931.4497336458627,0.21682519128256672,443.0,-927.0,1.5221071593878,0.0039168179166622075,0.297737033975467,77.44241367394753,67.09026251723114,TRACK
12.892,442.78263930764194,-931.4159528084315,1.5197730447886846,1.5926754600175492,-0.015375725368678988,0.702645378990902,0.7028135894729707,443.0,-931.4159528084315,0.21736069235805644,443.0,-927.0,1.5216143228662506,0.0018412780775660664,0.2971864105270293,75.77531687019321,68.67232466332713,TRACK
12.944,442.7821114165133,-931.3793241714402,1.5201559397210465,1.5900576103992488,-0.013547334855398906,0.7032583991700205,0.7033888727331875,443.0,-931.3793241714402,0.21788858348668327,443.0,-927.0,1.5210833915298736,0.00092745180882714,0.2966111272668125,75.77531687019321,68.67232466332713,TRACK
12.992,442.78164322957525,-931.3454818286815,1.5207222024369067,1.5881548479431251,-0.012219630746064525,0.7038850420760567,0.7039911020985864,443.0,-931.3454818286815,0.218356770424748,443.0,-927.0,1.5205894049846491,-0.00013279745225758255,0.2960088979014136,69.7394795696428,74.51038705415927,TRACK
13.044,442.7811190860747,-931.3087844629798,1.5213710714444026,1.587076241067148,-0.011470648931086617,0.7045267772646212,0.7046201499175094,443.0,-931.3087844629798,0.21888091392531805,443.0,-927.0,1.5200411934906815,-0.0013298779537211924,0.29537985008249057,69.7394795696428,74.51038705415927,TRACK
13.092,442.78059547964443,-931.274877280822,1.5214773390292524,1.5867821582675434,-0.011273885359108183,0.7051822751226616,0.7052723882573765,443.0,-931.274877280822,0.21940452035556746,443.0,-927.0,1.5195171530905718,-0.0019601859386806364,0.2947276117426235,67.93011513085074,76.02524340819633,TRACK
13.144,442.7800068679257,-931.2381109995757,1.5219992804937394,1.586789995476762,-0.011289835128786674,0.7058338333720469,0.7059241182378695,443.0,-931.2381109995757,0.2199931320743076,443.0,-927.0,1.5189345745865124,-0.003064705907227072,0.2940758817621305,67.93011513085074,76.02524340819633,TRACK
13.192,442.7794624707819,-931.2041430620592,1.523050515125209,1.5868011279406367,-0.01130795534067823,0.7064748694165722,0.7065653621365469,443.0,-931.2041430620592,0.2205375292181202,443.0,-927.0,1.5183871744999815,-0.004663340625227441,0.29343463786345314,66.42969302411232,77.25204246383215,TRACK
13.244,442.77890092693497,-931.1673139255414,1.5234554593593297,1.586535147200219,-0.011129793017974171,0.7070970839904458,0.7071846707051946,443.0,-931.1673139255414,0.22109907306503374,443.0,-927.0,1.517790488939862,-0.005664970419467785,0.29281532929480536,66.42969302411232,77.25204246383215,TRACK
13.292,442.7784406481405,-931.133291342937,1.5232987797118314,1.5857600936318035,-0.010590565004852889,0.707694436084158,0.7077736749354249,443.0,-931.133291342937,0.22155935185952558,443.0,-927.0,1.5172439655098848,-0.0060548142019465345,0.29222632506457513,60.983131245885005,82.54594244364867,TRACK
13.344,442.77798379109316,-931.0964038746436,1.5241393505944822,1.5848559873432844,-0.009958866610056252,0.7082824200452837,0.7083524303405478,443.0,-931.0964038746436,0.2220162089068367,443.0,-927.0,1.5166514684804322,-0.0074878821140500484,0.29164756965945215,60.983131245885005,82.54594244364867,TRACK
13.392,442.7776004414984,-931.0623264811691,1.5242702981069067,1.5838707461699995,-0.009268520758299464,0.7088645671142588,0.7089251582410745,443.0,-931.0623264811691,0.22239955850159276,443.0,-927.0,1.5161040796292227,-0.008166218477684062,0.2910748417589255,59.954435371891925,83.48493838702876,TRACK
13.444,442.77720109764766,-931.0253786996035,1.5243488884298622,1.5830762684786963,-0.008712429795986196,0.7094489599310099,0.709502454668158,443.0,-931.0253786996035,0.2227989023523378,443.0,-927.0,1.5155041855612388,-0.008844702868623378,0.290497545331842,59.954435371891925,83.48493838702876,TRACK
13.492,442.77681249045827,-930.991243832212,1.52372582257766,1.582762195210548,-0.00849667345671529,0.7100418986845382,0.710092734329379,443.0,-930.991243832212,0.22318750954173083,443.0,-927.0,1.5149352165487506,-0.008790606028909353,0.289907265670621,58.90628272800039,84.37229444127694,TRACK
13.544,442.77635322331764,-930.9542332216897,1.5236174886282845,1.5829173332444435,-0.008614058885701631,0.7106371126605389,0.7106893188313679,443.0,-930.9542332216897,0.223646776682358,443.0,-927.0,1.5142976970388702,-0.009319791589414317,0.2893106811686321,58.90628272800039,84.37229444127694,TRACK
13.592,442.7758750717073,-930.9200410935302,1.5240376151182804,1.5835701752397158,-0.009085660434626556,0.7112317243921888,0.7112897546059691,443.0,-930.9200410935302,0.22412492829272423,443.0,-927.0,1.5136843761147205,-0.010353239003559889,0.2887102453940309,59.8894046009521,83.16897219832178,TRACK
13.644,442.7753081872137,-930.8829712802158,1.5230537031911295,1.5844525800079774,-0.009721247989389906,0.7118089797023474,0.7118753586459978,443.0,-930.8829712802158,0.22469181278631822,443.0,-927.0,1.5129948371263384,-0.010058866064791117,0.2881246413540022,59.8894046009521,83.16897219832178,TRACK
13.692,442.7747671524941,-930.8487301541014,1.5226972147440396,1.5852037607047282,-0.010263856023233427,0.7123507147236791,0.7124246539163296,443.0,-930.8487301541014,0.2252328475058789,443.0,-927.0,1.5123416563725927,-0.010355558371446971,0.2875753460836704,58.212865585514066,84.6624945993166,TRACK
13.744,442.7741717961525,-930.811613692734,1.5236669620664056,1.5857755080572296,-0.010678712560811415,0.712850300697238,0.7129302813782699,443.0,-930.811613692734,0.22582820384752722,443.0,-927.0,1.5116181049157609,-0.012048857150644743,0.28706971862173014,58.212865585514066,84.6624945993166,TRACK
13.792,442.7736453240287,-930.7773356155303,1.5224065940215155,1.5859081268760433,-0.010780022400532437,0.7132970083967072,0.7133784627185266,443.0,-930.7773356155303,0.2263546759713222,443.0,-927.0,1.5109434729709164,-0.011463121050599101,0.28662153728147344,52.87875079626525,89.96210376237252,TRACK
13.844,442.77309618342247,-930.7401847319154,1.5219335131587532,1.5857919758961267,-0.010703153255994281,0.7136970797890085,0.7137773316581157,443.0,-930.7401847319154,0.22690381657753278,443.0,-927.0,1.5102041157873296,-0.011729397371423644,0.28622266834188426,52.87875079626525,89.96210376237252,TRACK
13.892,442.7726013106522,-930.7058780980088,1.5205331816349936,1.5855917087573963,-0.010565496899654248,0.7140556407649077,0.7141338024718613,443.0,-930.7058780980088,0.22739868934780816,443.0,-927.0,1.5095115456487889,-0.011021635986204759,0.2858661975281387,57.98371840322618,84.93036519968665,TRACK
13.944,442.7720984245391,-930.6687004812991,1.5197841842983217,1.5851469822813091,-0.010252383361483198,0.7143701251205432,0.7144436905938294,443.0,-930.6687004812991,0.22790157546091905,443.0,-927.0,1.5087555308087381,-0.011028653489583595,0.2855563094061706,57.98371840322618,84.93036519968665,TRACK
13.992,442.7716386733232,-930.6343714614848,1.5196223299121403,1.584811099061642,-0.010016401800794113,0.7146563508077859,0.7147265407517313,443.0,-930.6343714614848,0.2283613266768043,443.0,-927.0,1.5080450343000869,-0.011577295612053451,0.28527345924826875,57.98371840322618,84.93036519968665,TRACK
14.044,442.77112914145863,-930.5971700326111,1.5187812608867373,1.5846993510905816,-0.009940202566632264,0.7149208608287211,0.7149899613806793,443.0,-930.5971700326111,0.22887085854137013,443.0,-927.0,1.5072567197805233,-0.011524541106213926,0.2850100386193207,59.73344675993058,83.25512955661259,TRACK
14.092,442.7706440008148,-930.5628205794391,1.5185570304358067,1.5847763000887012,-0.009998615529585843,0.7151633222512599,0.7152332135785976,443.0,-930.5628205794391,0.2293559991852021,443.0,-927.0,1.5065101935794079,-0.012046836856398846,0.2847667864214024,56.61875334770154,86.4033039007705,TRACK
14.144,442.7700774888693,-930.525598230386,1.517646260707698,1.58521004491726,-0.010312161266010809,0.7153912011667534,0.7154655207463085,443.0,-930.525598230386,0.2299225111307237,443.0,-927.0,1.5056733688091304,-0.01197289189856754,0.28453447925369146,56.61875334770154,86.4033039007705,TRACK
14.192,442.76953557379727,-930.4912316726646,1.5158540095012474,1.5856840777072572,-0.010654368889616343,0.7155937641431709,0.7156730754031677,443.0,-930.4912316726646,0.23046442620272956,443.0,-927.0,1.50487960723243,-0.010974402268817407,0.2843269245968323,56.05829026533557,86.95962827924176,TRACK
14.244,442.7689474350801,-930.4539959346965,1.5148283829621374,1.5860012979712101,-0.010883965759057512,0.7157611060937505,0.7158438528807757,443.0,-930.4539959346965,0.23105256491987802,443.0,-927.0,1.5040015620543228,-0.010826820907814616,0.2841561471192243,56.05829026533557,86.95962827924176,TRACK
14.292,442.7684150267073,-930.4196221062261,1.512896847651904,1.586100227251808,-0.010956722128427836,0.7158872182242211,0.7159710601530016,443.0,-930.4196221062261,0.23158497329268357,443.0,-927.0,1.5031771875714843,-0.00971966008041969,0.2840289398469984,60.85382735196869,82.2011096469514,TRACK
14.344,442.7678949630432,-930.3823859103825,1.5122683615580608,1.5856317837482128,-0.010622297891924665,0.7159549331011584,0.716033727867891,443.0,-930.3823859103825,0.23210503695679563,443.0,-927.0,1.502282045344587,-0.009986316213473678,0.283966272132109,60.85382735196869,82.2011096469514,TRACK
14.392,442.767463696331,-930.3480178816701,1.5113300686137343,1.5848310965023162,-0.010049146739631391,0.7159709158768488,0.7160414357645292,443.0,-930.3480178816701,0.2325363036690078,443.0,-927.0,1.5014527709444345,-0.00987729766929979,0.28395856423547083,61.456443668001114,81.75447803579699,TRACK
14.444,442.7670433893346,-930.3107918564546,1.5101928820317068,1.5838705926377599,-0.009360934779438815,0.7159408804245877,0.7160020749712104,443.0,-930.3107918564546,0.23295661066538287,443.0,-927.0,1.5005492957088764,-0.009643586322830355,0.2839979250287896,61.456443668001114,81.75447803579699,TRACK
14.492,442.7666938150589,-930.2764369824561,1.5097558418806134,1.582856083526975,-0.008633586700506386,0.7158658618483438,0.7159179219569707,443.0,-930.2764369824561,0.23330618494111377,443.0,-927.0,1.499709027720722,-0.010046814159891504,0.2840820780430293,61.01474026708502,82.41903808642883,TRACK
14.544,442.76632671520434,-930.2392277802227,1.5086109487238626,1.5820883232795029,-0.008082695760907626,0.7157593636953596,0.7158049990663305,443.0,-930.2392277802227,0.23367328479565685,443.0,-927.0,1.4987824956253604,-0.009828453098502221,0.28419500093366945,61.01474026708502,82.41903808642883,TRACK
14.592,442.76599561251066,-930.2048905212786,1.5065345444856648,1.581511168950395,-0.007668042719329244,0.7156194328694231,0.7156605141961516,443.0,-930.2048905212786,0.23400438748933539,443.0,-927.0,1.4979108809846162,-0.008623663501048595,0.2843394858038484,59.76506541893921,83.86201006147547,TRACK
14.644,442.76563600949396,-930.1677039496794,1.5058942582576444,1.5811456185467616,-0.007404632687690929,0.7154468632823897,0.715485179976392,443.0,-930.1677039496794,0.23436399050603995,443.0,-927.0,1.4969454338288384,-0.008948824428806068,0.28451482002360795,59.76506541893921,83.86201006147547,TRACK
14.692,442.7652983140441,-930.1333908897253,1.5047024078392641,1.5809679117908304,-0.007275373902108121,0.7152398566323119,0.7152768579933406,443.0,-930.1333908897253,0.23470168595588348,443.0,-927.0,1.4960325220531272,-0.008669885786136922,0.2847231420066594,63.19394376178675,80.60346252303043,TRACK
14.744,442.76496196562056,-930.0962369378175,1.5020007948113272,1.5805765276263106,-0.006992876656480417,0.714980583113763,0.7150147792553867,443.0,-930.0962369378175,0.2350380343794427,443.0,-927.0,1.4950307675449956,-0.006970027266331558,0.2849852207446133,63.19394376178675,80.60346252303043,TRACK
14.792,442.76468346101996,-930.0619602079258,1.5013519123548684,1.5799976781358105,-0.00657613253942849,0.7146718678171847,0.7147021226836252,443.0,-930.0619602079258,0.2353165389800438,443.0,-927.0,1.4940954930772739,-0.007256419277594572,0.2852978773163748,68.24954727536021,75.76891779911753,TRACK
14.844,442.7644455040454,-930.0248516251769,1.4992065385794646,1.5790224748530108,-0.005876119633234011,0.714306021045207,0.7143301900965546,443.0,-930.0248516251769,0.23555449595460232,443.0,-927.0,1.4930800950547485,-0.006126443524716141,0.28566980990344537,68.24954727536021,75.76891779911753,TRACK
14.892,442.7642990444032,-929.9906229959095,1.5000125016698,1.5776424606338997,-0.004887412652817441,0.7138826687544068,0.7138993987603246,443.0,-929.9906229959095,0.23570095559682613,443.0,-925.0,1.5236026313613948,0.023590129691594797,0.2861006012396754,67.27452451691939,77.06077670816863,TRACK
14.944,442.7642009645973,-929.9535694134964,1.4989120234919848,1.5761745310177107,-0.0038369707638159947,0.7134228470857129,0.7134331651167661,443.0,-929.9535694134964,0.23579903540269243,443.0,-925.0,1.5232303888454635,0.024318365353478644,0.28656683488323387,67.27452451691939,77.06077670816863,TRACK
14.992,442.76416655808214,-929.9193925373321,1.496847516488861,1.5746464852977768,-0.0027449118362572276,0.7129312393040107,0.7129365234833613,443.0,-929.9193925373321,0.23583344191786182,443.0,-925.0,1.522893455718255,0.02604593922939391,0.28706347651663866,169.46184984400074,-24.77851075787609,TRACK
15.044,442.7641981463621,-929.8823978129889,1.496871957041886,1.5730023325563893,-0.0015715792707133693,0.7124082578578155,0.7124099913149814,443.0,-929.8823978129889,0.23580185363789496,443.0,-925.0,1.522537503946503,0.025665546904616976,0.2875900086850186,169.46184984400074,-24.77851075787609,TRACK
15.092,442.7647124960405,-929.8483095647042,1.4969397426921507,1.5669615478858496,0.0027289398789126502,0.7116255113498993,0.7116307437968573,443.0,-929.8483095647042,0.23528750395951192,443.0,-925.0,1.5223045690815558,0.02536482638940507,0.2883692562031427,112.88142819673274,32.08460726481587,TRACK
15.144,442.7659060522702,-929.8114557607951,1.4965676404688206,1.5569958939126558,0.00980736246759809,0.7106110317658724,0.7106787057636724,443.0,-929.8114557607951,0.2340939477297752,443.0,-925.0,1.5221812072233878,0.025613566754567163,0.2893212942363276,112.88142819673274,32.08460726481587,TRACK
15.192,442.7672419827689,-929.7774805814753,1.4973193964996052,1.5480899714679723,0.01611594549006916,0.7096328531878939,0.7098158282418263,443.0,-929.7774805814753,0.2327580172311059,443.0,-925.0,1.5221149945952628,0.024795598095657567,0.2901841717581737,110.53884802948262,35.39220150204794,TRACK
15.244,442.76883391311713,-929.7407114819256,1.4974286269770947,1.5409069456639946,0.021190280374010023,0.7087456784643456,0.7090623842259682,443.0,-929.7407114819256,0.23116608688286533,443.0,-925.0,1.5220730217754719,0.02464439479837721,0.29093761577403177,110.53884802948262,35.39220150204794,TRACK
15.292,442.77036528581544,-929.7067992078751,1.5002957581173197,1.5355830762168023,0.02493994150161325,0.707961689286879,0.7084008428707826,443.0,-929.7067992078751,0.22963471418455583,443.0,-925.0,1.522047109478573,0.02175135136125328,0.29159915712921736,107.47799855568496,38.59046161509905,TRACK
15.344,442.7720387480327,-929.6700894137449,1.5016245909128447,1.5319692583047393,0.027474649976707524,0.7072602508356327,0.7077936979116335,443.0,-929.6700894137449,0.2279612519673151,443.0,-925.0,1.5220220026222986,0.02039741170945386,0.2922063020883665,107.47799855568496,38.59046161509905,TRACK
15.392,442.7736014527359,-929.6362312821715,1.5022625929821087,1.5294200293771856,0.029253244278952647,0.706601372432715,0.7072066542564772,443.0,-929.6362312821715,0.22639854726412523,443.0,-925.0,1.5220026335480337,0.019740040565924932,0.2927933457435228,94.95422009099251,50.968855693622956,TRACK
15.444,442.77534745109136,-929.5995863537548,1.5038583133147059,1.5272415099323806,0.03076652078941572,0.7059394487317904,0.7066095697605783,443.0,-929.5995863537548,0.22465254890863662,443.0,-925.0,1.5219932066174964,0.0181348933027905,0.2933904302394217,94.95422009099251,50.968855693622956,TRACK
15.492,442.77701515265545,-929.5657946115159,1.5046564539646843,1.5252296442133566,0.032158562417928686,0.7052587621677756,0.7059915684703401,443.0,-929.5657946115159,0.2229848473445486,443.0,-925.0,1.5219969754102025,0.01734052144551823,0.29400843152965994,95.91144997923011,50.111964434601745,TRACK
15.544,442.7789524674977,-929.5292295192406,1.5063553214404304,1.5226557381142718,0.0339426847020026,0.704529393415762,0.7053465616500595,443.0,-929.5292295192406,0.22104753250232534,443.0,-925.0,1.5220303550276542,0.015675033587223774,0.2946534383499405,95.91144997923011,50.111964434601745,TRACK
15.592,442.78088517729765,-929.4955183999523,1.5092695940845207,1.519466396918563,0.03615542068110852,0.7037543505310667,0.7046824819278761,443.0,-929.4955183999523,0.21911482270235183,443.0,-925.0,1.522094144720287,0.012824550635766263,0.2953175180721239,92.27618931507148,54.02058849861588,TRACK
15.644,442.7831285486875,-929.4590419487145,1.5110774280262296,1.5159394496308638,0.038600638566725846,0.7029549034844458,0.7040139243158373,443.0,-929.4590419487145,0.21687145131249963,443.0,-925.0,1.5221982885906984,0.011120860564468815,0.2959860756841627,92.27618931507148,54.02058849861588,TRACK
15.692,442.78530013457214,-929.4254096761352,1.5123370769022946,1.512577573004364,0.040924895477199075,0.7021560081549736,0.7033476429603976,443.0,-929.4254096761352,0.21469986542786046,443.0,-925.0,1.5223190851072896,0.009982008204995063,0.29665235703960235,81.89745279825937,64.67437908879822,TRACK
15.744,442.78768013460643,-929.3890110637537,1.5159302542381132,1.510105490284785,0.04262041306022843,0.7013920655608487,0.7026857969541851,443.0,-929.3890110637537,0.2123198653935674,443.0,-925.0,1.522458677890359,0.006528423652245818,0.2973142030458149,81.89745279825937,64.67437908879822,TRACK
15.792,442.7898245189448,-929.3554413964563,1.5168161097977964,1.5090220003432997,0.043339404289623386,0.7006836666585041,0.7020227237676748,443.0,-929.3554413964563,0.21017548105521655,443.0,-925.0,1.5225778916324626,0.005761781834666246,0.2979772762323252,75.56157144390139,71.21167349774885,TRACK
15.844,442.79204188157513,-929.3191030710321,1.5200097706490865,1.509311967850675,0.04309516895405241,0.7000292659905092,0.7013545229271637,443.0,-929.3191030710321,0.20795811842486955,443.0,-925.0,1.5226850321764276,0.0026752615273410996,0.2986454770728363,75.56157144390139,71.21167349774885,TRACK
15.892,442.7939563309827,-929.2855848963225,1.519227000422327,1.5108595613427886,0.04197138675050049,0.6994223801519432,0.7006805714183671,443.0,-929.2855848963225,0.20604366901727644,443.0,-925.0,1.5227550125876164,0.003528012165289418,0.29931942858163285,71.81351166727701,75.1691670389627,TRACK
15.944,442.79591503214095,-929.2493014133462,1.5207542503467193,1.5129578841025482,0.04046496687591377,0.6988402979006042,0.7000108395689841,443.0,-929.2493014133462,0.20408496785904617,443.0,-925.0,1.5228053171176548,0.0020510667709354724,0.29998916043101587,71.81351166727701,75.1691670389627,TRACK
15.992,442.79764728497526,-929.2158353522507,1.5233860834040664,1.515097251736363,0.0389332387194595,0.6982695557901512,0.6993541088894534,443.0,-929.2158353522507,0.2023527150247446,443.0,-925.0,1.5228348868824253,-0.0005511965216411507,0.3006458911105466,77.57200101091229,69.63114791047906,TRACK
16.044,442.7995120676342,-929.1796109378616,1.5239672164457778,1.5165877909351266,0.0378580269107157,0.6976933850359802,0.6987197504898062,443.0,-929.1796109378616,0.20048793236577467,443.0,-925.0,1.522864981691309,-0.0011022347544689115,0.30128024951019383,77.57200101091229,69.63114791047906,TRACK
16.092,442.8012822468116,-929.1462024875196,1.5272522819333307,1.5170322958460216,0.037515273993519706,0.6971039840170876,0.6981127131884255,443.0,-929.1462024875196,0.19871775318841856,443.0,-925.0,1.5229053210803027,-0.004346960853027992,0.3018872868115745,68.1661900976895,79.18532336374976,TRACK
16.144,442.8032337770126,-929.1100392547876,1.5284879422255566,1.5169805197453188,0.037520227525867804,0.696523963769238,0.6975337981620702,443.0,-929.1100392547876,0.19676622298737811,443.0,-925.0,1.522958316089287,-0.005529626136269616,0.3024662018379298,68.1661900976895,79.18532336374976,TRACK
16.192,442.80504902264227,-929.0766824180807,1.5287563849455323,1.516788453229507,0.037624313941297775,0.6959675107707491,0.6969837623990864,443.0,-929.0766824180807,0.1949509773577347,443.0,-925.0,1.523011742841622,-0.005744642103910236,0.30301623760091356,59.47565241813979,87.95623611920823,TRACK
16.244,442.80696255926756,-929.0405681333057,1.5309328058745664,1.5171630521191224,0.03733537750133169,0.695455798756248,0.6964572481041875,443.0,-929.0405681333057,0.19303744073243934,443.0,-925.0,1.5230577984264275,-0.007875007448138849,0.3035427518958125,59.47565241813979,87.95623611920823,TRACK
16.292,442.8086285744782,-929.0072493002758,1.5293279102683224,1.5184467503734822,0.03641602295328027,0.6949960933675606,0.6959494927966432,443.0,-929.0072493002758,0.1913714255218224,443.0,-925.0,1.523076276142079,-0.0062516341262432995,0.3040505072033568,60.42509482696207,87.06601558100934,TRACK
16.344,442.8103039381935,-928.9711706324352,1.5300070603676414,1.5205253372868743,0.0349469014650655,0.6945846480773697,0.6954632407732076,443.0,-928.9711706324352,0.1896960618065009,443.0,-925.0,1.5230643119581424,-0.006942748409499044,0.30453675922679235,60.42509482696207,87.06601558100934,TRACK
16.392,442.8117075965082,-928.9378804850502,1.5317644632901606,1.5233679154865774,0.03295049449698301,0.6942206792663599,0.6950022205782093,443.0,-928.9378804850502,0.18829240349180054,443.0,-925.0,1.523017045356625,-0.008747417933535617,0.30499777942179074,68.34528071147164,79.21868385565878,TRACK
16.444,442.81311070667886,-928.9018304081217,1.5322155508393798,1.5263489551202631,0.030861832187071968,0.6938881900804528,0.6945741666798942,443.0,-928.9018304081217,0.18688929332114412,443.0,-925.0,1.5229350541440143,-0.009280496695365459,0.30542583332010576,68.34528071147164,79.21868385565878,TRACK
16.492,442.8143348545631,-928.8685666359514,1.5338183020412508,1.5290281210447478,0.028986269244417395,0.6935756622936656,0.6941811025451549,443.0,-928.8685666359514,0.18566514543687163,443.0,-925.0,1.5228398589978545,-0.010978443043396346,0.30581889745484514,58.49970462789879,89.09882124884146,TRACK
16.544,442.8155766814751,-928.8325431842273,1.5341292418878376,1.5315838845470626,0.027199525377770574,0.6932897209414024,0.6938230691925598,443.0,-928.8325431842273,0.1844233185249209,443.0,-925.0,1.5227130674911797,-0.011416174396657874,0.30617693080744024,58.49970462789879,89.09882124884146,TRACK
16.592,442.8166881379174,-928.7993019137496,1.5331275616248061,1.5336082540023082,0.025784061387650367,0.69302258251244,0.6935020675483626,443.0,-928.7993019137496,0.18331186208257577,443.0,-925.0,1.5225848875127,-0.010542674112106187,0.30649793245163737,55.901755271080944,91.67743674451025,TRACK
16.644,442.8178751116735,-928.7633014636971,1.533182452355449,1.535087255680822,0.024748886337203693,0.69277540014019,0.6932173269720919,443.0,-928.7633014636971,0.18212488832648432,443.0,-925.0,1.5224390781821842,-0.010743374173264764,0.30678267302790807,55.901755271080944,91.67743674451025,TRACK
16.692,442.81895263302033,-928.7300784845612,1.5318825499579094,1.5362370888981185,0.023943702606375735,0.6925548996235276,0.6929686788643892,443.0,-928.7300784845612,0.18104736697966928,443.0,-925.0,1.5222972416960998,-0.009585308261809589,0.3070313211356108,62.44480820403542,85.08526141702171,TRACK
16.744,442.82012105926094,-928.6940944338243,1.5316971506547281,1.5369716632674622,0.02342781408286977,0.6923610262539472,0.692757282998974,443.0,-928.6940944338243,0.17987894073905863,443.0,-925.0,1.5221411076985158,-0.009556042956212263,0.307242717001026,62.44480820403542,85.08526141702171,TRACK
16.792,442.8211655709502,-928.6608817700472,1.5326641008533526,1.537806322421808,0.022844310221373808,0.6922103404391723,0.692587191565369,443.0,-928.6608817700472,0.1788344290498003,443.0,-925.0,1.521985031911972,-0.010679068941380487,0.30741280843463104,65.06942859150612,82.3885990112021,TRACK
16.844,442.82223478550316,-928.624901705986,1.5323612262969275,1.5389545969280873,0.02204543805802032,0.6921102293902164,0.6924612414899104,443.0,-928.624901705986,0.17776521449684424,443.0,-925.0,1.521795573030954,-0.010565653265973474,0.3075387585100896,65.06942859150612,82.3885990112021,TRACK
16.892,442.82315221479575,-928.5916870422925,1.5332466585952578,1.54043392168533,0.02101912332958175,0.6920619052017712,0.6923810252866911,443.0,-928.5916870422925,0.17684778520424516,443.0,-925.0,1.5215979766261036,-0.01164868196915414,0.3076189747133089,59.15287264503796,88.18968509306937,TRACK
16.944,442.82403354172806,-928.5556981943872,1.5328547047229213,1.5424912073705879,0.019594438362410028,0.6920728685128761,0.6923501984880043,443.0,-928.5556981943872,0.1759664582719438,443.0,-925.0,1.5213480876352719,-0.01150661708764944,0.3076498015119957,59.15287264503796,88.18968509306937,TRACK
16.992,442.8247663706818,-928.5224704549237,1.5310648445538562,1.544680219566503,0.018079929389950386,0.6921329647883661,0.6923690668953077,443.0,-928.5224704549237,0.17523362931819975,443.0,-925.0,1.5210899375609939,-0.009974906992862298,0.30763093310469225,57.87186271556451,89.30589471672168,TRACK
17.044,442.82550221165906,-928.4864648656121,1.5316511023859924,1.546669307649297,0.01670472991192453,0.6922317397864779,0.692433267231756,443.0,-928.4864648656121,0.17449778834094332,443.0,-925.0,1.5207879924222865,-0.010863109963705986,0.307566732768244,57.87186271556451,89.30589471672168,TRACK
17.092,442.82615195606456,-928.4532198295019,1.5285260182264029,1.5482746557963614,0.015595794066240296,0.6923623524980903,0.6925379815932455,443.0,-928.4532198295019,0.17384804393543618,443.0,-925.0,1.5204950418445817,-0.008030976381821153,0.30746201840675447,61.828984202422056,85.14492091881823,TRACK
17.144,442.82687782445987,-928.4171948331054,1.527821443417053,1.5491063424591756,0.015022918803775487,0.6925114664076488,0.6926743962320658,443.0,-928.4171948331054,0.17312217554012932,443.0,-925.0,1.5201775306076872,-0.007643912809365716,0.30732560376793416,61.828984202422056,85.14492091881823,TRACK
17.192,442.82757009313195,-928.3839304293828,1.5283322218945408,1.5494151451104705,0.014812689623057406,0.6926853969762092,0.6928437594133021,443.0,-928.3839304293828,0.1724299068680466,443.0,-925.0,1.5198848478212847,-0.00844737407325602,0.3071562405866979,71.37480360331334,75.40622033649369,TRACK
17.244,442.82836950852834,-928.3478818813377,1.527581644857125,1.549138055997151,0.015008928807588083,0.6928799660302243,0.6930425061062243,443.0,-928.3478818813377,0.1716304914716602,443.0,-925.0,1.5195757706848148,-0.008005874172310357,0.3069574938937757,71.37480360331334,75.40622033649369,TRACK
17.292,442.8291449487555,-928.3145932523104,1.5253422727467665,1.5485665155841744,0.015410055381504778,0.6931015645771118,0.6932728529418279,443.0,-928.3145932523104,0.1708550512444731,443.0,-925.0,1.5192955973985696,-0.006046675348196917,0.30672714705817206,63.54048550760467,83.05855364403504,TRACK
17.344,442.8299579736257,-928.2785116766964,1.525902190641357,1.5484616696443714,0.01548881877805737,0.6933727759150685,0.69354575183423,443.0,-928.2785116766964,0.1700420263742899,443.0,-925.0,1.5189771431684684,-0.006925047472888579,0.30645424816577005,63.54048550760467,83.05855364403504,TRACK
17.392,442.8306706715369,-928.2451856939649,1.52528046528839,1.5487952441035604,0.015264487808114346,0.6936942617621803,0.6938621861651061,443.0,-928.2451856939649,0.16932932846310678,443.0,-925.0,1.51866497825294,-0.006615487035450007,0.3061378138348939,67.82607652426879,78.56200945822428,TRACK
17.444,442.83141308866004,-928.2090597465188,1.5245253822573972,1.5493043383271563,0.01491895540416255,0.6940566856477742,0.694217010827828,443.0,-928.2090597465188,0.16858691133995762,443.0,-925.0,1.518309901776373,-0.00621548048102416,0.30578298917217195,67.82607652426879,78.56200945822428,TRACK
17.492,442.8320717576089,-928.1756901366608,1.522339074738132,1.5499195690985994,0.014500115431466282,0.6944569175525135,0.6946082807482677,443.0,-928.1756901366608,0.16792824239109905,443.0,-925.0,1.5179662407834353,-0.0043728339546966755,0.30539171925173225,67.91176050639561,78.20698494643568,TRACK
17.544,442.83278680708156,-928.1395152359948,1.521586850702017,1.5503095132253526,0.01423790801951224,0.6948819047377751,0.6950277545226309,443.0,-928.1395152359948,0.16721319291843884,443.0,-925.0,1.5175857714053382,-0.0040010792966787,0.3049722454773691,67.91176050639561,78.20698494643568,TRACK
17.592,442.83346112779543,-928.1060994596427,1.5221742700967853,1.550418086890961,0.014171562084649675,0.6953299406474627,0.6954743413906246,443.0,-928.1060994596427,0.1665388722045691,443.0,-925.0,1.5172308943196342,-0.004943375777151093,0.3045256586093754,73.87820157262195,71.97765211237922,TRACK
17.644,442.83424605494747,-928.0698740663472,1.5214596788275008,1.549967342725416,0.014494678878367993,0.6957892239864976,0.6959401841620582,443.0,-928.0698740663472,0.16575394505252916,443.0,-925.0,1.5168549770098385,-0.00460470181766226,0.30405981583794184,73.87820157262195,71.97765211237922,TRACK
17.692,442.8350455130564,-928.0364122471799,1.5221488476163962,1.5488956215029301,0.01525092331521504,0.6962554270195662,0.6964224366834867,443.0,-928.0364122471799,0.16495448694359993,443.0,-925.0,1.516524216818584,-0.00562463079781228,0.3035775633165133,67.22605589846417,78.38833381452817,TRACK
17.744,442.8359585049929,-928.0001341034546,1.5215180070022662,1.547752922957445,0.01605823818903988,0.6967458410985687,0.6969308675197906,443.0,-928.0001341034546,0.16404149500709764,443.0,-925.0,1.5161726652310312,-0.005345341771235024,0.3030691324802094,67.22605589846417,78.38833381452817,TRACK
17.792,442.8368351873343,-927.9666190759818,1.519398259599372,1.5466633818983104,0.016830330229015568,0.6972652053693917,0.6974682979422346,443.0,-927.9666190759818,0.16316481266568417,443.0,-923.0,1.5379558475148878,0.01855758791551576,0.30253170205776536,65.79201966652904,79.59183115577993,TRACK
17.844,442.8377989082957,-927.9302790664176,1.5200306383199036,1.545828983061978,0.01742629804295516,0.6978186017109653,0.6980361571991301,443.0,-927.9302790664176,0.16220109170427577,443.0,-923.0,1.5379092207160838,0.01787858239618023,0.30196384280086985,65.79201966652904,79.59183115577993,TRACK
17.892,442.83867660545496,-927.8967026151927,1.5193777070590222,1.5454198948484925,0.01772696884737714,0.698410381293823,0.6986353169740985,443.0,-927.8967026151927,0.16132339454503608,443.0,-923.0,1.5378629267621544,0.018485219703132216,0.30136468302590147,146.2564552000387,-1.1566720108309028,TRACK
17.944,442.83964581418394,-927.860294684779,1.5161094734643354,1.5449858502542315,0.018046050041972565,0.699020125625504,0.6992530271308182,443.0,-927.860294684779,0.1603541858160611,443.0,-923.0,1.5378156020846334,0.02170612862029797,0.30074697286918184,146.2564552000387,-1.1566720108309028,TRACK
17.992,442.8408837012615,-927.8266731406994,1.5176537791822364,1.5411329875537794,0.02075619246765259,0.6995201739033148,0.6998280454679406,443.0,-927.8266731406994,0.15911629873852462,443.0,-923.0,1.5378422212941398,0.020188442111903404,0.30017195453205936,112.3766090442085,32.42478957895818,TRACK
18.044,442.8426763337768,-927.790238179835,1.5181466599981785,1.5342980893888958,0.025557320880251193,0.6999234265477168,0.7003898769120476,443.0,-927.790238179835,0.15732366622319205,443.0,-923.0,1.5379655714044453,0.019818911406266793,0.29961012308795243,112.3766090442085,32.42478957895818,TRACK
18.092,442.8445429143163,-927.7565837187083,1.5176052516087968,1.527669152589244,0.03022274167277876,0.7003473396384128,0.7009991513923692,443.0,-927.7565837187083,0.155457085683679,443.0,-923.0,1.5381254478585198,0.02052019624972301,0.29900084860763076,98.2390021719916,46.46492089613078,TRACK
18.144,442.84671461331004,-927.7200953390208,1.5201459429535509,1.5219468380097085,0.03426198685273196,0.7008206340463007,0.7016576407680285,443.0,-927.7200953390208,0.1532853866899586,443.0,-923.0,1.538332674406534,0.018186731452983107,0.2983423592319715,98.2390021719916,46.46492089613078,TRACK
18.192,442.84877133178725,-927.6863812803815,1.5210448093933657,1.5177110163890764,0.03726719701723843,0.7013650897079537,0.7023544924285511,443.0,-927.6863812803815,0.15122866821275238,443.0,-923.0,1.5385377036913719,0.017492894298006156,0.2976455075714489,96.37230100548234,48.0063276817636,TRACK
18.244,442.85101929477287,-927.6498210747445,1.5240553032126094,1.514792094947997,0.039354198156728956,0.7019656154822066,0.7030679044245102,443.0,-927.6498210747445,0.1489807052271317,443.0,-923.0,1.5387671896258759,0.014711886413266484,0.29693209557548983,96.37230100548234,48.0063276817636,TRACK
18.292,442.85309236977156,-927.6160387794795,1.5220807474520024,1.512938965491575,0.04069640066732865,0.7026068863710176,0.7037845080727849,443.0,-927.6160387794795,0.14690763022844067,443.0,-923.0,1.5389815894484244,0.016900841996422056,0.2962154919272151,87.69214365475924,56.327705565317395,TRACK
18.344,442.85535720024683,-927.5794058505621,1.5234218867537235,1.5115752411386252,0.04169671170961456,0.703262266931062,0.704497290169672,443.0,-927.5794058505621,0.1446427997531714,443.0,-923.0,1.5392213293837225,0.015799442629998994,0.295502709830328,87.69214365475924,56.327705565317395,TRACK
18.392,442.85746271619394,-927.5455585027491,1.5264551692944885,1.5105565667346001,0.04245558305890891,0.7039240513081779,0.7052031952160953,443.0,-927.5455585027491,0.1425372838060639,443.0,-923.0,1.5394491133163697,0.012993944021881143,0.2947968047839047,98.32158722497891,45.45790416487437,TRACK
18.444,442.8598117140588,-927.5088584029511,1.5278910517221018,1.509266787967403,0.043406691540403136,0.7045705358372025,0.7059063541578348,443.0,-927.5088584029511,0.1401882859411785,443.0,-923.0,1.5397145924814137,0.011823540759311912,0.29409364584216524,98.32158722497891,45.45790416487437,TRACK
18.492,442.86211426522436,-927.4749551443138,1.5282499840210029,1.5070640853103945,0.04500378508333899,0.7051821091914452,0.7066166908554614,443.0,-927.4749551443138,0.1378857347756366,443.0,-923.0,1.539993309173566,0.011743325152563155,0.2933833091445386,82.52518653488195,61.055903662295805,TRACK
18.544,442.86473451447154,-927.43819764428,1.53271578951043,1.5044579386897805,0.046888753313985544,0.7057746212018505,0.7073304539746295,443.0,-927.43819764428,0.13526548552846407,443.0,-923.0,1.5403281868458822,0.00761239733545227,0.29266954602537054,82.52518653488195,61.055903662295805,TRACK
18.592,442.86721090716713,-927.4042388511183,1.5328393299460812,1.5021940688045636,0.04853471972616163,0.7063697039183952,0.7080351528226959,443.0,-927.4042388511183,0.13278909283286566,443.0,-923.0,1.5406551645240605,0.007815834577979297,0.2919648471773041,76.10604065416129,67.2395312693306,TRACK
18.644,442.8699097735495,-927.3674183616083,1.5343748016473922,1.5005935151066703,0.04971301462654376,0.7069705254025795,0.7087162391333066,443.0,-927.3674183616083,0.13009022645047708,443.0,-923.0,1.5410186040028788,0.006643802355486672,0.2912837608666934,76.10604065416129,67.2395312693306,TRACK
18.692,442.8723492903136,-927.333399734102,1.5343713732790292,1.500107657796136,0.05010160257860151,0.7075833337449088,0.7093548792913904,443.0,-927.333399734102,0.12765070968640657,443.0,-923.0,1.5413474381066283,0.00697606482759916,0.2906451207086096,81.22707192770612,61.941409208370466,TRACK
18.744,442.8749211075204,-927.2965142683564,1.5357973547480699,1.5004851683326,0.04987634979868551,0.7081967248374499,0.7099508795259933,443.0,-927.2965142683564,0.12507889247962112,443.0,-923.0,1.5416928330839155,0.005895478335845583,0.29004912047400666,81.22707192770612,61.941409208370466,TRACK
18.792,442.8772281798849,-927.2624378537885,1.5389485081299445,1.5014355502258523,0.049242030027282925,0.7088017273689584,0.7105101450665058,443.0,-927.2624378537885,0.12277182011507648,443.0,-923.0,1.5420010951139624,0.003052586984017891,0.2894898549334942,80.62633711942426,62.49948772306793,TRACK
18.844,442.8796685801654,-927.2254927457955,1.5403505552423074,1.5026278477270036,0.04843309063633061,0.7093901188965952,0.7110415635226344,443.0,-927.2254927457955,0.12033141983459927,443.0,-923.0,1.5423265329491582,0.0019759777068508733,0.28895843647736563,80.62633711942426,62.49948772306793,TRACK
18.892,442.8819020817997,-927.1913650991552,1.5404344359854778,1.5036148271757015,0.047767458330339574,0.7099510007015479,0.711556149205718,443.0,-927.1913650991552,0.11809791820030568,443.0,-923.0,1.542627299023143,0.0021928630376653047,0.28844385079428203,68.78249155693888,74.3159169062591,TRACK
18.944,442.8843052897597,-927.1543683117402,1.5435051497377579,1.5044262757161657,0.047224286107126354,0.7104849888260347,0.712052703488624,443.0,-927.1543683117402,0.11569471024029099,443.0,-923.0,1.542954593476164,-0.0005505562615939485,0.28794729651137596,68.78249155693888,74.3159169062591,TRACK
18.992,442.8865143337316,-927.1201954827752,1.5445275978343127,1.5050628724402018,0.046803398264753264,0.7109921206066039,0.7125309492603144,443.0,-927.1201954827752,0.11348566626838874,443.0,-923.0,1.5432595313101447,-0.001268066524167999,0.28746905073968565,68.04183926317414,74.97810933184375,TRACK
19.044,442.8889070265024,-927.0831531104207,1.545674991121195,1.505493767851823,0.04652687175245798,0.7114685384730822,0.7129882404584899,443.0,-927.0831531104207,0.11109297349759117,443.0,-923.0,1.5435953940218956,-0.0020795970992995017,0.28701175954151015,68.04183926317414,74.97810933184375,TRACK
19.092,442.8911000785913,-927.0489413988681,1.5451418005885047,1.5059449862836904,0.046233471453982995,0.7119149467446902,0.7134146236804944,443.0,-927.0489413988681,0.10889992140869253,443.0,-923.0,1.5439069097700697,-0.001234890818434975,0.28658537631950565,67.88884025534637,75.06048899763394,TRACK
19.144,442.8934472532644,-927.0118601860296,1.5461052243827509,1.5065186775010178,0.04585004751406332,0.7123298017972306,0.7138038759950268,443.0,-927.0118601860296,0.10655274673558779,443.0,-923.0,1.5442431324757036,-0.0018620919070473363,0.2861961240049732,67.88884025534637,75.06048899763394,TRACK
19.192,442.89555339566175,-926.9776153653324,1.5487609290258344,1.5075179444669495,0.045159819198063625,0.7127161887516231,0.7141454858630986,443.0,-926.9776153653324,0.10444660433824993,443.0,-923.0,1.5445437611555348,-0.004217167870299576,0.28585451413690144,71.70270332593373,71.23817355723745,TRACK
19.244,442.89775843968556,-926.9405014459642,1.5495874624773045,1.5088963485112998,0.044195524946696,0.7130707492057359,0.714439037146028,443.0,-926.9405014459642,0.10224156031443954,443.0,-923.0,1.5448558145127764,-0.004731647964528074,0.28556096285397203,71.70270332593373,71.23817355723745,TRACK
19.292,442.89972397089167,-926.9062304974104,1.552150606366465,1.510510908513813,0.04305908959324038,0.7133883201880715,0.7146866310330403,443.0,-926.9062304974104,0.10027602910832911,443.0,-923.0,1.5451311718767462,-0.007019434489718757,0.2853133689669597,61.52182650588968,81.49816506826299,TRACK
19.344,442.9017349110413,-926.8690919817003,1.552872761799704,1.5126789390254802,0.041523582319472035,0.713673186940403,0.7148801477494766,443.0,-926.8690919817003,0.09826508895872621,443.0,-923.0,1.5454043305341703,-0.007468431265533759,0.2851198522505234,61.52182650588968,81.49816506826299,TRACK
19.392,442.9035042557427,-926.8348019444694,1.5517993469053426,1.514977172019639,0.03989180028881067,0.7139190929866066,0.7150327454467392,443.0,-926.8348019444694,0.09649574425731089,443.0,-923.0,1.5456384733140809,-0.006160873591261717,0.2849672545532608,58.03090923561625,85.11163040623869,TRACK
19.444,442.9053436687479,-926.7976478399363,1.5522909498441408,1.5172010219027996,0.038310334645804356,0.7141231140294617,0.7151499868781437,443.0,-926.7976478399363,0.0946563312521107,443.0,-923.0,1.5458764973016759,-0.006414452542464977,0.2848500131218563,58.03090923561625,85.11163040623869,TRACK
19.492,442.90698429611234,-926.7633481031104,1.5509385024840587,1.519231354012982,0.03686462538556932,0.7142822718081212,0.7152329441686737,443.0,-926.7633481031104,0.09301570388765867,443.0,-923.0,1.5460851474252424,-0.004853355058816344,0.28476705583132633,67.18286209617823,76.08636022263254,TRACK
19.544,442.9087589292562,-926.726189335614,1.5512087279583315,1.5205766520145294,0.03590665266107398,0.7143905655934085,0.7152923653403502,443.0,-926.726189335614,0.09124107074381982,443.0,-923.0,1.5463147898985716,-0.004893938059759906,0.28470763465964977,67.18286209617823,76.08636022263254,TRACK
19.592,442.91038620263106,-926.6918900356117,1.5532263874994252,1.5215608822584377,0.03520485925485864,0.7144529301526014,0.7153197687180135,443.0,-926.6918900356117,0.0896137973689406,443.0,-923.0,1.546527943121735,-0.0066984443776902935,0.2846802312819865,70.27338313985076,73.09917398697995,TRACK
19.644,442.91213043158086,-926.654735804768,1.551684966589565,1.5223743493049604,0.03462316106241272,0.714470958354273,0.7153093831438443,443.0,-926.654735804768,0.08786956841913707,443.0,-923.0,1.5467582983310288,-0.004926668258536049,0.2846906168561557,70.27338313985076,73.09917398697995,TRACK
19.692,442.9137120278726,-926.6204447412642,1.5554092124960635,1.5231904168251065,0.03403752765098694,0.7144451276456054,0.715255474432134,443.0,-926.6204447412642,0.08628797212742256,443.0,-923.0,1.546967309753236,-0.008441902742827523,0.284744525567866,67.14393739095286,76.34931844841529,TRACK
19.744,442.91535211500286,-926.5833031967333,1.5537997227993416,1.5244069744699018,0.03316344096543451,0.7143804980820254,0.7151498513294893,443.0,-926.5833031967333,0.08464788499713904,443.0,-923.0,1.5471778552357545,-0.00662186756358718,0.2848501486705107,67.14393739095286,76.34931844841529,TRACK
19.792,442.9167976608512,-926.5490272773343,1.5539035152948486,1.5258905733150119,0.03209667510512293,0.7142759027040937,0.7149966865213795,443.0,-926.5490272773343,0.08320233914878372,443.0,-923.0,1.5473569179639286,-0.006546597330920001,0.2850033134786205,61.52029169768014,82.17138914274149,TRACK
19.844,442.91827362038526,-926.5119060977428,1.553946596990038,1.5276977828182587,0.030797181835959996,0.7141334301620486,0.7147971897566824,443.0,-926.5119060977428,0.08172637961473583,443.0,-923.0,1.5475292948319237,-0.006417302158114202,0.2852028102433176,61.52029169768014,82.17138914274149,TRACK
19.892,442.91955711335845,-926.477652769506,1.555754109009975,1.5296724598001672,0.029376971122860248,0.7139505813319105,0.7145547138019077,443.0,-926.477652769506,0.0804428866415492,443.0,-923.0,1.5476690770931127,-0.008085031916862162,0.2854452861980923,65.73958235065116,78.19676962254876,TRACK
19.944,442.92091032977135,-926.4405610807889,1.552018344880508,1.5313012650099052,0.02820321862434185,0.7137234749997518,0.7142804913383073,443.0,-926.4405610807889,0.07908967022865454,443.0,-923.0,1.547812940691072,-0.004205404189436157,0.2857195086616927,65.73958235065116,78.19676962254876,TRACK
19.992,442.92213399120743,-926.406339332813,1.5537128517402177,1.532613930281827,0.027254623410615374,0.7134538377411377,0.7139742243840544,443.0,-926.406339332813,0.07786600879256866,443.0,-923.0,1.5479411609641736,-0.005771690776044114,0.28602577561594555,72.96721656477511,71.2106079499173,TRACK
20.044,442.92346385336475,-926.369286276694,1.5536068004467594,1.5334206907370913,0.026666500506553198,0.713140564563612,0.7136389612930149,443.0,-926.369286276694,0.07653614663524877,443.0,-923.0,1.548084399111726,-0.0055224013350334555,0.28636103870698515,72.96721656477511,71.2106079499173,TRACK
20.092,442.92470676707285,-926.3351045033655,1.5553485462004972,1.533780763952911,0.02639613778413428,0.7127834641528911,0.7132720538894782,443.0,-926.3351045033655,0.07529323292715162,443.0,-923.0,1.5482241869778237,-0.007124359222673515,0.28672794611052177,64.12085535491266,80.27921756925323,TRACK
20.144,442.9260167275696,-926.2980979347797,1.5552326690421319,1.5343514578925856,0.025974531364864897,0.7123919248734809,0.7128652964653053,443.0,-926.2980979347797,0.07398327243038239,443.0,-923.0,1.5483679853095174,-0.006864683732614507,0.2871347035346947,64.12085535491266,80.27921756925323,TRACK
20.192,442.92718147104205,-926.263961304304,1.5531671654794794,1.5351688265818564,0.025376366540294723,0.7119676817197527,0.7124197777940942,443.0,-926.263961304304,0.07281852895795282,443.0,-923.0,1.548490164296287,-0.004677001183192475,0.28758022220590584,62.3128784594892,82.33710804127678,TRACK
20.244,442.9283771486602,-926.2270063730367,1.5547782123751455,1.5363166986068526,0.024542468373493213,0.7115141074166133,0.7119372569312016,443.0,-926.2270063730367,0.0716228513397823,443.0,-923.0,1.54860514220575,-0.006173070169395389,0.2880627430687984,62.3128784594892,82.33710804127678,TRACK
20.292,442.92940512427714,-926.1929198325755,1.5507360903180025,1.537830482989808,0.023448259982820283,0.7110318606837291,0.7114183915275089,443.0,-926.1929198325755,0.07059487572286116,443.0,-923.0,1.5486901106974125,-0.002045979620590055,0.28858160847249115,67.50502607825196,77.44068176603183,TRACK
20.344,442.9304675507037,-926.1560222462833,1.5504073611643794,1.5392913560766006,0.02239231609085248,0.7105198479495126,0.710872611759738,443.0,-926.1560222462833,0.06953244929627544,443.0,-923.0,1.548768217700208,-0.0016391434641713776,0.28912738824026196,67.50502607825196,77.44068176603183,TRACK
20.392,442.9314001405673,-926.1219911298246,1.5519594094735392,1.5407269453727563,0.021355139880894082,0.7099814586791109,0.710302550796103,443.0,-926.1219911298246,0.06859985943270885,443.0,-923.0,1.5488267505307491,-0.003132658942790023,0.28969744920389695,81.69190677028713,63.55321317378143,TRACK
20.444,442.93239832182996,-926.0851562645988,1.551645658008995,1.5417673603159487,0.020599368652113044,0.7094149256222699,0.7097139358111242,443.0,-926.0851562645988,0.06760167817003548,443.0,-923.0,1.5488879188419147,-0.002757739167080331,0.2902860641888758,81.69190677028713,63.55321317378143,TRACK
20.492,442.93335678124197,-926.0511864666333,1.5533358704106717,1.5420543963384372,0.02037835616973792,0.7088161451527974,0.7091090219630916,443.0,-926.0511864666333,0.06664321875803125,443.0,-923.0,1.548958059983069,-0.0043778104276026575,0.29089097803690844,68.87207842838215,76.64514034400018,TRACK
20.544,442.9344065797917,-926.0144202695941,1.5531562673667956,1.5421229976199002,0.020311883287355385,0.7081952821134483,0.708486506724317,443.0,-926.0144202695941,0.06559342020830172,443.0,-923.0,1.5490398812357071,-0.004116386131088445,0.291513493275683,68.87207842838215,76.64514034400018,TRACK
20.592,442.9353667896259,-925.9805142163366,1.5509816785639894,1.5422491982902773,0.020204254177853802,0.7075585717097453,0.707846978016307,443.0,-925.9805142163366,0.06463321037409742,443.0,-921.0,1.5578198388901556,0.006838160326166243,0.292153021983693,66.61967252274523,79.15543186181826,TRACK
20.644,442.9363844952552,-925.9438175032392,1.5507565415187317,1.5425361777335738,0.01998270695124173,0.7069101789976756,0.7071925549294371,443.0,-925.9438175032392,0.06361550474480282,443.0,-921.0,1.5579293481989038,0.007172806680172172,0.2928074450705629,66.61967252274523,79.15543186181826,TRACK
20.692,442.9372859619306,-925.9099760288655,1.548499972998584,1.5431051576829269,0.019561954026648738,0.7062523669902816,0.7065232309872875,443.0,-925.9099760288655,0.06271403806937315,443.0,-921.0,1.5580242424580284,0.009524269459444401,0.29347676901271247,107.94481218927908,38.09629393595904,TRACK
20.744,442.93828638006374,-925.8733510206699,1.5483120120947889,1.5432388973049063,0.019448853705608622,0.7055785167828198,0.7058465139503814,443.0,-925.8733510206699,0.06171361993625624,443.0,-921.0,1.558133516110293,0.009821504015504079,0.29415348604961855,107.94481218927908,38.09629393595904,TRACK
20.792,442.93933369970546,-925.8395792644388,1.5504204353865771,1.5420355245604633,0.02027846062947499,0.7048784250938546,0.7051700575948286,443.0,-925.8395792644388,0.06066630029454245,443.0,-921.0,1.5582615340723465,0.007841098685769321,0.29482994240517135,94.35944577095285,51.94153509124829,TRACK
20.844,442.9405858488092,-925.8030316003836,1.5506635358410505,1.5401186435862868,0.021608926068816103,0.7041648689902789,0.704496350881922,443.0,-925.8030316003836,0.05941415119082194,443.0,-921.0,1.558426822304954,0.0077632864639034516,0.295503649118078,94.35944577095285,51.94153509124829,TRACK
20.892,442.94180677901704,-925.7693297938645,1.5531262946203792,1.5381851980216008,0.022948418043742855,0.703449504045909,0.7038237241192895,443.0,-925.7693297938645,0.05819322098295743,443.0,-921.0,1.5585953811983233,0.005469086577944093,0.2961762758807105,82.1397038449588,64.3745981205727,TRACK
20.944,442.9431663777876,-925.7328558083132,1.5536393570457467,1.5365614624702935,0.024067617299336753,0.7027401573021099,0.7031521733504502,443.0,-925.7328558083132,0.05683362221242305,443.0,-921.0,1.5587885891931519,0.005149232147405147,0.2968478266495498,82.1397038449588,64.3745981205727,TRACK
20.992,442.9444176734319,-925.699219827994,1.5521931478230957,1.5355311115461927,0.024767981984218174,0.7020434587398501,0.7024802281139179,443.0,-925.699219827994,0.05558232656812834,443.0,-921.0,1.5589688880272263,0.006775740204130631,0.29751977188608214,77.504311447863,69.21243949610879,TRACK
21.044,442.9457580998186,-925.6628149816622,1.5527497725078159,1.534993710068892,0.02512128896957941,0.7013608677220952,0.7018106197054754,443.0,-925.6628149816622,0.05424190018140962,443.0,-921.0,1.5591639858468576,0.0064142133390416856,0.2981893802945246,77.504311447863,69.21243949610879,TRACK
21.092,442.9469582511774,-925.6292411171713,1.5512948820386427,1.5350185983121858,0.025079941488363348,0.7006939925988629,0.7011426921313486,443.0,-925.6292411171713,0.05304174882257939,443.0,-921.0,1.5593388488924775,0.008043966853834794,0.2988573078686514,87.20048239749049,59.72161820832473,TRACK
21.144,442.9482462613949,-925.5929020680934,1.5518622235944985,1.5351402958140334,0.024971261508160557,0.7000408485983656,0.7004860838072579,443.0,-925.5929020680934,0.05175373860510035,443.0,-921.0,1.5595286037792966,0.007666380184798038,0.29951391619274215,87.20048239749049,59.72161820832473,TRACK
21.192,442.94945372054923,-925.5593878879536,1.5546208693326071,1.5350156623337639,0.02503570964729154,0.6994007817752229,0.6998487267298101,443.0,-925.5593878879536,0.050546279450770726,443.0,-921.0,1.5597105823772255,0.00508971304461836,0.30015127327018987,89.02787668771974,58.08277452150428,TRACK
21.244,442.9507940267081,-925.5231116757267,1.5534234615595166,1.534613893939234,0.02529450272455074,0.6987773212194386,0.6992349794730643,443.0,-925.5231116757267,0.04920597329191878,443.0,-921.0,1.559917967865474,0.0064945063059573815,0.30076502052693566,89.02787668771974,58.08277452150428,TRACK
21.292,442.9520795944022,-925.4896534800923,1.5582516958388013,1.5338374833880843,0.025815357874061057,0.6981712686264476,0.6986483758212203,443.0,-925.4896534800923,0.04792040559777888,443.0,-921.0,1.5601232122276398,0.0018715163888385344,0.3013516241787797,82.5918944115108,64.64042318246891,TRACK
21.344,442.95350438987646,-925.4534351049249,1.5590790183615912,1.5330127492616172,0.026369952156266058,0.697588849772631,0.6980870846132495,443.0,-925.4534351049249,0.046495610123542974,443.0,-921.0,1.5603563136880927,0.0012772953265014486,0.30191291538675047,82.5918944115108,64.64042318246891,TRACK
21.392,442.9548290395246,-925.4200268045767,1.5580222095430525,1.5323675802557295,0.026799372586031454,0.6970349423914831,0.6975499389188584,443.0,-925.4200268045767,0.04517096047538871,443.0,-921.0,1.5605770702129507,0.0025548606698981846,0.3024500610811416,67.23389743004938,80.07479276131545,TRACK
21.444,442.9562264096075,-925.3838583483785,1.5586899252268551,1.5323021870118554,0.026824967738794357,0.6965142446577011,0.6970306104506998,443.0,-925.3838583483785,0.0437735903925045,443.0,-921.0,1.560811484173492,0.0021215589466367923,0.3029693895493002,67.23389743004938,80.07479276131545,TRACK
21.492,442.9574331790337,-925.3504922857408,1.5573404623676228,1.5331208921287904,0.026235589429830584,0.6960284657607204,0.6965227428461708,443.0,-925.3504922857408,0.042566820966271735,443.0,-921.0,1.5610122702131628,0.0036718078455399983,0.3034772571538292,80.66851514853211,66.7139765022027,TRACK
21.544,442.958689291701,-925.3143663988185,1.5580005403694377,1.534141232591879,0.025507737620492035,0.695573510875092,0.696041057488434,443.0,-925.3143663988185,0.04131070829902228,443.0,-921.0,1.5612214687401431,0.0032209283707054226,0.30395894251156597,80.66851514853211,66.7139765022027,TRACK
21.592,442.95981916673026,-925.2810370293862,1.5609906286109347,1.5351087996754065,0.02481870154180553,0.6951494341792828,0.6955923402295329,443.0,-925.2810370293862,0.0401808332697442,443.0,-921.0,1.5614108313700805,0.0004202027591457824,0.30440765977046713,82.76159684159734,64.70842784522404,TRACK
21.644,442.9610224210744,-925.2449473962138,1.5615735063821488,1.5359335957218057,0.024230983318553136,0.6947581247232317,0.6951805466362861,443.0,-925.2449473962138,0.03897757892559639,443.0,-921.0,1.5616144736579807,4.096727583191573e-05,0.30481945336371385,82.76159684159734,64.70842784522404,TRACK
21.692,442.962140327107,-925.2116482544674,1.5645199980189597,1.5363894455013156,0.02390153731156988,0.6943990229709227,0.6948102522191425,443.0,-925.2116482544674,0.03785967289297787,443.0,-921.0,1.5618072918902244,-0.0027127061287353094,0.3051897477808575,69.72239964813052,77.75403968582826,TRACK
21.744,442.9633348238031,-925.1755875964014,1.5632285151503544,1.5368420585708222,0.02357588086079732,0.6940753326825876,0.6944756220320532,443.0,-925.1755875964014,0.036665176196891025,443.0,-921.0,1.5620157101607142,-0.0012128049896402704,0.30552437796794685,69.72239964813052,77.75403968582826,TRACK
21.792,442.964408279551,-925.1423111589704,1.5637551712580813,1.5374389306879885,0.02315160405441301,0.6937896558449131,0.6941758302675881,443.0,-925.1423111589704,0.035591720449019704,443.0,-921.0,1.5622043009304156,-0.0015508703276656544,0.3058241697324119,71.83954719098683,75.59307653306713,TRACK
21.844,442.9655471692945,-925.1062709842602,1.5643388416589896,1.5380570678957555,0.022714146678260577,0.6935413753105033,0.6939132306901965,443.0,-925.1062709842602,0.03445283070550431,443.0,-921.0,1.562406227258792,-0.001932614400197652,0.3060867693098035,71.83954719098683,75.59307653306713,TRACK
21.892,442.9665654982101,-925.0730099040829,1.562718258875753,1.5388030196080658,0.0221895103506007,0.6933306035774435,0.6936855917681017,443.0,-925.0730099040829,0.03343450178988405,443.0,-921.0,1.5625877165482591,-0.00013054232749398764,0.30631440823189826,71.88488547113889,75.49467321870068,TRACK
21.944,442.96763538825377,-925.0369823262153,1.5632054886731006,1.539609574059365,0.021624364714011416,0.6931582048962808,0.6934954290868246,443.0,-925.0369823262153,0.03236461174623173,443.0,-921.0,1.5627794677229818,-0.0004260209501187884,0.3065045709131754,71.88488547113889,75.49467321870068,TRACK
21.992,442.9685773234581,-925.0037288088803,1.5659850593196687,1.5406131185365775,0.02092411459553205,0.6930263970834122,0.6933421995133588,443.0,-925.0037288088803,0.0314226765419221,443.0,-921.0,1.5629481350495062,-0.0030369242701624444,0.30665780048664115,78.42534151641263,68.87671850000567,TRACK
22.044,442.9695594361133,-924.967705075589,1.5663505626660255,1.541637269310665,0.020211048127921058,0.6929345937183671,0.6932292821556715,443.0,-924.967705075589,0.03044056388671379,443.0,-921.0,1.5631243940087447,-0.003226168657280759,0.3067707178443285,78.42534151641263,68.87671850000567,TRACK
22.092,442.9704553019121,-924.9344514793099,1.5690743524463637,1.5424159308682155,0.019669536066347387,0.6928816254521054,0.6931607587985755,443.0,-924.9344514793099,0.029544698087875076,443.0,-921.0,1.5632872386959016,-0.005787113750462147,0.3068392412014245,65.79243660230154,81.40166850585692,TRACK
22.144,442.9713763506951,-924.8984235304051,1.569506334344663,1.5434032407740712,0.01898456525158115,0.6928688664800413,0.6931289056554552,443.0,-924.8984235304051,0.028623649304904575,443.0,-921.0,1.5634540935233694,-0.00605224082129352,0.30687109434454485,65.79243660230154,81.40166850585692,TRACK
22.192,442.97218161454254,-924.8651619344599,1.567681668894705,1.5445189941989532,0.018211682967775183,0.6928972336457229,0.6931365246402863,443.0,-924.8651619344599,0.027818385457464956,443.0,-921.0,1.5635992402006615,-0.004082428694043516,0.3068634753597137,61.72631387833864,85.32025527641039,TRACK
22.244,442.9730018586192,-924.8291211360915,1.5678933971110096,1.5457520233917714,0.017358467522174716,0.6929654985800384,0.6931828753056437,443.0,-924.8291211360915,0.026998141380772722,443.0,-921.0,1.5637457026310617,-0.004147694479947894,0.3068171246943563,61.72631387833864,85.32025527641039,TRACK
22.292,442.9737080768833,-924.7958441039484,1.5657981121732445,1.5470911133237755,0.016432512065137683,0.693072600120691,0.6932673773450083,443.0,-924.7958441039484,0.026291923116673388,443.0,-921.0,1.563869935208587,-0.0019281769646575242,0.3067326226549917,73.81658318897999,73.06976727038801,TRACK
22.344,442.974471802807,-924.759782898537,1.565898397954531,1.5479768445124156,0.015821595790062485,0.693216841886238,0.693397370032562,443.0,-924.759782898537,0.025528197193011692,443.0,-921.0,1.5640066249432267,-0.0018917730113041653,0.30660262996743803,73.81658318897999,73.06976727038801,TRACK
22.392,442.97517125983774,-924.7264834357513,1.5683029245809221,1.5486132698950752,0.015384244779414278,0.6933995300379862,0.6935701718242596,443.0,-924.7264834357513,0.02482874016226333,443.0,-921.0,1.5641336451553098,-0.004169279425612293,0.3064298281757404,77.55676217314739,69.13841020728883,TRACK
22.444,442.9759210567347,-924.6903940183594,1.566141397542828,1.549107035681307,0.01504646899006246,0.6936192346628904,0.6937824146830206,443.0,-924.6903940183594,0.024078943265294583,443.0,-921.0,1.5642716572192925,-0.0018697403235354848,0.3062175853169794,77.55676217314739,69.13841020728883,TRACK
22.492,442.9766167629735,-924.6570652883742,1.5708840642549815,1.549393616373083,0.01485306283469524,0.6938744920064102,0.6940334459755705,443.0,-924.6570652883742,0.023383237026507686,443.0,-921.0,1.5644024244358365,-0.006481639819144958,0.3059665540244295,72.96519191955277,73.5025054021339,TRACK
22.544,442.9773523634951,-924.6209408277081,1.57104394864773,1.5497587952607794,0.014605648199338567,0.6941638281336038,0.694317467192366,443.0,-924.6209408277081,0.02264763650492796,443.0,-921.0,1.5645417807358695,-0.006502167911860424,0.305682532807634,72.96519191955277,73.5025054021339,TRACK
22.592,442.9780160867586,-924.5875765834156,1.5688727280859065,1.5501605531632758,0.014333320126131732,0.6944874362525626,0.6946353310755906,443.0,-924.5875765834156,0.021983913241399478,443.0,-921.0,1.564668614236685,-0.00420411384922148,0.3053646689244094,57.01717346668627,89.22000900953864,TRACK
22.644,442.9786706284128,-924.5514102771277,1.5689658875678747,1.5510502464293254,0.013722226908138142,0.6948438951173141,0.6949793796172081,443.0,-924.5514102771277,0.021329371587228252,443.0,-921.0,1.5647905112249219,-0.004175376342952841,0.3050206203827919,57.01717346668627,89.22000900953864,TRACK
22.692,442.97920975767937,-924.5180046135114,1.5712830108568867,1.5523145185317297,0.012850598392574656,0.6952314956954785,0.6953502502235973,443.0,-924.5180046135114,0.020790242320629204,443.0,-921.0,1.5648867267283066,-0.006396284128580065,0.3046497497764027,74.15289389944425,71.85688550887178,TRACK
22.744,442.97980624432086,-924.4817907697338,1.568836232129496,1.5530195072009862,0.012367702888240704,0.6956474976278509,0.6957574297344029,443.0,-924.4817907697338,0.020193755679144942,443.0,-921.0,1.5649965729917437,-0.003839659137752305,0.3042425702655971,74.15289389944425,71.85688550887178,TRACK
22.792,442.98037348870696,-924.4483386843708,1.5687784335721056,1.5533073788336622,0.012175163859367904,0.6960923292301424,0.6961987973474584,443.0,-924.4483386843708,0.019626511293040494,443.0,-921.0,1.565104803668656,-0.00367362990344966,0.3038012026525416,70.47749037109186,75.29743454322816,TRACK
22.844,442.98099063396955,-924.4120717743871,1.5687100905617324,1.553473427556333,0.01206771885297813,0.6965642158132129,0.6966687423659761,443.0,-924.4120717743871,0.019009366030445563,443.0,-921.0,1.5652251751258326,-0.0034849154358997936,0.3033312576340239,70.47749037109186,75.29743454322816,TRACK
22.892,442.9815583703406,-924.3785684832666,1.5710130501619122,1.5536061936810432,0.011983761626802683,0.6970615713655488,0.6971645751308195,443.0,-924.3785684832666,0.018441629659378123,443.0,-921.0,1.565337965775372,-0.005675084386540075,0.30283542486918047,70.86301889966208,74.6395484957491,TRACK
22.944,442.9821559785812,-924.3422440125273,1.5709329153821316,1.5538654348596332,0.011811808215187004,0.6975816513633777,0.6976816459762786,443.0,-924.3422440125273,0.01784402141879582,443.0,-921.0,1.5654574431551898,-0.005475472226941891,0.3023183540237214,70.86301889966208,74.6395484957491,TRACK
22.992,442.98269763184123,-924.3086857158079,1.5684301358230026,1.554142901797701,0.011627230360918724,0.6981239869654113,0.6982208058074091,443.0,-924.3086857158079,0.017302368158766512,443.0,-921.0,1.5655669965023382,-0.0028631393206643985,0.3017791941925909,63.22803511579875,82.01758899625383,TRACK
23.044,442.9832473949429,-924.2722997476355,1.5683090982374024,1.5546845802096196,0.011258028303555209,0.6986861465336521,0.6987768417451509,443.0,-924.2722997476355,0.01675260505709275,443.0,-921.0,1.5656768511990469,-0.0026322470383555174,0.30122315825484913,63.22803511579875,82.01758899625383,TRACK
23.092,442.98371555182405,-924.238683274397,1.5656909275585194,1.5554509242790118,0.01073136232229472,0.6992661126114147,0.6993484527644085,443.0,-924.238683274397,0.016284448175952093,443.0,-921.0,1.565768261508915,7.733395039566382e-05,0.3006515472355915,76.78842477521636,68.20648854515858,TRACK
23.144,442.98424033917627,-924.2022331957426,1.5678776537551034,1.5557835841977332,0.010507608072506728,0.6998600410636513,0.6999389165527382,443.0,-924.2022331957426,0.015759660823732702,443.0,-921.0,1.5658749070777034,-0.002002746677399969,0.3000610834472618,76.78842477521636,68.20648854515858,TRACK
23.192,442.9847552180153,-924.1685566171178,1.5677313477068893,1.5556871803884686,0.010584270115243656,0.7004674124968489,0.7005473736614127,443.0,-924.1685566171178,0.015244781984677047,443.0,-921.0,1.5659850937326294,-0.0017462539742598704,0.29945262633858727,73.07141937049428,71.67758161826137,TRACK
23.244,442.9853413049497,-924.1320404833256,1.5651448081064059,1.5553577937696565,0.01082459147946019,0.7010854878784641,0.701169047444681,443.0,-924.1320404833256,0.014658695050286497,443.0,-921.0,1.5661161229154625,0.0009713148090566559,0.298830952555319,73.07141937049428,71.67758161826137,TRACK
23.292,442.98590553335737,-924.0983024441083,1.5699734344557508,1.5549077428655889,0.011150149934128637,0.7017121030802457,0.7018006849903005,443.0,-924.0983024441083,0.014094466642632142,443.0,-921.0,1.5662472649543266,-0.003726169501424126,0.29819931500969954,81.80133662339603,62.69004579068658,TRACK
23.344,442.98653929378963,-924.0617195315243,1.569906437473686,1.5544051261806788,0.011513292674353682,0.7023440093943409,0.7024383698519916,443.0,-924.0617195315243,0.01346070621036688,443.0,-921.0,1.566399902058291,-0.003506535415394918,0.2975616301480084,81.80133662339603,62.69004579068658,TRACK
23.392,442.98717536227963,-924.027919829091,1.567429758823519,1.5535548086027648,0.012121639644550732,0.7029797696822634,0.7030842700062351,443.0,-924.027919829091,0.012824637720370902,443.0,-921.0,1.5665608906679713,-0.000868868155547764,0.2969157299937649,60.43387922625396,83.82220867718988,TRACK
23.444,442.9878603199924,-923.9912700640343,1.569923022485957,1.553047992712808,0.012489358066598254,0.7036179612521658,0.703728796811364,443.0,-923.9912700640343,0.01213968000757859,443.0,-919.0,1.5683641490296292,-0.0015588734563278805,0.296271203188636,60.43387922625396,83.82220867718988,TRACK
23.492,442.98844505278174,-923.9574088352217,1.5648629208534732,1.553216816515301,0.012381759332085764,0.7042564682392085,0.7043653036748198,443.0,-923.9574088352217,0.011554947218257894,443.0,-919.0,1.5684654868990908,0.0036025660456175945,0.29563469632518025,75.97746397217657,68.05785326385237,TRACK
23.544,442.9890862697122,-923.9206933123832,1.5647468119190613,1.5532577722616907,0.01236402675145995,0.7048904157688903,0.7049988421269568,443.0,-923.9206933123832,0.010913730287825274,443.0,-919.0,1.5685784051120248,0.003831593192963556,0.29500115787304315,75.97746397217657,68.05785326385237,TRACK
23.592,442.9896928127787,-923.8867723913253,1.5671783768902825,1.5531383537985624,0.012459327248419827,0.7055188196300725,0.7056288257205016,443.0,-923.8867723913253,0.010307187221314962,443.0,-919.0,1.5686871285119932,0.0015087516217107133,0.29437117427949844,90.32464351739762,53.533878341321845,TRACK
23.644,442.9903817633209,-923.8499932527208,1.5646632149748994,1.5527625588340905,0.012735729822517226,0.706139127213019,0.706253966923568,443.0,-923.8499932527208,0.009618236679102665,443.0,-919.0,1.5688131850524474,0.004149970077548026,0.293746033076432,90.32464351739762,53.533878341321845,TRACK
23.692,442.9911029127739,-923.8160150551059,1.569848467904343,1.5516453019578047,0.013536605812759384,0.7067481236299312,0.7068777475287779,443.0,-923.8160150551059,0.00889708722610294,443.0,-919.0,1.5689489328389432,-0.000899535065399748,0.29312225247122214,80.46253216642648,63.216133949036625,TRACK
23.744,442.9919570302502,-923.7791755374427,1.5700798964603602,1.5502326420613606,0.014547661407290788,0.7073445723234703,0.7074941543559877,443.0,-923.7791755374427,0.008042969749794793,443.0,-919.0,1.5691134084560237,-0.0009664880043365187,0.2925058456440123,80.46253216642648,63.216133949036625,TRACK
23.792,442.99278922671317,-923.7451429026263,1.5678260726941795,1.5488709639285643,0.015524079123864696,0.7079286008799215,0.7080987932318817,443.0,-923.7451429026263,0.007210773286828953,443.0,-919.0,1.569276716556725,0.0014506438625454532,0.29190120676811826,62.31034605206109,81.19079607749056,TRACK
23.844,442.99368746305674,-923.7082460847231,1.5707192688506677,1.5480246410985994,0.016136472973794894,0.7084975572280919,0.7086812925132195,443.0,-923.7082460847231,0.006312536943255509,443.0,-919.0,1.5694555869424704,-0.0012636819081972561,0.29131870748678046,62.31034605206109,81.19079607749056,TRACK
23.892,442.9944705306323,-923.6741626572898,1.5657276757697605,1.547954786135564,0.016198575171590474,0.7090484038994288,0.7092334121499897,443.0,-923.6741626572898,0.005529469367672846,443.0,-919.0,1.5696133412649356,0.0038856654951751057,0.2907665878500103,71.54398537863649,71.82535150601662,TRACK
23.944,442.995308876116,-923.6372135547266,1.5684730241877205,1.5480095441247046,0.016171783847690233,0.7095773451715282,0.7097616046064272,443.0,-923.6372135547266,0.004691123884015269,443.0,-919.0,1.569784701553062,0.0013116773653414349,0.29023839539357277,71.54398537863649,71.82535150601662,TRACK
23.992,442.9960661753876,-923.6030843923602,1.5686013933980905,1.5482202443813082,0.016033633356710663,0.7100837499499227,0.7102647459515091,443.0,-923.6030843923602,0.003933824612374792,443.0,-919.0,1.5699417207700295,0.0013403273719390096,0.2897352540484909,80.88325614471073,62.42374117530109,TRACK
24.044,442.99687940591065,-923.566088344388,1.568728581832104,1.5484298312705127,0.01589552866374053,0.710566298818384,0.7107440698647838,443.0,-923.566088344388,0.003120594089352835,443.0,-919.0,1.570112898580605,0.0013843167485010355,0.2892559301352162,80.88325614471073,62.42374117530109,TRACK
24.092,442.9976618699742,-923.5319185547698,1.5715590290629966,1.5482445301068208,0.016037560761466077,0.7110228101980113,0.7112036557674988,443.0,-923.5319185547698,0.002338130025805185,443.0,-919.0,1.5702804018527128,-0.0012786272102838225,0.2887963442325012,75.91433965899124,67.33664941925669,TRACK
24.144,442.99853306217517,-923.4948815664012,1.5692551924571012,1.5479060157870859,0.016288208155363006,0.7114522483407144,0.711638677556223,443.0,-923.4948815664012,0.0014669378248299836,443.0,-919.0,1.5704699694146012,0.0012147769574999412,0.288361322443777,75.91433965899124,67.33664941925669,TRACK
24.192,442.9993563348857,-923.4606767124573,1.5694722692596985,1.5474947025288466,0.01659036548196128,0.7118543547627569,0.712047654740556,443.0,-923.4606767124573,0.0006436651142962546,443.0,-919.0,1.5706520291577173,0.001179759898018773,0.287952345259444,75.16780515848208,68.03096500732985,TRACK
24.244,443.00026921845904,-923.4236049965906,1.5697463574559292,1.5470328754542035,0.016928146229952534,0.7122264950829242,0.7124276401382034,443.0,-923.4236049965906,0.00026921845903871144,443.0,-919.0,1.570857186310815,0.0011108288548857814,0.28757235986179663,75.16780515848208,68.03096500732985,TRACK
24.292,443.00111862332085,-923.389371554366,1.5674064899428313,1.5466672876385783,0.017196872166836404,0.7125660713582955,0.7127735534258535,443.0,-923.389371554366,0.0011186233208491103,443.0,-919.0,1.5710511749622884,0.003644685019457139,0.28722644657414653,75.14946907784129,68.03095672005456,TRACK
24.344,443.0020513349942,-923.3522727580507,1.5676909558584207,1.5463145664222473,0.017455833940464936,0.7128713831202406,0.7130850685649798,443.0,-923.3522727580507,0.002051334994177978,443.0,-919.0,1.5712676517683795,0.0035766959099587936,0.2869149314350202,75.14946907784129,68.03095672005456,TRACK
24.392,443.00290961615013,-923.3180178456697,1.570725333620157,1.5461153764443902,0.017604592156817266,0.713141801806406,0.713359061867651,443.0,-923.3180178456697,0.0029096161501342976,443.0,-919.0,1.5714701581253259,0.000744824505168884,0.28664093813234903,83.77731239008334,59.4306268816387,TRACK
24.444,443.0038417417128,-923.2808996685844,1.5684226202047906,1.5459661329265153,0.01771690695826919,0.7133760554020621,0.7135960238210229,443.0,-923.2808996685844,0.003841741712790281,443.0,-919.0,1.5716937411187277,0.003271120913937109,0.28640397617897706,83.77731239008334,59.4306268816387,TRACK
24.492,443.0047368703252,-923.246630685738,1.5741232458807821,1.5455163071553695,0.01804296898828328,0.713572435933526,0.7138005113853718,443.0,-923.246630685738,0.004736870325189102,443.0,-919.0,1.5719117683557895,-0.002211477524992622,0.2861994886146282,77.80694945004635,65.46590336689772,TRACK
24.544,443.0057256761902,-923.2095014143789,1.5719987492314977,1.5450453091367569,0.018383353933772544,0.7137306405811634,0.7139673486975803,443.0,-923.2095014143789,0.005725676190195372,443.0,-919.0,1.572156505138023,0.00015775590652533644,0.2860326513024197,77.80694945004635,65.46590336689772,TRACK
24.592,443.006644914437,-923.1752258765428,1.572385317552367,1.5446736155187524,0.018651958939931403,0.7138507130996861,0.7140943468234623,443.0,-923.1752258765428,0.00664491443700399,443.0,-919.0,1.5723878356193732,2.5180670062407984e-06,0.2859056531765377,67.86383431774733,75.48884145555145,TRACK
24.644,443.007624643892,-923.1380936789901,1.5728400090447,1.544583971087275,0.0187181061809357,0.7139312162729321,0.7141765531491138,443.0,-923.1380936789901,0.007624643891972482,443.0,-919.0,1.5726388745608333,-0.00020113448386660515,0.28582344685088623,67.86383431774733,75.48884145555145,TRACK
24.692,443.0084845196485,-923.1038197174041,1.57055622633993,1.544979260859565,0.018436696408990125,0.713969593808632,0.7142075977317381,443.0,-923.1038197174041,0.008484519648504829,443.0,-919.0,1.5728637927519735,0.002307566412043549,0.28579240226826186,72.98148163471622,70.49827147523057,TRACK
24.744,443.009393679323,-923.0666937353815,1.5709145488591936,1.5454459572474313,0.018103196628868515,0.7139666534357176,0.714196127087218,443.0,-923.0666937353815,0.009393679323011384,443.0,-919.0,1.573106228456328,0.0021916795971343994,0.285803872912782,72.98148163471622,70.49827147523057,TRACK
24.792,443.01020870772675,-923.0324292918191,1.5740304942398617,1.5459948337992748,0.017709993252669698,0.7139232257089853,0.7141428541039477,443.0,-923.0324292918191,0.01020870772674698,443.0,-919.0,1.5733279733974666,-0.0007025208423951934,0.28585714589605227,81.9489202430997,61.714367429694306,TRACK
24.844,443.0110765185199,-922.9953174855206,1.5743977230561648,1.5464924403167015,0.017352529799110384,0.7138411006432293,0.7140519779805711,443.0,-922.9953174855206,0.011076518519928413,443.0,-919.0,1.5735686947436083,-0.0008290283125564901,0.2859480220194289,81.9489202430997,61.714367429694306,TRACK
24.892,443.0119002460398,-922.9610695623215,1.5776065122911729,1.5465822309749382,0.017285490868284042,0.7137211554109495,0.7139304419029198,443.0,-922.9610695623215,0.011900246039772355,443.0,-919.0,1.5738006189562819,-0.0038058933348910085,0.28606955809708023,66.93054274886013,76.91616626465763,TRACK
24.944,443.01277707629305,-922.9239794945893,1.5780407940101628,1.5467844219051414,0.017137311153740512,0.7135634376765794,0.7137691973056821,443.0,-922.9239794945893,0.01277707629304814,443.0,-919.0,1.574052467953256,-0.00398832605690691,0.2862308026943179,66.93054274886013,76.91616626465763,TRACK
24.992,443.01354672343723,-922.8897552625066,1.5756703959023919,1.5473187016090606,0.01675126267625729,0.7133679267594195,0.713564575725478,443.0,-922.8897552625066,0.013546723437229957,443.0,-919.0,1.5742789800093369,-0.0013914158930550258,0.28643542427452195,62.34393599781208,81.68299495131271,TRACK
25.044,443.0143183978442,-922.8526948198537,1.575970335106168,1.5482486040911236,0.01608228309412307,0.7131344394803647,0.7133157565920534,443.0,-922.8526948198537,0.014318397844192532,443.0,-919.0,1.5745127727092174,-0.0014575623969506069,0.2866842434079466,62.34393599781208,81.68299495131271,TRACK
25.092,443.0149614387574,-922.8185017864689,1.5790301105896327,1.5495579160684012,0.015142324003186238,0.7128615874262579,0.7130223929191157,443.0,-922.8185017864689,0.014961438757381984,443.0,-919.0,1.574714450455119,-0.004315660134513788,0.28697760708088427,77.44426358365239,66.8208516597736,TRACK
25.144,443.0156344622762,-922.7814786501536,1.5764289009073404,1.5506286994354788,0.014372476593995272,0.7125542185644622,0.7126991528530509,443.0,-922.7814786501536,0.01563446227618215,443.0,-919.0,1.574930787052003,-0.0014981138553373796,0.28730084714694915,77.44426358365239,66.8208516597736,TRACK
25.192,443.01624292503305,-922.7473226652224,1.5766021269475965,1.5514522912598352,0.013778817388292697,0.7122142988569343,0.7123475719793635,443.0,-922.7473226652224,0.01624292503305469,443.0,-919.0,1.5751308409960818,-0.0014712859515146892,0.2876524280206365,72.32831786517173,72.19289481693946,TRACK
25.244,443.01687702874733,-922.7103426165826,1.5768174454460313,1.5522210126126594,0.013224237071556207,0.7118434677945399,0.7119662935054446,443.0,-922.7103426165826,0.01687702874733077,443.0,-919.0,1.5753449397119839,-0.0014725057340474468,0.2880337064945554,72.32831786517173,72.19289481693946,TRACK
25.292,443.0174331140927,-922.6762293035546,1.5798693797827124,1.553016627350858,0.012650543073034017,0.7114411615622848,0.7115536259517871,443.0,-922.6762293035546,0.017433114092682445,443.0,-919.0,1.5755384095046976,-0.004330970278014767,0.28844637404821294,72.60733884547147,72.14184009812374,TRACK
25.344,443.017996142595,-922.6392986291696,1.577280082103123,1.5539029655395853,0.01201246791688687,0.7110086018373466,0.7111100697305254,443.0,-922.6392986291696,0.01799614259499549,443.0,-919.0,1.5757412345222486,-0.001538847580874414,0.2888899302694746,72.60733884547147,72.14184009812374,TRACK
25.392,443.01849154215296,-922.605233429923,1.5774635884636825,1.5547250485010768,0.011420392589454091,0.7105476690339569,0.7106394411630182,443.0,-922.605233429923,0.018491542152958118,443.0,-919.0,1.5759253649999296,-0.0015382234637528747,0.28936055883698175,72.45282066653412,72.55043916496764,TRACK
25.444,443.0190047346385,-922.5683572953669,1.5776082364721462,1.5554785038905103,0.010877435374196944,0.7100607366920262,0.7101440476353673,443.0,-922.5683572953669,0.019004734638485843,443.0,-919.0,1.5761221821891223,-0.001486054283023952,0.2898559523646327,72.45282066653412,72.55043916496764,TRACK
25.492,443.019449884501,-922.5343447623432,1.5749217298964964,1.556258201964719,0.010316217407395826,0.7095475321481469,0.7096225226971888,443.0,-922.5343447623432,0.01944988450100027,443.0,-919.0,1.57629938025203,0.0013776503555336106,0.29037747730281116,72.89124367459875,72.36976795252345,TRACK
25.544,443.019912424686,-922.4975279200493,1.5750708807116476,1.55694864726063,0.009818792560176152,0.7090115651820815,0.709079550014866,443.0,-922.4975279200493,0.019912424686026498,443.0,-919.0,1.5764895506952066,0.0014186699835589955,0.290920449985134,72.89124367459875,72.36976795252345,TRACK
25.592,443.02031173847985,-922.4635717583569,1.5781114471288091,1.557678554568265,0.00929387824405893,0.7084545297083572,0.7085154880714358,443.0,-922.4635717583569,0.020311738479847463,443.0,-919.0,1.5766606504047955,-0.0014507967240136033,0.29148451192856417,82.80866293311422,62.71422353291157,TRACK
25.644,443.02072617013215,-922.4268174634525,1.5782816871715688,1.5583224538901443,0.00883046467221273,0.7078801215517655,0.7079351973129104,443.0,-922.4268174634525,0.020726170132149946,443.0,-919.0,1.5768444801121895,-0.0014372070593793307,0.29206480268708956,82.80866293311422,62.71422353291157,TRACK
25.692,443.02112576867614,-922.3929200177304,1.5756695541441708,1.5585621682387645,0.008653541420219589,0.7072909540657698,0.707343889124928,443.0,-922.3929200177304,0.021125768676142798,443.0,-919.0,1.5770226732952755,0.001353119151104698,0.29265611087507204,67.35409819119175,78.42472031454199,TRACK
25.744,443.0215318705965,-922.3562304964381,1.581691092854894,1.5589696187486455,0.008358180233270484,0.7066878211483484,0.7067372466031572,443.0,-922.3562304964381,0.021531870596504632,443.0,-919.0,1.5772117309871483,-0.004479361867745668,0.2932627533968428,67.35409819119175,78.42472031454199,TRACK
25.792,443.0218553585973,-922.322393900808,1.5789898963251956,1.5597616664401757,0.00779158382403877,0.7060722602157335,0.7061152493925065,443.0,-922.322393900808,0.021855358597292707,443.0,-919.0,1.5773744280109,-0.0016154683142954873,0.29388475060749353,62.86180248313939,83.15542229091722,TRACK
25.844,443.02213260001474,-922.2857710556802,1.57912490926771,1.560972264006165,0.006930577487693287,0.7054468882696167,0.7054809317576187,443.0,-922.2857710556802,0.02213260001474282,443.0,-919.0,1.5775321172421166,-0.0015927920255933703,0.2945190682423813,62.86180248313939,83.15542229091722,TRACK
25.892,443.0223120005,-922.2519965443009,1.5762479748708897,1.5625489300148112,0.00581300390529167,0.7048129561827008,0.7048369273934224,443.0,-922.2519965443009,0.022312000499994156,443.0,-919.0,1.5776572351951093,0.0014092603242195079,0.2951630726065776,78.94393800933439,67.32542821996698,TRACK
25.944,443.0224816554124,-922.2154405095424,1.5762639462693986,1.5638090651242769,0.00492036060255937,0.7041786554703092,0.7041958454637685,443.0,-922.2154405095424,0.022481655412377677,443.0,-919.0,1.5777879937275714,0.0015240474581728058,0.29580415453623154,78.94393800933439,67.32542821996698,TRACK
25.992,443.02263009564996,-922.1817264877437,1.5792965065628417,1.5647120779120425,0.00428061112402415,0.70354753500447,0.703560557196366,443.0,-922.1817264877437,0.022630095649958548,443.0,-919.0,1.5779087276078891,-0.0013877789549525676,0.296439442803634,83.85374867136801,62.6431035526852,TRACK
26.044,443.02278827196864,-922.1452348766122,1.5793973381267983,1.5653234516784968,0.0038470455294083257,0.7029225111380686,0.7029330383642196,443.0,-922.1452348766122,0.02278827196863631,443.0,-919.0,1.5780415323581045,-0.001355805768693763,0.2970669616357804,83.85374867136801,62.6431035526852,TRACK
26.092,443.02295583396767,-922.1115791892208,1.5825695950691938,1.565496140488406,0.0037223858370797466,0.7023056861352713,0.7023155508275851,443.0,-922.1115791892208,0.022955833967671424,443.0,-919.0,1.5781737438886918,-0.004395851180502008,0.2976844491724149,67.84908912063437,78.82156970013244,TRACK
26.144,443.0231181692201,-922.075149846543,1.5827828386201976,1.5657910800621135,0.0035121919161060205,0.70169619478095,0.7017049844928569,443.0,-922.075149846543,0.023118169220083473,443.0,-919.0,1.5783139226422838,-0.004468915977913879,0.2982950155071431,67.84908912063437,78.82156970013244,TRACK
26.192,443.02322383840766,-922.0415508699425,1.5799873357654253,1.566441125784371,0.003053429238210905,0.7010950643196155,0.7011017134791775,443.0,-922.0415508699425,0.023223838407659514,443.0,-919.0,1.5784317036438298,-0.001555632121595485,0.2988982865208225,63.122458942770734,83.70434736930311,TRACK
26.244,443.0232725670629,-922.0051817194892,1.5800612508204135,1.5674948446644252,0.0023127103383070976,0.7005041506281131,0.7005079683175082,443.0,-922.0051817194892,0.023272567062917915,443.0,-919.0,1.5785403183465998,-0.0015209324738136853,0.29949203168249183,63.122458942770734,83.70434736930311,TRACK
26.292,443.0232469965021,-921.9716370300966,1.5770712829456808,1.5689149690702993,0.001316809714005628,0.6999243913956547,0.6999256300910837,443.0,-921.9716370300966,0.023246996502109596,443.0,-917.0,1.5754722166350927,-0.0015990663105880376,0.30007436990891634,79.50833818973706,67.47346052792028,TRACK
26.344,443.0231999201885,-921.9353243404446,1.5770521511538342,1.5700255307148265,0.0005390665110789467,0.6993631886036665,0.6993633963588536,443.0,-921.9353243404446,0.023199920188517353,443.0,-917.0,1.5754970815385172,-0.0015550696153170396,0.3006366036411464,79.50833818973706,67.47346052792028,TRACK
26.392,443.0231523408164,-921.9018289332057,1.5801100900051717,1.5707913751712157,3.4603105806491953e-06,0.6988234170426186,0.6988234170511857,443.0,-921.9018289332057,0.023152340816409378,443.0,-917.0,1.575519496242114,-0.004590593763057704,0.30117658294881433,73.50782470153753,73.59977709408814,TRACK
26.444,443.02308409965923,-921.8655670098559,1.5771391291727528,1.5714508626375716,-0.0004570662791430072,0.6983058590090203,0.6983060085921567,443.0,-921.8655670098559,0.023084099659229196,443.0,-917.0,1.5755406713725597,-0.001598457800193076,0.30169399140784325,73.50782470153753,73.59977709408814,TRACK
26.492,443.0229999979203,-921.8321162533848,1.5832750970378764,1.5721008848582982,-0.000910334927842599,0.697810574290958,0.6978111680834275,443.0,-921.8321162533848,0.02299999792029439,443.0,-917.0,1.5755561096770896,-0.0077189873607868,0.30218883191657253,73.46375521040689,73.72195774139668,TRACK
26.544,443.02287839538155,-921.7959001465439,1.583335462631877,1.5728185772960859,-0.0014101963292371378,0.6973391308722738,0.6973405567578765,443.0,-921.7959001465439,0.022878395381553673,443.0,-917.0,1.5755666975571379,-0.007768765074739115,0.30265944324212346,73.46375521040689,73.72195774139668,TRACK
26.592,443.0227496843725,-921.7624887963227,1.5803299798255825,1.5734583366656534,-0.0018551453882556833,0.6968948637630157,0.6968973329721414,443.0,-921.7624887963227,0.022749684372513457,443.0,-917.0,1.5755731383133322,-0.004756841512250309,0.3031026670278586,52.55339900899151,94.6915006799484,TRACK
26.644,443.02252287694716,-921.7263126036053,1.5833767260388627,1.5747195370734153,-0.0027324329422173093,0.6964752662749418,0.6964806262363188,443.0,-921.7263126036053,0.02252287694716415,443.0,-917.0,1.5755617133331756,-0.007815012705687074,0.3035193737636812,52.55339900899151,94.6915006799484,TRACK
26.692,443.02222114227357,-921.6929357151038,1.577072279197418,1.5765085653466544,-0.003976230074098739,0.6960820684021098,0.6960934250203501,443.0,-921.6929357151038,0.02222114227356542,443.0,-917.0,1.5755313109403737,-0.0015409682570444172,0.3039065749796499,64.82922835439793,82.44513702098736,TRACK
26.744,443.02185919165026,-921.6567928209965,1.5768048292096992,1.5780128048758189,-0.005020755666534966,0.695722824029261,0.6957409401944902,443.0,-921.6567928209965,0.02185919165026462,443.0,-917.0,1.5754903365874253,-0.0013144926222738995,0.3042590598055098,64.82922835439793,82.44513702098736,TRACK
26.792,443.0214879510544,-921.623442560331,1.5795692754806825,1.5793817701383435,-0.005970453861555533,0.6953988196385943,0.6954244492927059,443.0,-921.623442560331,0.021487951054382393,443.0,-917.0,1.5754439018563036,-0.004125373624378925,0.30457555070729414,87.04823196867069,60.2224766434867,TRACK
26.844,443.02108780990324,-921.5873242783543,1.57610749037206,1.580253575120098,-0.006574052758114086,0.6951130537618075,0.6951441402182227,443.0,-921.5873242783543,0.021087809903235666,443.0,-917.0,1.5753932682975724,-0.0007142220744875694,0.3048558597817773,87.04823196867069,60.2224766434867,TRACK
26.892,443.0207671709856,-921.5539925984923,1.5759396029676263,1.5803102727485938,-0.0066111264004817425,0.6948669839392577,0.6948984331261108,443.0,-921.5539925984923,0.02076717098560721,443.0,-917.0,1.5753565070287179,-0.0005830959389083734,0.30510156687388923,75.96100065057871,71.2616289123678,TRACK
26.944,443.02044238737176,-921.5178906289927,1.5789554814593276,1.580129108596162,-0.0064832757150622995,0.6946575650382755,0.6946878187566725,443.0,-921.5178906289927,0.02044238737175874,443.0,-917.0,1.5753210595835367,-0.003634421875790883,0.3053121812433275,75.96100065057871,71.2616289123678,TRACK
26.992,443.02013651670256,-921.4845708196877,1.5788784312362902,1.58007551518867,-0.006444436177667276,0.6944843601238364,0.694514259907068,443.0,-921.4845708196877,0.020136516702564222,443.0,-917.0,1.5752864736082925,-0.0035919576279976884,0.30548574009293195,64.76566301802961,82.3894830090313,TRACK
27.044,443.0197663391738,-921.4484781340112,1.578799793862371,1.580417255457547,-0.006680463035827619,0.6943463722878538,0.6943785086648894,443.0,-921.4484781340112,0.01976633917382742,443.0,-917.0,1.5752396911304538,-0.003560102731917203,0.30562149133511063,64.76566301802961,82.3894830090313,TRACK
27.092,443.0193767978459,-921.415163585013,1.5754875108692343,1.581142045350422,-0.007182706489471689,0.6942437284322431,0.694280883893555,443.0,-921.415163585013,0.019376797845893634,443.0,-917.0,1.5751849916928435,-0.00030251917639079196,0.305719116106445,70.84798368742369,76.21046573418016,TRACK
27.144,443.01894707036627,-921.3790724097997,1.5784178467332015,1.5816881112732288,-0.007561155715647508,0.6941797951089449,0.6942209727552553,443.0,-921.3790724097997,0.018947070366266416,443.0,-917.0,1.575123031256703,-0.0032948154764984583,0.3057790272447447,70.84798368742369,76.21046573418016,TRACK
27.192,443.01854507754837,-921.3457550898647,1.5782283214744854,1.5820987121626833,-0.007845948845685253,0.6941556580135935,0.6941999974543173,443.0,-921.3457550898647,0.018545077548367317,443.0,-917.0,1.5750637014152142,-0.003164620059271206,0.30580000254568274,71.53015918838184,75.40338381671828,TRACK
27.244,443.01810905155435,-921.3096567675813,1.574832944306463,1.5823702795007515,-0.00803465709406034,0.6941706546167735,0.6942171515064282,443.0,-921.3096567675813,0.01810905155434739,443.0,-917.0,1.5749982727852423,0.0001653284787792586,0.30578284849357185,71.53015918838184,75.40338381671828,TRACK
27.292,443.01771555140886,-921.2763292112313,1.5810498447442687,1.582451683599116,-0.008091799005351601,0.6942243572192466,0.6942715141553909,443.0,-921.2763292112313,0.01771555140885539,443.0,-917.0,1.5749390036540112,-0.006110841090257502,0.3057284858446091,82.70055176333197,64.08235101298258,TRACK
27.344,443.017305689205,-921.2402159343089,1.5808902722397533,1.5823443844876508,-0.008018357264120828,0.6943159653239068,0.6943622640645758,443.0,-921.2402159343089,0.01730568920498854,443.0,-917.0,1.574877626753667,-0.0060126454860862655,0.3056377359354242,82.70055176333197,64.08235101298258,TRACK
27.392,443.01697544629855,-921.2068707102752,1.5775873574958517,1.581768568944807,-0.007619953414494686,0.694447636039784,0.6944894404462053,443.0,-921.2068707102752,0.016975446298545194,443.0,-917.0,1.5748314767516365,-0.002755880744215178,0.3055105595537947,54.59158145969444,92.02230107077357,TRACK
27.444,443.01658494393894,-921.1707347737723,1.5774927490987598,1.5817103800478791,-0.007581350986010872,0.6946136129645106,0.6946549850093815,443.0,-921.1707347737723,0.016584943938937613,443.0,-917.0,1.5747728099381346,-0.0027199391606251844,0.3053450149906185,54.59158145969444,92.02230107077357,TRACK
27.492,443.016151596969,-921.1373660901914,1.5804410072411081,1.582435925157745,-0.008087699796732767,0.6948121662041532,0.6948592355242247,443.0,-921.1373660901914,0.01615159696899582,443.0,-917.0,1.574700142548182,-0.005740864692926229,0.3051407644757753,78.15381509771369,68.26947296488534,TRACK
27.544,443.0156932718766,-921.101200897015,1.5737460520507554,1.582797643345663,-0.00834188529736738,0.6950474774894416,0.6950975348933057,443.0,-921.101200897015,0.01569327187661429,443.0,-917.0,1.5746228146156434,0.0008767625648880006,0.3049024651066943,78.15381509771369,68.26947296488534,TRACK
27.592,443.0152939201161,-921.0678012831463,1.5767429695471207,1.5827818438846166,-0.008334165363650484,0.695319711494137,0.6953696567327328,443.0,-921.0678012831463,0.015293920116107529,443.0,-917.0,1.574556060122215,-0.0021869094249056253,0.30463034326726723,83.65510071806966,62.55218577212341,TRACK
27.644,443.0148907012907,-921.0315991388803,1.5765816613346635,1.582484804489958,-0.00813118034962382,0.695626091184553,0.6956736122856595,443.0,-921.0315991388803,0.01489070129071024,443.0,-917.0,1.5744898074872247,-0.002091853847438818,0.3043263877143405,83.65510071806966,62.55218577212341,TRACK
27.692,443.01457179697593,-920.9981625291872,1.5797614623458893,1.5817312180580356,-0.007610611189202698,0.6959655716156803,0.6960071826332066,443.0,-920.9981625291872,0.014571796975928919,443.0,-917.0,1.5744409341238,-0.0053205282220893935,0.3039928173667934,66.18167230420357,79.8049550060922,TRACK
27.744,443.01423881334955,-920.9619175551301,1.5797262531076337,1.5811187813608443,-0.007188133219762096,0.6963341777039298,0.6963712776226437,443.0,-920.9619175551301,0.014238813349550128,443.0,-917.0,1.5743902309707984,-0.005336022136835261,0.3036287223773563,66.18167230420357,79.8049550060922,TRACK
27.792,443.01392019299385,-920.9284389892933,1.5763381760588677,1.5808365250109475,-0.0069955600198193,0.6967317580670415,0.696766876766671,443.0,-920.9284389892933,0.013920192993850833,443.0,-917.0,1.5743397532733758,-0.0019984227854918934,0.30323312323332896,60.993551801123466,84.76531783641987,TRACK
27.844,443.01354844063866,-920.8921458935604,1.5762129247000987,1.5809074814537687,-0.0070492933266796615,0.6971560947923354,0.6971917333434938,443.0,-920.8921458935604,0.013548440638658121,443.0,-917.0,1.57427728210509,-0.0019356425950085576,0.3028082666565062,60.993551801123466,84.76531783641987,TRACK
27.892,443.0131742331047,-920.858620708617,1.5792393836935301,1.5812755519419806,-0.007310637264280091,0.6976059351607568,0.6976442404182263,443.0,-920.858620708617,0.013174233104678024,443.0,-917.0,1.5742105472921255,-0.005028836401404613,0.30235575958177374,78.98124818290532,66.52964913204053,TRACK
27.944,443.0127989102994,-920.8222745940442,1.5724292580916135,1.5812218504417177,-0.007278125411090812,0.6980811674789558,0.6981191069568871,443.0,-920.8222745940442,0.012798910299409272,443.0,-917.0,1.5741448205121644,0.0017155624205509312,0.30188089304311294,78.98124818290532,66.52964913204053,TRACK
27.992,443.01249336234713,-920.7886981191361,1.5755429812594242,1.5807572375235899,-0.0069587353359173995,0.6985812217324944,0.6986158796897904,443.0,-920.7886981191361,0.012493362347129278,443.0,-917.0,1.5740938492343755,-0.001449132025048705,0.30138412031020956,84.43677990890032,60.8251897623683,TRACK
28.044,443.01220785605744,-920.7522944438082,1.5754292736598303,1.5800148205927969,-0.006444854918153246,0.6991025319104736,0.6991322380483901,443.0,-920.7522944438082,0.012207856057443678,443.0,-917.0,1.574049752976592,-0.0013795206832383222,0.3008677619516099,84.43677990890032,60.8251897623683,TRACK
28.092,443.0120088426167,-920.7186633553899,1.5787390865640731,1.5788578245982248,-0.005640295368929434,0.6996433321248473,0.6996660668623341,443.0,-920.7186633553899,0.012008842616694437,443.0,-917.0,1.5740256594136086,-0.004713427150464522,0.3003339331376659,66.41443099098032,78.60613796212868,TRACK
28.144,443.0118145631467,-920.6821992904772,1.5754125637657785,1.5778996730862778,-0.004973842268707481,0.7001993720243715,0.7002170375606682,443.0,-920.6821992904772,0.011814563146685941,443.0,-917.0,1.574004877357157,-0.0014076864086214336,0.2997829624393318,66.41443099098032,78.60613796212868,TRACK
28.192,443.01162502476615,-920.6485115149513,1.5753831315407059,1.5773819168445145,-0.004615048166090367,0.7007696216921395,0.7007848181547026,443.0,-920.6485115149513,0.011625024766146907,443.0,-917.0,1.5739825536655634,-0.0014005778751424725,0.2992151818452974,72.43512245634378,72.34679923713108,TRACK
28.244,443.01143078168093,-920.6119849500157,1.5753301388893588,1.576937510853862,-0.004307186689235123,0.7013521334746906,0.7013653591293743,443.0,-920.6119849500157,0.011430781680928703,443.0,-917.0,1.5739609976555973,-0.0013691412337615283,0.29863464087062574,72.43512245634378,72.34679923713108,TRACK
28.292,443.01125970776377,-920.5782388006104,1.5719040149039156,1.576561797058614,-0.004047085327283784,0.7019445595052303,0.7019562262126023,443.0,-920.5782388006104,0.011259707763770166,443.0,-917.0,1.573943034219274,0.002039019315358326,0.29804377378739766,72.49926975324512,72.04217403598277,TRACK
28.344,443.0110948192519,-920.5416485646479,1.5718502836265245,1.5761203983459238,-0.0037404319847818453,0.7025443980416192,0.7025543552288989,443.0,-920.5416485646479,0.011094819251923127,443.0,-917.0,1.5739289874065145,0.0020787037799900876,0.29744564477110114,72.49926975324512,72.04217403598277,TRACK
28.392,443.0109552228785,-920.5078433019205,1.575188891504602,1.575701596753744,-0.0034491710128254542,0.7031505661140287,0.7031590256884674,443.0,-920.5078433019205,0.010955222878521909,443.0,-917.0,1.5739193817088226,-0.0012695097957793333,0.29684097431153256,84.05312937353143,60.26401083785821,TRACK
28.444,443.0108362368771,-920.4711888475857,1.5751829321610995,1.5751199700456993,-0.0030428284757158973,0.7037605413812766,0.7037671194439253,443.0,-920.4711888475857,0.010836236877082683,443.0,-917.0,1.5739180819490721,-0.0012648502120273797,0.29623288055607466,84.05312937353143,60.26401083785821,TRACK
28.492,443.010801077356,-920.4373243294367,1.5718758924589467,1.5739682287725787,-0.00223421001706053,0.7043731300677505,0.7043766734183071,443.0,-920.4373243294367,0.010801077356006772,443.0,-917.0,1.5739386086313158,0.0020627161723691945,0.2956233265816929,65.610155956655,78.49563020227836,TRACK
28.544,443.01079608236427,-920.4006062303899,1.5787921909828224,1.572903970827402,-0.0014858566478083818,0.7049835858203488,0.7049851516493769,443.0,-920.4006062303899,0.010796082364265658,443.0,-917.0,1.5739710684031956,-0.0048211225796268575,0.2950148483506231,65.610155956655,78.49563020227836,TRACK
28.592,443.0107891502808,-920.366683851498,1.5754370515514928,1.572236756145357,-0.0010163532630111782,0.7055900102035391,0.7055907421962009,443.0,-920.366683851498,0.010789150280800186,443.0,-917.0,1.5740009975694997,-0.0014360539819930906,0.2944092578037991,60.133598355408175,83.77821863767122,TRACK
28.644,443.0107550245609,-920.3299042260718,1.5754341527527003,1.5720570684672075,-0.0008903219662924845,0.7061886777703232,0.7061892390033999,443.0,-920.3299042260718,0.010755024560921811,443.0,-917.0,1.5740261455623115,-0.0014080071903888047,0.2938107609966001,60.133598355408175,83.77821863767122,TRACK
28.692,443.0106856855338,-920.2959265073846,1.5718990059152593,1.5723304821884336,-0.0010843063507432076,0.7067768393115306,0.7067776710589119,443.0,-920.2959265073846,0.010685685533815104,443.0,-917.0,1.5740384039682007,0.002139398052941388,0.29322232894108813,78.8327797410431,64.90613203317135,TRACK
28.744,443.01062978750326,-920.2590883422964,1.5752100929850226,1.5723246065900245,-0.0010810358720879723,0.7073541336459499,0.7073549597087513,443.0,-920.2590883422964,0.010629787503262378,443.0,-917.0,1.5740578983431703,-0.0011521946418522333,0.2926450402912487,78.8327797410431,64.90613203317135,TRACK
28.792,443.0106112257504,-920.2250577284482,1.5751682649697825,1.5719801031340948,-0.0008380194316173589,0.7079200795133088,0.7079205755271543,443.0,-920.2250577284482,0.010611225750380981,443.0,-917.0,1.5740865585838353,-0.0010817063859471787,0.29207942447284574,72.7484040033733,70.84757654391059,TRACK
28.844,443.0106168440284,-920.1881639183142,1.5716683452411404,1.5715118065501752,-0.0005068972977921158,0.7084717737391585,0.7084719550765435,443.0,-920.1881639183142,0.010616844028390915,443.0,-917.0,1.574126395466308,0.0024580502251676517,0.2915280449234565,72.7484040033733,70.84757654391059,TRACK
28.892,443.0106367180049,-920.1540839617887,1.5786117996372508,1.5710566472152878,-0.0001845688315982836,0.7090063359288145,0.7090063599523325,443.0,-920.1540839617887,0.01063671800488919,443.0,-917.0,1.5741686776298167,-0.0044431220074341304,0.2909936400476675,84.46770996002252,59.00308285566388,TRACK
28.944,443.0106825698929,-920.1171390327356,1.578644666675971,1.570530445320069,0.0001886487363138805,0.709521910057316,0.7095219351364183,443.0,-920.1171390327356,0.010682569892878746,443.0,-917.0,1.5742233565038903,-0.004421310172080695,0.29047806486358174,84.46770996002252,59.00308285566388,TRACK
28.992,443.0107970544696,-920.0830137623119,1.575305306449289,1.5694479065215865,0.0009574050505727546,0.7100193383768525,0.7100199838691402,443.0,-920.0830137623119,0.010797054469605882,443.0,-917.0,1.5742984228480388,-0.0010068836012502302,0.2899800161308598,53.70858058272758,89.66540601880588,TRACK
29.044,443.01092154405814,-920.0460223115164,1.5753918909740416,1.5687411046964128,0.001460223974896339,0.7104934887610906,0.7104949893039098,443.0,-920.0460223115164,0.010921544058135169,443.0,-917.0,1.5743818216270165,-0.0010100693470251887,0.28950501069609025,53.70858058272758,89.66540601880588,TRACK
29.092,443.0109862131833,-920.011857405905,1.5788791917780007,1.5687980011212943,0.0014206912879144412,0.7109398711112983,0.7109412906137081,443.0,-920.011857405905,0.010986213183286964,443.0,-917.0,1.5744439644409869,-0.004435227337013847,0.28905870938629186,79.15060313951206,64.14825075813992,TRACK
29.144,443.0110879377907,-919.9748262067683,1.5717778707045482,1.5685356811652582,0.0016081341947683631,0.7113593719498881,0.7113611896614318,443.0,-919.9748262067683,0.011087937790705382,443.0,-915.0,1.5730251321782014,0.0012472614736531717,0.2886388103385682,79.15060313951206,64.14825075813992,TRACK
29.192,443.0112233222352,-919.9406272131059,1.5752845706673468,1.567940750591673,0.0020324654676773662,0.7117512538887943,0.711754155820778,443.0,-919.9406272131059,0.011223322235196065,443.0,-915.0,1.573067962043976,-0.0022166086233708082,0.28824584417922205,79.94744367445122,63.32228373746056,TRACK
29.244,443.01140090585653,-919.9035623706367,1.5753222877778295,1.5672626661393994,0.0025163769283733286,0.7121132162630481,0.7121176622787476,443.0,-919.9035623706367,0.011400905856532972,443.0,-915.0,1.5731213477595363,-0.002200940018293185,0.2878823377212524,79.94744367445122,63.32228373746056,TRACK
29.292,443.01159437457966,-919.8693356781304,1.5789746788819918,1.5665204269380786,0.003046354442899628,0.7124432234294721,0.7124497363926584,443.0,-919.8693356781304,0.011594374579658506,443.0,-915.0,1.573177422170975,-0.00579725671101694,0.2875502636073416,63.646805716445726,79.61362974360236,TRACK
29.344,443.01178244175117,-919.832244813063,1.5790880813218342,1.5662421371748696,0.0032459671191825586,0.712738148567416,0.7127455399550717,443.0,-919.832244813063,0.011782441751165607,443.0,-915.0,1.5732346176632324,-0.005853463658601843,0.2872544600449283,63.646805716445726,79.61362974360236,TRACK
29.392,443.01191956317143,-919.7979978819277,1.5755737386679756,1.5664348742406193,0.0031097223169107586,0.7129970027635177,0.7130037842274387,443.0,-919.7979978819277,0.011919563171431946,443.0,-915.0,1.57328060022389,-0.0022931384440856295,0.2869962157725613,58.16238124121715,85.12725609457046,TRACK
29.444,443.0120184916909,-919.7608891228705,1.5755453299380893,1.567028657203295,0.002687184541033534,0.7132185454506286,0.713223607668358,443.0,-919.7608891228705,0.012018491690923838,443.0,-915.0,1.5733207431067966,-0.002224586831292674,0.286776392331642,58.16238124121715,85.12725609457046,TRACK
29.492,443.0120651400883,-919.7266295948925,1.5718285366353595,1.5678711721706877,0.0020868145157423084,0.7134011127154816,0.7134041648452232,443.0,-919.7266295948925,0.012065140088282078,443.0,-915.0,1.5733489096960642,0.0015203730607047383,0.2865958351547768,77.91110391440836,65.45182720966892,TRACK
29.544,443.0121446715878,-919.6895110230868,1.5752276554355886,1.5681451594963998,0.0018917376050988513,0.7135472642653939,0.7135497719233007,443.0,-919.6895110230868,0.012144671587805078,443.0,-915.0,1.5733860732263327,-0.0018415822092558987,0.2864502280766993,77.91110391440836,65.45182720966892,TRACK
29.592,443.01226108692845,-919.6552456637734,1.5751329841140767,1.5678838848916716,0.002078491302162914,0.713657300099332,0.7136603268440534,443.0,-919.6552456637734,0.012261086928447185,443.0,-915.0,1.5734301423789359,-0.001702841735140792,0.28633967315594655,71.94387383043723,71.51795471659365,TRACK
29.644,443.0124169947379,-919.6181246789106,1.5750758280014556,1.567433164689399,0.0024003988332333094,0.713730027794827,0.7137340642638287,443.0,-919.6181246789106,0.012416994737918685,443.0,-915.0,1.5734850729156582,-0.001590755085797424,0.2862659357361713,71.94387383043723,71.51795471659365,TRACK
29.692,443.012569078986,-919.5838610984702,1.5786275127074618,1.5670567185885136,0.0026692068839973913,0.7137631254448409,0.7137681163446412,443.0,-919.5838610984702,0.012569078986018667,443.0,-915.0,1.57353834868758,-0.005089164019881798,0.2862318836553588,72.07698607809363,71.4958594637501,TRACK
29.744,443.0127223963603,-919.5467464843941,1.5749312191681302,1.5669197713114484,0.002766928339877465,0.7137559339738814,0.7137612970562117,443.0,-919.5467464843941,0.012722396360288712,443.0,-915.0,1.5735944513880753,-0.0013367677800548705,0.2862387029437883,72.07698607809363,71.4958594637501,TRACK
29.792,443.012855900663,-919.5124926482838,1.5748849768486055,1.5669124487739445,0.002771972294845595,0.7137089120542276,0.7137142950621296,443.0,-919.5124926482838,0.012855900662998465,443.0,-915.0,1.5736452767840254,-0.0012397000645800738,0.2862857049378704,72.50763936990451,71.21550865414515,TRACK
29.844,443.01299161573405,-919.4753926151781,1.5784772718657352,1.566991464269915,0.002715248816046553,0.7136225541238191,0.7136277197042841,443.0,-919.4753926151781,0.01299161573405172,443.0,-915.0,1.5736992183082532,-0.004778053557481954,0.28637228029571593,72.50763936990451,71.21550865414515,TRACK
29.892,443.01310470266225,-919.4411561493955,1.5711343020575048,1.5671670224186822,0.002589503915186346,0.7134955565116258,0.7135002555657295,443.0,-919.4411561493955,0.013104702662246837,443.0,-915.0,1.5737470594843033,0.002612757426798451,0.2864997444342705,60.35653493808529,83.54553001737348,TRACK
29.944,443.01318885344136,-919.4040792074313,1.5710602972136367,1.5676427030242939,0.0022495770196936772,0.7133284518761108,0.7133319990388322,443.0,-919.4040792074313,0.013188853441363335,443.0,-915.0,1.5737910081786224,0.002730710964985672,0.28666800096116785,60.35653493808529,83.54553001737348,TRACK
29.992,443.0132251242789,-919.3698677669199,1.5745724860836816,1.5683750065251623,0.0017266999198673506,0.7131219141150981,0.7131240045628773,443.0,-919.3698677669199,0.013225124278903877,443.0,-915.0,1.5738227533612914,-0.0007497327223902062,0.2868759954371227,92.96766102798976,51.13976354910095,TRACK
30.044,443.0132967025493,-919.3328215184116,1.5744412199331874,1.5685461145223496,0.0016041317680613447,0.7128789937500334,0.7128807985692905,443.0,-919.3328215184116,0.0132967025493258,443.0,-915.0,1.5738651494434797,-0.0005760704897077584,0.28711920143070946,92.96766102798976,51.13976354910095,TRACK
30.092,443.01347085334976,-919.298641450275,1.5781553789044678,1.5675511347629858,0.0023125352357299127,0.7126010094336026,0.7126047617473559,443.0,-919.298641450275,0.013470853349758727,443.0,-915.0,1.5739300632112962,-0.0042253156931715274,0.2873952382526441,66.68209197110761,77.6482345725012,TRACK
30.144,443.01371183579425,-919.2616327738826,1.578260992343816,1.5664088779054892,0.003125145125789178,0.7122875164650422,0.7122943721832954,443.0,-919.2616327738826,0.013711835794254057,443.0,-915.0,1.5740138232816852,-0.004247169062130851,0.2877056278167046,66.68209197110761,77.6482345725012,TRACK
30.192,443.0139081385721,-919.227491006779,1.574615272594688,1.5659325675979177,0.0034627187535971812,0.7119372708328469,0.7119456917645396,443.0,-919.227491006779,0.0139081385721056,443.0,-915.0,1.5740862423432245,-0.0005290302514635581,0.2880543082354604,60.95094516514489,83.60331556037029,TRACK
30.244,443.01405406351694,-919.1905276890197,1.574612071001005,1.5662528252948749,0.003232954318512923,0.7115507878826143,0.7115581323616467,443.0,-919.1905276890197,0.014054063516937276,443.0,-915.0,1.5741500836169384,-0.0004619873840665534,0.28844186763835333,60.95094516514489,83.60331556037029,TRACK
30.292,443.0141078488596,-919.1564312621291,1.5707950817087484,1.5672897912511488,0.0024936050974542984,0.71112779153462,0.711132163496553,443.0,-919.1564312621291,0.014107848859623573,443.0,-915.0,1.5741905353821812,0.0033954536734328578,0.28886783650344705,81.3680257131824,63.44774116229466,TRACK
30.344,443.01414123422927,-919.1195200869303,1.570681881220274,1.568199426882019,0.0018455525321263854,0.7106736667973792,0.7106760631563309,443.0,-919.1195200869303,0.014141234229271049,443.0,-915.0,1.5742290515749535,0.003547170354679441,0.2893239368436691,81.3680257131824,63.44774116229466,TRACK
30.392,443.0141779408927,-919.0854738447871,1.5743809997911147,1.5687303215944692,0.0014672619000052275,0.7101917323789685,0.7101932480648655,443.0,-919.0854738447871,0.014177940892693641,443.0,-915.0,1.5742666424830825,-0.00011435730803222022,0.2898067519351345,87.53586120753857,57.560094606833815,TRACK
30.444,443.01424120287766,-919.048619064603,1.5744238635066117,1.568852479788674,0.0013795220568666026,0.7096856465159339,0.7096869873062662,443.0,-919.048619064603,0.014241202877656178,443.0,-915.0,1.5743138580604399,-0.00011000544617179031,0.2903130126937338,87.53586120753857,57.560094606833815,TRACK
30.492,443.01435868603124,-919.0146266307404,1.578343701819978,1.5683239076465652,0.001753337331873835,0.7091571671504207,0.7091593346439212,443.0,-919.0146266307404,0.014358686031243906,443.0,-915.0,1.5743729046754504,-0.003970797144527527,0.2908406653560788,67.13158551469826,78.22294866585318,TRACK
30.544,443.0145096209962,-918.97783209541,1.5785397816141566,1.567754345906795,0.0021555776836477054,0.7086076849099934,0.7086109635255798,443.0,-918.97783209541,0.014509620996193462,443.0,-915.0,1.5744439308912672,-0.004095850722889427,0.29138903647442016,67.13158551469826,78.22294866585318,TRACK
30.592,443.0146305156145,-918.9438970802036,1.5749150131403058,1.5675724299942484,0.002282648752848987,0.7080378144052031,0.7080414939203956,443.0,-918.9438970802036,0.014630515614499018,443.0,-915.0,1.5745059693653165,-0.0004090437749892928,0.2919585060796044,61.0498626250094,84.55699141797308,TRACK
30.644,443.0147119256738,-918.9071665685169,1.574990381657643,1.5679245043495136,0.002031674011527979,0.7074491772542426,0.7074520945597617,443.0,-918.9071665685169,0.014711925673793758,443.0,-915.0,1.574561678460304,-0.0004287031973388977,0.29254790544023834,61.0498626250094,84.55699141797308,TRACK
30.692,443.0147218159946,-918.873292290249,1.5711796407208867,1.5688260089537596,0.0013927050301786464,0.7068419109190297,0.7068432829552578,443.0,-918.873292290249,0.014721815994619192,443.0,-915.0,1.5745971618466323,0.0034175211257456706,0.2931567170447422,81.69951531153163,64.16846250762435,TRACK
30.744,443.01471639941457,-918.8366286994535,1.571131107932908,1.5695661175891782,0.0008688005192658354,0.7062214109129404,0.7062219453162062,443.0,-918.8366286994535,0.01471639941456715,443.0,-915.0,1.5746320712449084,0.003500963312000449,0.2937780546837938,81.69951531153163,64.16846250762435,TRACK
30.792,443.0147113648742,-918.8028165449084,1.574965455276896,1.5700480035587678,0.0005280101472573845,0.7055908773181121,0.7055910748792523,443.0,-918.8028165449084,0.014711364874187893,443.0,-915.0,1.5746648519558677,-0.0003006033210282144,0.2944089251207477,87.82485695026672,58.30391441742431,TRACK
30.844,443.01470792968047,-918.7662204855048,1.5750629651952748,1.570342275589623,0.0003200850995329691,0.7049537008576873,0.7049537735252012,443.0,-918.7662204855048,0.014707929680469078,443.0,-915.0,1.5747015296285343,-0.0003614355667405089,0.29504622647479883,87.82485695026672,58.30391441742431,TRACK
30.892,443.01473529021206,-918.7324707204609,1.5714769771607926,1.5702176639597487,0.0004075591908712818,0.7043119423361021,0.7043120602557837,443.0,-918.7324707204609,0.014735290212058771,443.0,-915.0,1.574744171202365,0.0032671940415724965,0.29568793974421625,66.86917897709093,79.49355847241226,TRACK
30.944,443.01475430598333,-918.6959422740248,1.5793474954372428,1.5702379603649763,0.0003929042422451289,0.7036673058386017,0.7036674155308741,443.0,-918.6959422740248,0.01475430598333105,443.0,-915.0,1.5747883338431332,-0.004559161594109629,0.2963325844691259,66.86917897709093,79.49355847241226,TRACK
30.992,443.01472950345686,-918.6622548169067,1.5756913238529142,1.570690304423963,7.453600196208804e-05,0.7030214569475389,0.7030214608987807,443.0,-918.6622548169067,0.014729503456862858,443.0,-915.0,1.5748182817846745,-0.0008730420682396822,0.2969785391012193,60.461080755339324,86.11892547763107,TRACK
31.044,443.0146399107865,-918.6257934203037,1.5757946535702718,1.5715859012252626,-0.0005545791876138151,0.7023771933825492,0.7023774123233337,443.0,-918.6257934203037,0.01463991078651361,443.0,-915.0,1.5748340171791768,-0.0009606363910950044,0.2976225876766663,60.461080755339324,86.11892547763107,TRACK
31.092,443.01449306673163,-918.5921672711531,1.5719340939685353,1.5728358583289048,-0.0014312143721299498,0.7017358465881757,0.7017373060921035,443.0,-918.5921672711531,0.014493066731631643,443.0,-915.0,1.5748309351518737,0.002896841183338328,0.2982626939078965,81.27405025740434,65.50948355695162,TRACK
31.144,443.01433260371124,-918.5557709323609,1.5718965698626342,1.573663696507052,-0.0020103289022209907,0.7011036575375169,0.7011065397175945,443.0,-918.5557709323609,0.01433260371123879,443.0,-915.0,1.5748271055943017,0.0029305357316675718,0.2988934602824055,81.27405025740434,65.50948355695162,TRACK
31.192,443.0141987039222,-918.5222029676239,1.5758058774343373,1.5740555861428136,-0.0022830664148190075,0.7004837869401442,0.700487507496215,443.0,-918.5222029676239,0.014198703922204459,443.0,-915.0,1.5748275047653644,-0.0009783726689729377,0.299512492503785,87.36384987491734,59.59783838108076,TRACK
31.244,443.01406654901865,-918.4858677131243,1.5759014166132335,1.574187612049932,-0.002373497328167438,0.6998786744891088,0.6998826990962119,443.0,-918.4858677131243,0.014066549018650676,443.0,-915.0,1.5748316126477058,-0.0010698039655276936,0.3001173009037881,87.36384987491734,59.59783838108076,TRACK
31.292,443.0139763330619,-918.4523542697959,1.5800075727202538,1.5739432196379273,-0.0022005979478111827,0.6992899960207432,0.6992934585465668,443.0,-918.4523542697959,0.013976333061918922,443.0,-915.0,1.5748446531302485,-0.005162919590005366,0.30070654145343323,65.9690048179514,81.13609742558313,TRACK
31.344,443.01385476928084,-918.4160761365964,1.580233169258669,1.5740145033524722,-0.002248606423338082,0.6987182401025387,0.6987218583119008,443.0,-918.4160761365964,0.013854769280840173,443.0,-915.0,1.5748520599697995,-0.00538110928886959,0.3012781416880992,65.9690048179514,81.13609742558313,TRACK
31.392,443.0136833663191,-918.382613559566,1.576482663900233,1.574679928135764,-0.0027114074376525443,0.6981648135798272,0.6981700785992249,443.0,-918.382613559566,0.013683366319128254,443.0,-915.0,1.574841510036238,-0.001641153863994882,0.30182992140077514,59.400471545777485,87.82257015735189,TRACK
31.444,443.0134142758738,-918.3463881767965,1.5765559194999628,1.5759187555068084,-0.0035736005241875026,0.6976318205449575,0.6976409733219361,443.0,-918.3463881767965,0.013414275873799397,443.0,-915.0,1.5748048886579025,-0.0017510308420602971,0.3023590266780639,59.400471545777485,87.82257015735189,TRACK
31.492,443.0130864130038,-918.3129719267798,1.5804518731954238,1.5775576155216857,-0.004713507101098765,0.6971208397257924,0.6971367744777104,443.0,-918.3129719267798,0.013086413003804864,443.0,-915.0,1.5747463587395079,-0.005705514455915939,0.3028632255222896,80.49041530698904,66.82149112745009,TRACK
31.544,443.0127254242032,-918.2767934131067,1.5725025866245381,1.5786819142225266,-0.00549351192740451,0.6966377724677765,0.6966594323643096,443.0,-918.2767934131067,0.012725424203210878,443.0,-915.0,1.5746798063514,0.002177219726861912,0.3033405676356904,80.49041530698904,66.82149112745009,TRACK
31.592,443.01240842771415,-918.2434168798535,1.5764288041827634,1.5792453376344762,-0.005882215485554362,0.6961851070753239,0.6962099566743488,443.0,-918.2434168798535,0.012408427714149184,443.0,-915.0,1.5746220351873013,-0.0018067689954621713,0.3037900433256512,86.57896356152845,60.78733483377927,TRACK
31.644,443.012088060891,-918.2072778461115,1.5764712340910176,1.5793906340264665,-0.0059797552213077835,0.6957638159390825,0.6957895120240174,443.0,-918.2072778461115,0.012088060891016994,443.0,-915.0,1.5745652561595105,-0.0019059779315071523,0.3042104879759826,86.57896356152845,60.78733483377927,TRACK
31.692,443.0118374839494,-918.1739345114727,1.5805857429328611,1.579013240171565,-0.005713964426321955,0.695374962102081,0.6953984378095308,443.0,-918.1739345114727,0.011837483949420857,443.0,-915.0,1.5745259025064182,-0.0060598404264429195,0.3046015621904692,64.76586553865548,82.62544607946853,TRACK
31.744,443.011552574844,-918.1378281316308,1.580750224927172,1.578899161017663,-0.005631734317322664,0.6950174358402773,0.6950402524698946,443.0,-918.1378281316308,0.011552574844017727,443.0,-915.0,1.5744780206804325,-0.006272204246739577,0.30495974753010535,64.76586553865548,82.62544607946853,TRACK
31.792,443.01123903015923,-918.1045118695463,1.5768663817308548,1.5793565835059933,-0.005946890632827095,0.6946924109960453,0.6947178646067028,443.0,-918.1045118695463,0.011239030159231334,443.0,-915.0,1.5744165355530568,-0.0024498461777979763,0.3052821353932972,58.114774598794,89.27395449776411,TRACK
31.844,443.01081909650173,-918.0684311544228,1.5768587108663221,1.5804330467414152,-0.006691955452183096,0.694401034324764,0.6944332788245938,443.0,-918.0684311544228,0.010819096501734293,443.0,-915.0,1.57432224969243,-0.0025364611738920573,0.3055667211754062,58.114774598794,89.27395449776411,TRACK
31.892,443.01034959892206,-918.0351350809692,1.5727337080608943,1.581994089707304,-0.007773190895697101,0.6941445412434926,0.6941880628726194,443.0,-918.0351350809692,0.010349598922061887,443.0,-915.0,1.5742062438274156,0.001472535766521288,0.30581193712738064,79.60570771839627,67.73710964005036,TRACK
31.944,443.00983239145984,-917.9990717888028,1.572570824820141,1.5830934992756545,-0.00853377815486258,0.6939276490823162,0.6939801204144875,443.0,-917.9990717888028,0.009832391459838163,443.0,-913.0,1.5727631676798606,0.0001923428597194743,0.30601987958551247,79.60570771839627,67.73710964005036,TRACK
31.992,443.00936565121054,-917.9657873596001,1.5764772867174979,1.5836968653743646,-0.00895027011843073,0.6937519348398307,0.6938096672929843,443.0,-917.9657873596001,0.009365651210544002,443.0,-913.0,1.5726823600515394,-0.003794926665958487,0.3061903327070157,81.3247166660008,65.9370055455928,TRACK
32.044,443.0088742919404,-917.9297323591928,1.5764246704646876,1.5839511078168482,-0.009124901433710156,0.6936166450024446,0.6936766639080647,443.0,-917.9297323591928,0.008874291940401235,443.0,-913.0,1.572596481794785,-0.0038281886699025325,0.3063233360919353,81.3247166660008,65.9370055455928,TRACK
32.092,443.008449315042,-917.8964517877238,1.572387968324395,1.583816058102118,-0.009029975815982125,0.693521652880065,0.6935804376398851,443.0,-917.8964517877238,0.008449315042014405,443.0,-913.0,1.5725219246404063,0.00013395631601120783,0.3064195623601149,62.07530981955472,85.08616143540175,TRACK
32.144,443.00796139175674,-917.8603971162502,1.5804897746099362,1.5839953419987836,-0.009153583315908341,0.693464747752094,0.6935251577717975,443.0,-917.8603971162502,0.007961391756737157,443.0,-913.0,1.5724343379380121,-0.008055436671924099,0.30647484222820254,62.07530981955472,85.08616143540175,TRACK
32.192,443.0074696686392,-917.8271131712378,1.5763577696111748,1.5845460469411268,-0.009535310220693049,0.6934475184208304,0.6935130733771446,443.0,-917.8271131712378,0.007469668639203064,443.0,-913.0,1.572343765690985,-0.00401400392018969,0.30648692662285537,55.70460368567578,91.3308532382753,TRACK
32.244,443.00687345488325,-917.7910506079882,1.5802095439614698,1.5855196684611883,-0.010210928846993629,0.6934696780768166,0.6935448489318351,443.0,-917.7910506079882,0.006873454883248087,443.0,-913.0,1.5722309704106692,-0.007978573550800672,0.3064551510681649,55.70460368567578,91.3308532382753,TRACK
32.292,443.00625776342815,-917.7577555950166,1.5799178336348818,1.5868382330704318,-0.011126520610618853,0.6935314270005314,0.6936206742148708,443.0,-917.7577555950166,0.00625776342815243,443.0,-913.0,1.572111602389584,-0.007806231245297779,0.30637932578512916,64.38148508025746,82.48248703243443,TRACK
32.344,443.0055639191387,-917.721676729816,1.575432938302725,1.587954045670332,-0.011902344191330846,0.6936339433242434,0.6937360543670689,443.0,-917.721676729816,0.005563919138694473,443.0,-913.0,1.5719747040709726,-0.0034582342317523995,0.30626394563293113,64.38148508025746,82.48248703243443,TRACK
32.392,443.0048912270374,-917.6883626413249,1.5750924370048405,1.5890156770798807,-0.01264157029647719,0.6937772917410362,0.6938924555254132,443.0,-917.6883626413249,0.004891227037376211,443.0,-913.0,1.5718395961912757,-0.0032528408135648057,0.30610754447458677,79.50772352654826,67.15786843392016,TRACK
32.444,443.0041640203165,-917.6522589876852,1.5704872693821132,1.5896880641946,-0.01311168131383783,0.6939606006685923,0.694084455572367,443.0,-917.6522589876852,0.004164020316522965,443.0,-913.0,1.5716913799756385,0.0012041105935252094,0.305915544427633,79.50772352654826,67.15786843392016,TRACK
32.492,443.0035224775054,-917.6189184345092,1.5701521529356581,1.5898099387552844,-0.013200509185210102,0.6941825906762686,0.6943080891367784,443.0,-917.6189184345092,0.0035224775053848134,443.0,-913.0,1.5715589461986492,0.0014067932629910906,0.30569191086322156,86.1666531265493,60.29028175815483,TRACK
32.544,443.00285867672653,-917.5827825427414,1.578180263897162,1.5895836463832946,-0.013048220828047115,0.694441032376685,0.6945636065294334,443.0,-917.5827825427414,0.0028586767265323942,443.0,-913.0,1.571420112961727,-0.0067601509354351386,0.3054363934705666,86.1666531265493,60.29028175815483,TRACK
32.592,443.0023086035637,-917.54940882516,1.5738899485889895,1.5887757248351602,-0.012492293684054192,0.6947366950759664,0.6948490000615709,443.0,-917.54940882516,0.00230860356367657,443.0,-913.0,1.5713037780823582,-0.0025861705066312357,0.3051509999384291,49.53371752503288,96.72031398276792,TRACK
32.644,443.0016843379661,-917.5132335560883,1.5778222354578753,1.588521958318592,-0.012321778570747881,0.695066239781917,0.6951754482946876,443.0,-917.5132335560883,0.001684337966082694,443.0,-913.0,1.5711695266009678,-0.006652708856907497,0.3048245517053124,49.53371752503288,96.72031398276792,TRACK
32.692,443.0010361675959,-917.4798206138283,1.5692628707909133,1.589107287740982,-0.012735398353679192,0.6954290931702188,0.6955456951191488,443.0,-917.4798206138283,0.0010361675958847627,443.0,-913.0,1.5710276234620464,0.001764752671133074,0.30445430488085123,65.82501632917091,80.20363596714724,TRACK
32.744,443.00033660932075,-917.4435992808898,1.5688457254309354,1.5894576879444224,-0.012986574243267384,0.6958263438009974,0.6959475208936661,443.0,-917.4435992808898,0.0003366093207546328,443.0,-913.0,1.5708720782969636,0.002026352866028258,0.30405247910633393,65.82501632917091,80.20363596714724,TRACK
32.792,442.9996879493385,-917.4101404168622,1.572532084466082,1.5897110318842405,-0.013171085628568922,0.6962580070051104,0.6963825743191479,443.0,-917.4101404168622,0.0003120506614777696,443.0,-913.0,1.5707255692607909,-0.0018065152052910705,0.30361742568085215,95.0230613980774,50.72828174601534,TRACK
32.844,442.99902420788266,-917.3738662177091,1.5678995943277538,1.589494167782423,-0.013028696226903958,0.6967209680839833,0.6968427758779278,443.0,-917.3738662177091,0.0009757921173445538,443.0,-913.0,1.5705732307849627,0.002673636457208861,0.30315722412207224,95.0230613980774,50.72828174601534,TRACK
32.892,442.9985194827583,-917.3403561505556,1.576103432448941,1.5882195716606626,-0.012148939912599119,0.697212868915001,0.6973187085699668,443.0,-917.3403561505556,0.001480517241702728,443.0,-913.0,1.570455221795001,-0.005648210653939945,0.3026812914300332,79.60701479322995,65.88437700831952,TRACK
32.944,442.9980551707947,-917.3040241590778,1.5760294418424785,1.5865919228342091,-0.01102198762115186,0.6977306151262539,0.6978176663682151,443.0,-917.3040241590778,0.0019448292052857141,443.0,-913.0,1.5703444638403594,-0.00568497800211909,0.3021823336317849,79.60701479322995,65.88437700831952,TRACK
32.992,442.9976585826923,-917.2704585810833,1.5718043245300737,1.5851966716946218,-0.010056080200654547,0.6982739060421175,0.6983463128049849,443.0,-917.2704585810833,0.0023414173077185296,443.0,-913.0,1.5702480444433315,-0.0015562800867421345,0.30165368719501506,49.7153616907057,95.54657952639076,TRACK
33.044,442.99716949825927,-917.2340641553692,1.571747504353244,1.5848592186791173,-0.0098283665834005,0.6988405196953112,0.6989096284625863,443.0,-917.2340641553692,0.002830501740731961,443.0,-913.0,1.5701278198438409,-0.0016196845094031964,0.3010903715374137,49.7153616907057,95.54657952639076,TRACK
33.092,442.99663598331585,-917.2004390535433,1.5756898802459023,1.5854910364701729,-0.01027865140826431,0.6994293719492695,0.6995048942074117,443.0,-917.2004390535433,0.003364016684145099,443.0,-913.0,1.5699954543332229,-0.005694425912679435,0.3004951057925883,80.26000052055709,64.71751326998056,TRACK
33.144,442.99608923302867,-917.1639783779626,1.5670115618153126,1.5855961298784294,-0.010361173425272246,0.700037485098367,0.700114158161078,443.0,-917.1639783779626,0.003910766971330304,443.0,-913.0,1.5698571370425767,0.00284557522726403,0.299885841838922,80.26000052055709,64.71751326998056,TRACK
33.192,442.9956424324064,-917.1302907655879,1.5710121064387177,1.5850571106328601,-0.009992683930588891,0.700663205546161,0.700734458506472,443.0,-917.1302907655879,0.004357567593615386,443.0,-913.0,1.5697413003514447,-0.0012708060872730353,0.299265541493528,87.1252663683175,57.55480409554632,TRACK
33.244,442.995226217111,-917.0937613691914,1.5666226542757757,1.5840518841274724,-0.009296693658456928,0.7013020208893526,0.7013636382194824,443.0,-917.0937613691914,0.004773782889003542,443.0,-913.0,1.5696302156578117,0.0030075613820359504,0.29863636178051756,87.1252663683175,57.55480409554632,TRACK
33.292,442.99493044557954,-917.0600098594837,1.5751205748495185,1.5824768351973555,-0.008199518294857362,0.7019510718635137,0.7019989596791462,443.0,-917.0600098594837,0.005069554420458644,443.0,-913.0,1.5695476717518793,-0.005572903097639248,0.29800104032085384,78.56388408279909,65.87830144055806,TRACK
33.344,442.9946799319157,-917.0234107396814,1.5751945587716882,1.5807814097023167,-0.007015836552141192,0.7026084261498697,0.702643453295712,443.0,-917.0234107396814,0.005320068084301965,443.0,-913.0,1.569474049421805,-0.005720509349883329,0.297356546704288,78.56388408279909,65.87830144055806,TRACK
33.392,442.9944885220941,-916.9895942721586,1.5710469454509304,1.5792650729052276,-0.005955990374594213,0.7032738860178023,0.7032991060536925,443.0,-916.9895942721586,0.005511477905884021,443.0,-913.0,1.5694148644145638,-0.0016320810363665839,0.2967008939463075,48.393292235884275,95.82068597240689,TRACK
33.444,442.9942223163257,-916.9529243974147,1.5753884078068796,1.5788410536808284,-0.005663163338566783,0.7039444905339312,0.7039672699579684,443.0,-916.9529243974147,0.005777683674295986,443.0,-913.0,1.5693347052258848,-0.006053702580994802,0.29603273004203157,48.393292235884275,95.82068597240689,TRACK
33.492,442.9938908466209,-916.9190427141926,1.5667177916565826,1.5794504794721937,-0.0060980227675976415,0.7046178590077146,0.70464424578243,443.0,-916.9190427141926,0.0061091533791000074,443.0,-913.0,1.5692374898859196,0.002519698229336953,0.29535575421757,64.71430760124471,79.25119748012668,TRACK
33.544,442.9935203946246,-916.882302671325,1.570727915823329,1.5799513665846099,-0.006457141696945167,0.7052903584259219,0.7053199163269529,443.0,-916.882302671325,0.006479605375375286,443.0,-913.0,1.5691273174704252,-0.0016005983529037149,0.2946800836730471,64.71430760124471,79.25119748012668,TRACK
33.592,442.99316860641676,-916.8483568092026,1.570512326025967,1.580374846075474,-0.006762264452032884,0.7059606442854449,0.7059930307732788,443.0,-916.8483568092026,0.006831393583240697,443.0,-913.0,1.5690211830786605,-0.0014911429473065674,0.2940069692267212,80.42340763104194,63.30408281157246,TRACK
33.644,442.99281320425524,-916.8115481744609,1.5702614858052242,1.5804016967815846,-0.0067876018271109395,0.7066248449320041,0.7066574438960805,443.0,-916.8115481744609,0.007186795744758001,443.0,-913.0,1.5689107971101282,-0.001350688695096025,0.29334255610391946,80.42340763104194,63.30408281157246,TRACK
33.692,442.99254531450634,-916.7775403412409,1.5657209893848638,1.5797957792024684,-0.006365303940001006,0.7072799331017464,0.7073085754199927,443.0,-916.7775403412409,0.007454685493655688,443.0,-913.0,1.568822906224077,0.003101916839213237,0.2926914245800073,72.19706135784382,71.33799658276062,TRACK
33.744,442.99229857615455,-916.7406661302888,1.5742709444321186,1.5789865545270247,-0.005798186467286306,0.7079237610012781,0.7079475053678091,443.0,-916.7406661302888,0.007701423845446698,443.0,-913.0,1.5687374921660893,-0.005533452266029304,0.29205249463219085,72.19706135784382,71.33799658276062,TRACK
33.792,442.9920944941616,-916.706599112697,1.5697932955625564,1.5782153935164702,-0.005256919068875819,0.7085557812580073,0.7085752820641162,443.0,-916.706599112697,0.007905505838380122,443.0,-913.0,1.5686635108062004,-0.001129784756356056,0.29142471793588376,57.361727406178105,86.02007989381018,TRACK
33.844,442.99184700675875,-916.6696623622499,1.5739655236945487,1.5779633844613061,-0.005082777991033257,0.7091740012110563,0.7091922155705077,443.0,-916.6696623622499,0.008152993241253625,443.0,-913.0,1.568574602008834,-0.005390921685714645,0.2908077844294923,57.361727406178105,86.02007989381018,TRACK
33.892,442.9915835440833,-916.6355394469912,1.5737187468556253,1.5781575127855891,-0.005224887702546734,0.7097760245489906,0.7097952553209084,443.0,-916.6355394469912,0.008416455916687937,443.0,-913.0,1.568481280842686,-0.005237466012939285,0.29020474467909163,66.19093258837472,77.04257251354932,TRACK
33.944,442.991309555145,-916.5985445673913,1.5647415889148943,1.578173220158785,-0.0052403333222564435,0.7103584132637843,0.7103777420414928,443.0,-916.5985445673913,0.008690444855005808,443.0,-913.0,1.5683813426818487,0.0036397537669543567,0.28962225795850716,66.19093258837472,77.04257251354932,TRACK
33.992,442.9910634052767,-916.5643703437477,1.5687028999884223,1.578112152123305,-0.005201059449178121,0.7109200160228284,0.7109390411289089,443.0,-916.5643703437477,0.0089365947233091,443.0,-913.0,1.5682891305340665,-0.0004137694543557835,0.28906095887109107,96.59547537399413,46.51250968087975,TRACK
34.044,442.9908499866438,-916.527322703192,1.5684976822689907,1.5775670602635128,-0.0048171602094388526,0.711457129539543,0.71147343745577,443.0,-916.527322703192,0.009150013356190811,443.0,-913.0,1.5682022934153044,-0.00029538885368629586,0.28852656254423004,96.59547537399413,46.51250968087975,TRACK
34.092,442.99078837304563,-916.4931029972363,1.5728079341038246,1.5758252055074078,-0.003580419956177655,0.7119658234610537,0.7119748262288765,443.0,-916.4931029972363,0.009211626954368057,443.0,-913.0,1.5681592429160514,-0.004648691187773224,0.28802517377112347,64.95107060869874,78.07547000329497,TRACK
34.144,442.99080054769513,-916.4560094164927,1.568437721729362,1.5739478925446824,-0.0022453282152767834,0.7124461171773896,0.7124496553300682,443.0,-916.4560094164927,0.009199452304869737,443.0,-913.0,1.5681344617741282,-0.0003032599552337256,0.2875503446699318,64.95107060869874,78.07547000329497,TRACK
34.192,442.9908041308008,-916.4217500016681,1.5684121238851496,1.5728069007836838,-0.001433336527571881,0.7128982092616725,0.7128996501767276,443.0,-916.4217500016681,0.009195869199174922,443.0,-913.0,1.5681088577934623,-0.0003032660916872931,0.28710034982327237,72.83976637351543,70.15301571146259,TRACK
34.244,442.9908175148475,-916.3846167620535,1.5683644691652145,1.57197614017689,-0.0008415838134296246,0.7133191026568497,0.7133195991128299,443.0,-916.3846167620535,0.009182485152507525,443.0,-913.0,1.5680833275783732,-0.00028114158684133805,0.28668040088717006,72.83976637351543,70.15301571146259,TRACK
34.292,442.9908323803857,-916.3503243775523,1.5638995204877737,1.5714109143715402,-0.00043863492921529805,0.7137060537149967,0.7137061885047901,443.0,-916.3503243775523,0.00916761961428847,443.0,-913.0,1.568059995711606,0.004160475223832227,0.28629381149520994,72.9150541255669,70.04745091243988,TRACK
34.344,442.99085908361917,-916.3131596024118,1.5638668320948983,1.5709439053226664,-0.00010537940186136993,0.7140564598986691,0.7140564676745376,443.0,-916.3131596024118,0.009140916380829367,443.0,-913.0,1.5680373612500602,0.004170529155161917,0.28594353232546244,72.9150541255669,70.04745091243988,TRACK
34.392,442.9908898042022,-916.2788420084364,1.5682875347220513,1.5705786415316385,0.00015550764002702106,0.7143691550047643,0.7143691719306251,443.0,-916.2788420084364,0.00911019579780259,443.0,-913.0,1.5680178542942227,-0.00026968042782860024,0.2856308280693749,88.04560828418079,54.93361375828695,TRACK
34.444,442.9909569308791,-916.2416542632021,1.563895115510853,1.5700226611500496,0.0005528941376250808,0.7146420821377528,0.7146422960153632,443.0,-916.2416542632021,0.009043069120878044,443.0,-913.0,1.568006687638884,0.004111572128031149,0.2853577039846368,88.04560828418079,54.93361375828695,TRACK
34.492,442.99111413430154,-916.2073198515076,1.572944018685584,1.5686901413598646,0.0015056561445890124,0.7148724386622505,0.7148740242583576,443.0,-916.2073198515076,0.008885865698459838,443.0,-913.0,1.5680258382327823,-0.00491818045280179,0.28512597574164245,78.91018290233403,64.12684119702404,TRACK
34.544,442.9913731912599,-916.1701185252612,1.573183706736374,1.566989214722919,0.0027223290984936775,0.7150606271736623,0.7150658092859088,443.0,-916.1701185252612,0.008626808740075376,443.0,-913.0,1.5680750444906555,-0.005108662245718598,0.2849341907140912,78.91018290233403,64.12684119702404,TRACK
34.592,442.99167008201755,-916.1357755349773,1.569056334265825,1.5652953985015348,0.00393434235503369,0.7152070451496667,0.7152178664445429,443.0,-916.1357755349773,0.008329917982450752,443.0,-913.0,1.568139919059022,-0.0009164152068030784,0.2847821335554571,47.67218197111022,95.45889463954994,TRACK
34.644,442.99194474328255,-916.0985691905192,1.5692310230535822,1.5646368480900814,0.004406004122089508,0.715311897814684,0.7153254672018666,443.0,-916.0985691905192,0.008055256717454995,443.0,-913.0,1.568196662861102,-0.001034360192480266,0.2846745327981334,47.67218197111022,95.45889463954994,TRACK
34.692,442.99210883449405,-916.0642259239312,1.5647880324098815,1.5651204612252911,0.004060401096561545,0.7153723857840864,0.7153839089604132,443.0,-916.0642259239312,0.007891165505952813,443.0,-913.0,1.5682210767130378,0.003433044303156274,0.28461609103958685,80.18874494599065,63.06329599088554,TRACK
34.744,442.9922936974358,-916.0270244950574,1.564739893648713,1.5653678017387291,0.0038835305130115057,0.7153862835640816,0.7153968245113156,443.0,-916.0270244950574,0.007706302564201906,443.0,-913.0,1.5682504980683802,0.003510604419667329,0.2846031754886844,80.18874494599065,63.06329599088554,TRACK
34.792,442.99248703169354,-915.9926903622986,1.5692678670443385,1.5652969748779362,0.003934023796177814,0.7153541356827285,0.7153649530006432,443.0,-915.9926903622986,0.007512968306457424,443.0,-911.0,1.5692915343702751,2.3667325936616024e-05,0.2846350469993568,87.54478697767262,55.88145403972699,TRACK
34.844,442.992719285756,-915.955503327561,1.569366359136166,1.565035879731736,0.0041203639647018194,0.7152775373891525,0.715289404991219,443.0,-915.955503327561,0.007280714244018327,443.0,-911.0,1.569327109941623,-3.924919454290077e-05,0.28471059500878104,87.54478697767262,55.88145403972699,TRACK
34.892,442.9929845929795,-915.9211866572313,1.5650975994105407,1.5643464002446659,0.004612768415184933,0.7151561204574278,0.7151709965177357,443.0,-915.9211866572313,0.007015407020503517,443.0,-911.0,1.5693707758542574,0.00427317644371672,0.28482900348226425,66.39288148525364,77.2258987488789,TRACK
34.944,442.9932856442528,-915.8840229478359,1.574368991992442,1.5637689410345053,0.005024606117157543,0.7149918299969511,0.7150094849923472,443.0,-915.8840229478359,0.006714355747192258,443.0,-911.0,1.569421568406382,-0.00494742358606004,0.2849905150076528,66.39288148525364,77.2258987488789,TRACK
34.992,442.99354159822593,-915.8497316974978,1.5700700670292487,1.5636162146960808,0.005132325030179484,0.7147850565468625,0.7148034819605433,443.0,-915.8497316974978,0.006458401774068534,443.0,-911.0,1.5694646246804151,-0.0006054423488335292,0.28519651803945667,56.932858871073286,86.89902191386176,TRACK
35.044,442.99376954623364,-915.8125998683507,1.5701623717882687,1.5639804338526875,0.004870276706092511,0.7145360598604644,0.7145526575670341,443.0,-915.8125998683507,0.006230453766363553,443.0,-911.0,1.5695017146401344,-0.000660657148134236,0.2854473424329659,56.932858871073286,86.89902191386176,TRACK
35.092,442.9939307053098,-915.7783422902913,1.5656108561247561,1.5647189231867185,0.004340798122812058,0.7142432789257224,0.7142564693574083,443.0,-915.7783422902913,0.00606929469017814,443.0,-911.0,1.5695261600597514,0.0039153039349952845,0.2857435306425917,81.5426600462026,62.534076454651135,TRACK
35.144,442.9941322696371,-915.7412514778534,1.5655700972837183,1.5649438149300274,0.004178201751741281,0.7139078304029425,0.7139200569255039,443.0,-915.7412514778534,0.00586773036292243,443.0,-911.0,1.569558736383462,0.003988639099743674,0.28607994307449613,81.5426600462026,62.534076454651135,TRACK
35.192,442.9943635682047,-915.707035577002,1.5701811296307393,1.5646265498310348,0.004402383194037605,0.7135310334703926,0.713544614374682,443.0,-915.707035577002,0.005636431795323915,443.0,-911.0,1.5695988790575413,-0.000582250573198051,0.286455385625318,88.8752322782738,55.472487629240206,TRACK
35.244,442.9946576035514,-915.6699936993638,1.5657524751977234,1.5640084238793444,0.004840633140535263,0.7131155020129845,0.7131319309499695,443.0,-915.6699936993638,0.005342396448611453,443.0,-911.0,1.5696523436415977,0.0038998684438742437,0.2868680690500305,88.8752322782738,55.472487629240206,TRACK
35.292,442.99498742803337,-915.6358264201671,1.5751407021622867,1.5630068369129293,0.005551381722454304,0.7126614871178,0.712683108443004,443.0,-915.6358264201671,0.005012571966631185,443.0,-911.0,1.56971505895636,-0.005425643205926756,0.287316891556996,79.34801949033543,65.27486821157807,TRACK
35.344,442.995377409933,-915.5988407822867,1.5709292745074255,1.5620440601675465,0.00623327629008784,0.7121717600518068,0.7121990378739618,443.0,-915.5988407822867,0.004622590067015153,443.0,-911.0,1.5697911629440406,-0.001138111563384836,0.28780096212603823,79.34801949033543,65.27486821157807,TRACK
35.392,442.995739513214,-915.5647284113247,1.5712110213417676,1.5613931221715518,0.006691966012662287,0.7116476822983984,0.7116791454931054,443.0,-915.5647284113247,0.004260486785994999,443.0,-911.0,1.5698629776084996,-0.0013480437332680228,0.2883208545068946,62.51563300521025,82.39427584089867,TRACK
35.444,442.9960881343677,-915.5278054024093,1.5762258315149322,1.5613797173849129,0.00669626644278442,0.7110912458094029,0.7111227741051761,443.0,-915.5278054024093,0.003911865632289846,443.0,-911.0,1.569932361957342,-0.006293469557590248,0.2888772258948239,62.51563300521025,82.39427584089867,TRACK
35.492,442.9963421694414,-915.4937538446986,1.5764513955156696,1.5620634094428247,0.006204912266732485,0.7105019180829573,0.7105290117481475,443.0,-915.4937538446986,0.003657830558609021,443.0,-911.0,1.5699823459056064,-0.006469049610063227,0.28947098825185247,55.25792946458642,89.95984809454663,TRACK
35.544,442.99653741864375,-915.4568997250132,1.5719331184281244,1.563263718599204,0.005347370296975642,0.7098828215599866,0.7099029614778775,443.0,-915.4568997250132,0.003462581356245664,443.0,-911.0,1.5700194233702658,-0.0019136950578586553,0.29009703852212254,55.25792946458642,89.95984809454663,TRACK
35.592,442.996644480734,-915.4229140145541,1.5719256857178876,1.5647949410367745,0.004256451767781159,0.7092363061115272,0.7092490784543716,443.0,-915.4229140145541,0.0033555192659946442,443.0,-911.0,1.5700376598592138,-0.0018880258586737586,0.2907509215456284,80.72209810512254,64.82597249768014,TRACK
35.644,442.99676414301695,-915.3861331181283,1.5672105793193143,1.5657550519937442,0.003572112861161555,0.7085673249149702,0.7085763289353165,443.0,-915.3861331181283,0.003235856983053509,443.0,-911.0,1.570058579829895,0.0028480005105806505,0.2914236710646835,80.72209810512254,64.82597249768014,TRACK
35.692,442.9969138195446,-915.3522164337355,1.5765446733990711,1.5659745373776595,0.00341326470724393,0.7078779182256052,0.7078861472633705,443.0,-915.3522164337355,0.00308618045539788,443.0,-911.0,1.5700872214493535,-0.006457451949717585,0.2921138527366295,88.26667920462694,57.592104912706105,TRACK
35.744,442.9971066871286,-915.315511607819,1.5719949821294887,1.565823366213189,0.0035167692598367236,0.7071723597465586,0.7071811041420316,443.0,-915.315511607819,0.002893312871378839,443.0,-911.0,1.5701258819668429,-0.0018691001626458537,0.2928188958579684,88.26667920462694,57.592104912706105,TRACK
35.792,442.99733295827457,-915.2816658599393,1.5721956475827232,1.5652251878728656,0.003935793791431377,0.7064539454580693,0.7064649089134162,443.0,-915.2816658599393,0.002667041725430863,443.0,-911.0,1.5701734287295792,-0.00202221885314402,0.2935350910865838,62.74470149484442,83.39781707436252,TRACK
35.844,442.997563798869,-915.2450384755272,1.5770983151232139,1.564969763932879,0.004112000734702675,0.7057255365522639,0.7057375160015393,443.0,-915.2450384755272,0.002436201130990412,443.0,-911.0,1.5702224330887318,-0.006875882034482084,0.29426248399846067,62.74470149484442,83.39781707436252,TRACK
35.892,442.9976998311201,-915.21126493516,1.577217640216554,1.5655981184392256,0.00366470230833176,0.7049869972696396,0.7049965222341679,443.0,-915.21126493516,0.0023001688799126896,443.0,-911.0,1.5702501325547829,-0.006967507661771233,0.29500347776583213,55.32612850949876,91.08771823337953,TRACK
35.944,442.99774700393226,-915.174716368511,1.567826935863617,1.5669630501006306,0.0026995658131239997,0.7042415160550961,0.7042466901527898,443.0,-915.174716368511,0.002252996067738877,443.0,-911.0,1.5702566504072972,0.002429714543680239,0.29575330984721016,55.32612850949876,91.08771823337953,TRACK
35.992,442.9976954127473,-915.1410155908961,1.572398702884532,1.5688367726864971,0.0013785320548922138,0.7034918222107795,0.7034931728652876,443.0,-915.1410155908961,0.0023045872526950006,443.0,-911.0,1.5702397997874074,-0.0021589030971247425,0.29650682713471244,97.24589058317565,49.445498376561915,TRACK
36.044,442.9976436942159,-915.104545263087,1.5723199806235604,1.5700166104688547,0.0005479403359995622,0.7027430446911304,0.702743258310154,443.0,-915.104545263087,0.002356305784076085,443.0,-911.0,1.5702222545471327,-0.002097726076427664,0.29725674168984595,97.24589058317565,49.445498376561915,TRACK
36.092,442.9976957797586,-915.070915819337,1.5771182994412434,1.5697479595532726,0.0007359516337535914,0.7019976730595497,0.7019980588333772,443.0,-915.070915819337,0.00230422024139898,443.0,-911.0,1.5702303067400531,-0.0068879927011902264,0.2980019411666228,63.18943143360249,83.7473810958918,TRACK
36.144,442.9977846866558,-915.0345217725544,1.572545572236492,1.569260830754597,0.0010767803699501255,0.7012584177559495,0.7012592444521092,443.0,-915.0345217725544,0.00221531334420888,443.0,-911.0,1.5702472373993106,-0.0022983348371814483,0.2987407555478908,63.18943143360249,83.7473810958918,TRACK
36.192,442.99782024324503,-915.0009616890675,1.5725849674253651,1.5694271096828483,0.0009591740370030377,0.7005269136334705,0.7005275702923256,443.0,-915.0009616890675,0.0021797567549697305,443.0,-911.0,1.5702515186440804,-0.0023334487812847193,0.2994724297076744,71.73306589267698,75.41465369933393,TRACK
36.244,442.99782923581205,-914.9646413418403,1.5725897827001947,1.569818928146476,0.0006839900174433027,0.6998063694291856,0.6998067036946715,443.0,-914.9646413418403,0.0021707641879515904,443.0,-911.0,1.5702487958119251,-0.0023409868882695584,0.30019329630532854,71.73306589267698,75.41465369933393,TRACK
36.292,442.9977978326197,-914.9311478161019,1.5678150657791265,1.5704879122863633,0.00021561190053965572,0.6990977653050926,0.699097798554012,443.0,-914.9311478161019,0.0022021673802896657,443.0,-911.0,1.5702361425299045,0.002421076750777962,0.300902201445988,72.08317024354336,75.25871785502308,TRACK
36.344,442.99772326447294,-914.8948976527876,1.5677863205381264,1.571314297319128,-0.00036175325253755806,0.6984050312947039,0.6984051249834669,443.0,-914.8948976527876,0.0022767355270616463,443.0,-911.0,1.5702117837668867,0.0024254632287603606,0.30159487501653315,72.08317024354336,75.25871785502308,TRACK
36.392,442.9976101482788,-914.8614666244404,1.5725268494462235,1.572315456802695,-0.0010599451964421166,0.6977311853731787,0.6977319904706107,443.0,-914.8614666244404,0.00238985172120465,443.0,-911.0,1.570177429456526,-0.002349419989697399,0.30226800952938926,88.48654128310424,59.02244233045924,TRACK
36.444,442.997473966534,-914.8252813847322,1.5725284680407514,1.5730996061446714,-0.001605572275236299,0.6970797685283597,0.6970816175699103,443.0,-914.8252813847322,0.002526033465983346,443.0,-911.0,1.5701359745633212,-0.002392493477430202,0.3029183824300897,88.48654128310424,59.02244233045924,TRACK
36.492,442.99739938652266,-914.7919075145257,1.5774378348159803,1.573075636157522,-0.0015874345617204195,0.6964529864654307,0.6964547955934435,443.0,-914.7919075145257,0.002600613477341085,443.0,-911.0,1.5701104943847886,-0.0073273404311917645,0.3035452044065565,62.532522928268435,85.10478421549413,TRACK
36.544,442.997317497134,-914.7557811013095,1.577579127238755,1.5730712445297603,-0.0015830110424958654,0.6958529916966297,0.6958547923073538,443.0,-914.7557811013095,0.002682502865980041,443.0,-911.0,1.5700820938996662,-0.007497033339088688,0.3041452076926462,62.532522928268435,85.10478421549413,TRACK
36.592,442.9972051932687,-914.7224584526493,1.5728222169575077,1.5734540037319822,-0.0018478395288242216,0.6952820910830322,0.695284546564727,443.0,-914.7224584526493,0.0027948067312877356,443.0,-911.0,1.5700455309857024,-0.0027766859718052483,0.30471545343527295,54.89466238057721,92.83767292695529,TRACK
36.644,442.99701575613267,-914.6863839530561,1.577561736737654,1.5743604428338096,-0.0024761533401829253,0.6947424910817458,0.6947469037353342,443.0,-914.6863839530561,0.0029842438673313154,443.0,-911.0,1.569986795489033,-0.007574941248621014,0.3052530962646658,54.89466238057721,92.83767292695529,TRACK
36.692,442.99676375464946,-914.6531058472737,1.5677394005839016,1.5757614752060964,-0.003447010486150675,0.694235473866568,0.6942440313434678,443.0,-914.6531058472737,0.0032362453505356825,443.0,-911.0,1.5699104382827007,0.0021710376987991165,0.3057559686565322,64.92738837015352,82.85964559257627,TRACK
36.744,442.99644560413145,-914.6170756458313,1.5722148397117484,1.5771124459335748,-0.004381954533388549,0.693764029260008,0.69377786777946,443.0,-914.6170756458313,0.0035543958685479993,443.0,-911.0,1.5698136559656168,-0.002401183746131519,0.30622213222053996,64.92738837015352,82.85964559257627,TRACK
36.792,442.99609561143126,-914.5838344411402,1.571940196801312,1.5785850972335596,-0.005400300552283939,0.6933304032248264,0.6933514341817975,443.0,-914.5838344411402,0.003904388568741979,443.0,-911.0,1.569706882768345,-0.0022333140329671153,0.30664856581820255,82.69898868010453,65.10162845411445,TRACK
36.844,442.9956905361933,-914.5478398329491,1.5666879582782818,1.5797964270086198,-0.006236663306724017,0.6929361633825072,0.6929642288693336,443.0,-914.5478398329491,0.004309463806691838,443.0,-911.0,1.5695816548000578,0.002893696521776068,0.3070357711306664,82.69898868010453,65.10162845411445,TRACK
36.892,442.9953297664921,-914.5146275086317,1.576215262730642,1.5804475144729309,-0.0066844435540787,0.6925817043458388,0.692613961005851,443.0,-914.5146275086317,0.004670233507908961,443.0,-911.0,1.5694675285800963,-0.006747734150545748,0.30738603899414896,90.28952096353106,57.484316644218104,TRACK
36.944,442.9949596427494,-914.4786599335229,1.5760724688507846,1.5806709533888743,-0.006836105809080489,0.6922675556730573,0.6923013079434289,443.0,-914.4786599335229,0.0050403572506070304,443.0,-911.0,1.5693473913370874,-0.006725077513697109,0.3076986920565711,90.28952096353106,57.484316644218104,TRACK
36.992,442.9946805164444,-914.4454684293889,1.5711774943457881,1.5801584937091036,-0.006478764749673889,0.6919952954973432,0.6920256233573558,443.0,-914.4454684293889,0.005319483555581428,443.0,-911.0,1.5692524208099747,-0.001925073535813393,0.30797437664264415,46.827380141741315,100.9009212392439,TRACK
37.044,442.99433917223814,-914.4095188061624,1.5711444820860818,1.580204881501215,-0.0065087061679953715,0.6917655599442363,0.6917961789291294,443.0,-914.4095188061624,0.005660827761857945,443.0,-911.0,1.5691360272388157,-0.0020084548472660835,0.30820382107087063,46.827380141741315,100.9009212392439,TRACK
37.092,442.9939341974537,-914.3763396173041,1.575765656758401,1.5811831947213413,-0.007183600145669847,0.6915791993888369,0.691616507277232,443.0,-914.3763396173041,0.0060658025462885234,443.0,-911.0,1.568999766997076,-0.0067658897613249724,0.308383492722768,82.23264181296685,65.41870702997582,TRACK
37.144,442.99352737970327,-914.3403985779298,1.5657167710586988,1.5815091606036895,-0.007407536491911674,0.6914373215450095,0.6914769997781675,443.0,-914.3403985779298,0.006472620296733567,443.0,-911.0,1.5688586501838429,0.003141879125144076,0.30852300022183254,82.23264181296685,65.41870702997582,TRACK
37.192,442.99319900823787,-914.3072227731407,1.5703854810511704,1.5812239029495758,-0.007209273988286522,0.6913411689251514,0.6913787568925104,443.0,-914.3072227731407,0.00680099176213389,443.0,-911.0,1.5687399239935178,-0.001645557057652569,0.3086212431074896,90.19994847617428,57.31792367514359,TRACK
37.244,442.9928820410148,-914.2712806206549,1.5702564886555337,1.5806608398066997,-0.006819461324500431,0.6912900938400204,0.6913237294452582,443.0,-914.2712806206549,0.007117958985190853,443.0,-911.0,1.5686204365007645,-0.001636052154769141,0.3086762705547418,90.19994847617428,57.31792367514359,TRACK
37.292,442.99264156558365,-914.2380995818738,1.5653243159721273,1.5797448265268577,-0.006186116546434863,0.6912836354415219,0.6913113138573482,443.0,-914.2380995818738,0.007358434416346427,443.0,-911.0,1.5685238760675826,0.0031995600954553005,0.30868868614265177,63.476397063365,83.90200114619918,TRACK
37.344,442.9923607916828,-914.2021470613997,1.5752259846413479,1.5793461081490594,-0.005910800087762013,0.6913224816126479,0.6913477497907601,443.0,-914.2021470613997,0.007639208317186785,443.0,-911.0,1.5684106793907249,-0.006815305250623016,0.3086522502092399,63.476397063365,83.90200114619918,TRACK
37.392,442.99203677768526,-914.1689517968965,1.5702481736926177,1.579769974535434,-0.006204622122557676,0.691408416717423,0.6914362559508848,443.0,-914.1689517968965,0.00796322231474278,443.0,-911.0,1.568283443651309,-0.0019647300413088153,0.30856374404911524,55.36869851273448,91.83154890601864,TRACK
37.444,442.9915972389821,-914.1329789351663,1.570124460120922,1.5809059295658483,-0.006991437958734217,0.6915405017427759,0.6915758423740531,443.0,-914.1329789351663,0.008402761017919147,443.0,-911.0,1.5681142976322402,-0.0020101624886819103,0.3084241576259469,55.36869851273448,91.83154890601864,TRACK
37.492,442.9911170268882,-914.0997606137307,1.5648971906639484,1.5824276785875582,-0.00804598119092133,0.6917182532672594,0.6917650466136845,443.0,-914.0997606137307,0.008882973111781212,443.0,-911.0,1.5679306381490528,0.003033447485104368,0.30823495338631546,82.04574251124076,64.91837529179178,TRACK
37.544,442.99062319978367,-914.0637584874323,1.564601283582652,1.5831576621120105,-0.00855372405471667,0.6919388685552533,0.6919917369540827,443.0,-914.0637584874323,0.009376800216330139,443.0,-911.0,1.5677357817233841,0.0031344981407321892,0.30800826304591733,82.04574251124076,64.91837529179178,TRACK
37.592,442.9902257163003,-914.0305093514934,1.56934566081218,1.5830150407317762,-0.00845823770179388,0.69220188078238,0.6922535558187363,443.0,-914.0305093514934,0.009774283699698572,443.0,-911.0,1.5675710439550021,-0.0017746168571779464,0.30774644418126373,89.75738313967062,56.95750459834655,TRACK
37.644,442.9898654472847,-913.9944698162301,1.5692253463566557,1.5822365276152992,-0.007922742110984761,0.6925050175498899,0.6925503369245665,443.0,-913.9944698162301,0.010134552715271639,443.0,-909.0,1.5687671747169718,-0.00045817163968386865,0.30744966307543353,89.75738313967062,56.95750459834655,TRACK
37.692,442.98962293035345,-913.9611826897716,1.5742226387405172,1.5807810798106543,-0.006918134996057271,0.6928468918340089,0.6928814300555836,443.0,-913.9611826897716,0.010377069646551718,443.0,-909.0,1.5687046774519435,-0.005517961288573625,0.30711856994441644,67.03986552055778,79.44804223371887,TRACK
37.744,442.98939359814364,-913.9250980327073,1.5742872174702127,1.5795095023290235,-0.0060403699288680834,0.6932279791633135,0.6932542947315429,443.0,-913.9250980327073,0.0106064018563643,443.0,-909.0,1.5686427888572971,-0.005644428612915586,0.3067457052684571,67.03986552055778,79.44804223371887,TRACK
37.792,442.989155530433,-913.8917652555225,1.5692912771699177,1.5789589846854704,-0.005662150843952612,0.6936496867619864,0.6936727959904305,443.0,-913.8917652555225,0.010844469567018677,443.0,-909.0,1.5685794477675288,-0.0007118294023888971,0.3063272040095695,56.48497095858873,89.7508177767878,TRACK
37.844,442.9888214718749,-913.8556270270101,1.5742249128969317,1.5793377996777243,-0.005928869112388357,0.6941103729211542,0.6941356937124726,443.0,-913.8556270270101,0.011178528125071807,443.0,-909.0,1.5684941507187493,-0.005730762178182358,0.30586430628752737,56.48497095858873,89.7508177767878,TRACK
37.892,442.98843272151964,-913.8222413862422,1.5740391371056566,1.580425051815077,-0.0066884029303360725,0.6946087063309572,0.6946409069760608,443.0,-913.8222413862422,0.011567278480356435,443.0,-909.0,1.5683975965430954,-0.005641540562561165,0.30535909302393915,66.47568903787331,79.44891331168424,TRACK
37.944,442.9879810690717,-913.7860427339359,1.568725898304275,1.5814231754877435,-0.007387430304476697,0.6951404342538509,0.6951796871752913,443.0,-913.7860427339359,0.012018930928320515,443.0,-909.0,1.5682850860201387,-0.0004408122841361717,0.3048203128247087,66.47568903787331,79.44891331168424,TRACK
37.992,442.98754217738417,-913.7525985982412,1.5684887205649625,1.5822979422081753,-0.008002081585993696,0.6957047717055742,0.6957507906453387,443.0,-913.7525985982412,0.012457822615829173,443.0,-909.0,1.5681750673247923,-0.00031365324017018636,0.30424920935466127,84.49735858763749,61.10546334884161,TRACK
38.044,442.98709125579495,-913.7163339092174,1.568224225065819,1.5826246326406366,-0.008236402189106711,0.6962973546535933,0.6963460665636108,443.0,-913.7163339092174,0.01290874420504906,443.0,-909.0,1.568059304306855,-0.0001649207589640156,0.30365393343638925,84.49735858763749,61.10546334884161,TRACK
38.092,442.9867517150061,-913.6828269314086,1.5731044719273652,1.5820303372191733,-0.007829479674902037,0.6969149937137742,0.6969589724044376,443.0,-913.6828269314086,0.013248284993892412,443.0,-909.0,1.5679672131329967,-0.005137258794368549,0.3030410275955624,74.62116114888433,70.68047070864658,TRACK
38.144,442.98644885794243,-913.6464921189958,1.5679154640553241,1.5810139651227333,-0.0071276227941773195,0.6975559833082093,0.6975923973609366,443.0,-913.6464921189958,0.013551142057565357,443.0,-909.0,1.5678799108641606,-3.5553191163550935e-05,0.3024076026390634,74.62116114888433,70.68047070864658,TRACK
38.192,442.9862044901354,-913.6129182334533,1.5678467761032515,1.5799834225668516,-0.0064148034093338855,0.6982209712303975,0.698250438144295,443.0,-913.6129182334533,0.013795509864621636,443.0,-909.0,1.5678057104348404,-4.1065668411111034e-05,0.301749561855705,74.36939150804544,70.66040766547196,TRACK
38.244,442.98596940992803,-913.5765086688973,1.5728587084253027,1.579025969211624,-0.005751892842437896,0.6989080081192487,0.6989316762634862,443.0,-913.5765086688973,0.014030590071968163,443.0,-909.0,1.5677305517403086,-0.005128156684994112,0.3010683237365138,74.36939150804544,70.66040766547196,TRACK
38.292,442.98576381480467,-913.5428640073616,1.572821191523065,1.5782829546391686,-0.005237861455428999,0.6996158623089161,0.6996354693602052,443.0,-913.5428640073616,0.014236185195329654,443.0,-909.0,1.5676625903301893,-0.0051586011928757,0.30036453063979485,56.607695267531824,88.12307810621422,TRACK
38.344,442.9854956268591,-913.5063760487093,1.5625482022728314,1.578235010320541,-0.005209721118005639,0.7003423398911939,0.7003617167138706,443.0,-913.5063760487093,0.014504373140880489,443.0,-909.0,1.5675777043590624,0.005029502086230986,0.2996382832861294,56.607695267531824,88.12307810621422,TRACK
38.392,442.98518882679724,-913.4726575402557,1.5674546806645944,1.5788171355771472,-0.005623402511232273,0.7010866450701229,0.7011091973091522,443.0,-913.4726575402557,0.01481117320275871,443.0,-909.0,1.5674848461080544,3.016544346001737e-05,0.2988908026908478,101.31396198455766,43.10586945059611,TRACK
38.444,442.98489304577413,-913.4360888402363,1.5672889918702004,1.5788407659388242,-0.005646045441710976,0.7018418001954951,0.7018645099524432,443.0,-913.4360888402363,0.01510695422587105,443.0,-909.0,1.5673908729433483,0.00010188107314790251,0.2981354900475568,101.31396198455766,43.10586945059611,TRACK
38.492,442.98476665152367,-913.4022961296166,1.5622325300091615,1.577331301957445,-0.004591554280034333,0.7026023517286791,0.7026173546286606,443.0,-913.4022961296166,0.015233348476328956,443.0,-909.0,1.5673360217113987,0.005103491702237228,0.2973826453713394,63.908201924872905,80.20712936848369,TRACK
38.544,442.98471749653413,-913.3656470750565,1.5675117809154613,1.5755098441749393,-0.0033153611731573164,0.7033678573938411,0.7033756709145628,443.0,-913.3656470750565,0.015282503465869013,443.0,-909.0,1.567295713763734,-0.00021606715172728386,0.29662432908543723,63.908201924872905,80.20712936848369,TRACK
38.592,442.98466078459296,-913.3317795517697,1.567583267176889,1.5744440370210149,-0.002568509333582406,0.7041397979384991,0.7041444825325744,443.0,-913.3317795517697,0.015339215407038864,443.0,-909.0,1.5672552529452664,-0.0003280142316226531,0.29585551746742556,72.63793968594824,71.23493991091091,TRACK
38.644,442.9846077933866,-913.295049224286,1.567619630142303,1.5736707148992153,-0.0020262026480965885,0.7049142267235537,0.7049171387719531,443.0,-913.295049224286,0.015392206613398685,443.0,-909.0,1.5672126331242888,-0.0004069970180142768,0.29508286122804694,72.63793968594824,71.23493991091091,TRACK
38.692,442.98455619745584,-913.2611071304275,1.572842825490793,1.5731957542534585,-0.0016932520496942736,0.7056886817552952,0.705690713174001,443.0,-913.2611071304275,0.015443802544155005,443.0,-909.0,1.5671719788382172,-0.005670846652575667,0.294309286825999,72.49345119707526,71.11069445161344,TRACK
38.744,442.98449912166717,-913.2242969273301,1.5677331936222443,1.572898043094609,-0.0014847777945359503,0.7064586255272138,0.7064601858186343,443.0,-913.2242969273301,0.01550087833282987,443.0,-909.0,1.5671268856956178,-0.0006063079266265259,0.29353981418136565,72.49345119707526,71.11069445161344,TRACK
38.792,442.98443819146934,-913.1902821628205,1.5677777185613608,1.5727891742091629,-0.0014093882589802074,0.707222431141932,0.7072238354902706,443.0,-913.1902821628205,0.015561808530662802,443.0,-909.0,1.5670825585132606,-0.0006951600481002185,0.29277616450972943,72.07784487400701,71.28558587794487,TRACK
38.844,442.98437036399076,-913.1533946392661,1.5678305483973944,1.5727351379635954,-0.0013726334741246532,0.7079759887811892,0.7079773194201611,443.0,-913.1533946392661,0.015629636009236947,443.0,-909.0,1.567033245366166,-0.0007973030312284912,0.29202268057983893,72.07784487400701,71.28558587794487,TRACK
38.892,442.98432377887116,-913.1193102960817,1.5730806280915883,1.5725345316244095,-0.0012318949219705657,0.7087160617608098,0.7087171324039307,443.0,-913.1193102960817,0.01567622112884237,443.0,-909.0,1.566990800061657,-0.006089828029931299,0.29128286759606925,71.72247297733652,71.43130796241509,TRACK
38.944,442.98429288031923,-913.0823495203216,1.5679518281618676,1.5722181555544223,-0.0010087027218653626,0.7094398923761158,0.7094406094775065,443.0,-913.0823495203216,0.01570711968076921,443.0,-909.0,1.5669487772171349,-0.0010030509447327418,0.29055939052249347,71.72247297733652,71.43130796241509,TRACK
38.992,442.98429631946794,-913.0481995482972,1.567991752614218,1.5716842841314382,-0.0006305796431775049,0.7101461427220316,0.7101464226859602,443.0,-913.0481995482972,0.01570368053205584,443.0,-909.0,1.5669171697583675,-0.0010745828558504922,0.2898535773140398,71.31747833279753,71.66247724446366,TRACK
39.044,442.9843345495444,-913.0111700359324,1.5732696289302655,1.5710109470185174,-0.00015255894557644837,0.7108320952248737,0.7108321115959912,443.0,-913.0111700359324,0.015665450455571772,443.0,-909.0,1.566890890059547,-0.006378738870718381,0.28916788840400875,71.31747833279753,71.66247724446366,TRACK
39.092,442.98438838234557,-912.9769590848744,1.562860405535439,1.5703840017381063,0.00029336752704312366,0.7114957133612614,0.7114957738426534,443.0,-912.9769590848744,0.015611617654428755,443.0,-909.0,1.566870830672861,0.004010425137422002,0.2885042261573466,53.34128718830923,89.49362427205475,TRACK
39.144,442.9844008093154,-912.9398662409423,1.5628467511066895,1.5704111024775562,0.0002743319586581988,0.7121355863047294,0.7121356391444008,443.0,-912.9398662409423,0.01559919068461113,443.0,-909.0,1.5668370276158554,0.0039902765091659465,0.2878643608555992,53.34128718830923,89.49362427205475,TRACK
39.192,442.9843505975866,-912.9055994159005,1.567937308127815,1.57105982915449,-0.00018781141576470055,0.7127503970275253,0.7127504217719011,443.0,-912.9055994159005,0.015649402413373537,443.0,-909.0,1.5667894338713184,-0.0011478742564965394,0.28724957822809893,99.43279173639428,43.28663628491828,TRACK
39.244,442.98432852154264,-912.86844956119,1.567806883847651,1.5711757645332842,-0.000270666177873284,0.7133348570808206,0.7133349084313024,443.0,-912.86844956119,0.01567147845736372,443.0,-909.0,1.5667452483253608,-0.0010616355222903273,0.28666509156869757,99.43279173639428,43.28663628491828,TRACK
39.292,442.9844391588288,-912.8341340671269,1.5731394533213623,1.5699127149981298,0.0006307971961415236,0.7138848013126204,0.7138850800025606,443.0,-912.8341340671269,0.015560841171179618,443.0,-909.0,1.566737846975697,-0.006401606345665334,0.28611491999743943,61.285310574829666,81.35081403337973,TRACK
39.344,442.98461806416526,-912.7969353670867,1.5733117145510729,1.5685368310848888,0.0016141887112260907,0.7144009865085417,0.7144028101355516,443.0,-912.7969353670867,0.015381935834739124,443.0,-909.0,1.5667452039286482,-0.006566510622424637,0.2855971898644484,61.285310574829666,81.35081403337973,TRACK
39.392,442.98474798931716,-912.7625778984598,1.5681370275101831,1.5680034418103754,0.0019965935615371636,0.7148838499685164,0.7148866380984178,443.0,-912.7625778984598,0.01525201068284332,443.0,-909.0,1.5667427423758329,-0.0013942851343502483,0.2851133619015822,52.692967562560376,89.90688622727782,TRACK
39.444,442.9848161774792,-912.7253375554208,1.57338862202048,1.5683404820078541,0.001756744598100552,0.7153306575497451,0.715332814696861,443.0,-912.7253375554208,0.015183822520782542,443.0,-909.0,1.5667205247457945,-0.006668097274685536,0.28466718530313895,52.692967562560376,89.90688622727782,TRACK
39.492,442.9848053640934,-912.6909457961198,1.5626846926613998,1.5693110970791322,0.0010630363838757305,0.7157381723104638,0.7157389617372221,443.0,-912.6909457961198,0.015194635906595977,443.0,-909.0,1.566679617715482,0.003994925054082277,0.28426103826277793,63.422960840921,79.16841931887085,TRACK
39.544,442.9847702496578,-912.6536732438989,1.5676757440037923,1.5701614648011455,0.0004546264867962555,0.7161027596423679,0.7161029039549117,443.0,-912.6536732438989,0.015229750342200532,443.0,-909.0,1.5666280114802633,-0.0010477325235289658,0.2838970960450883,63.422960840921,79.16841931887085,TRACK
39.592,442.98471633538645,-912.6192563224903,1.5674432723844924,1.5709325837386416,-9.76176788269496e-05,0.7164235123718485,0.7164235190223919,443.0,-912.6192563224903,0.015283664613548353,443.0,-909.0,1.5665734775675446,-0.000869794816947822,0.2835764809776081,82.7785521813228,59.850802685409434,TRACK
39.644,442.9846797995732,-912.5819615185663,1.5671785035780956,1.5712279808512997,-0.0003093656188901521,0.7166980017605425,0.7166980685300057,443.0,-912.5819615185663,0.015320200426799602,443.0,-909.0,1.5665193107157223,-0.00065919286237337,0.2833019314699943,82.7785521813228,59.850802685409434,TRACK
39.692,442.98471308844415,-912.5475290899103,1.5723152961381153,1.5707382401249108,4.164369841465866e-05,0.7169234934279116,0.7169234946373835,443.0,-912.5475290899103,0.015286911555847382,443.0,-909.0,1.5664871818805681,-0.005828114257547146,0.2830765053626165,82.7785521813228,59.850802685409434,TRACK
39.744,442.984799466602,-912.5102227496259,1.5722158664046346,1.5699478270548002,0.0006084598510096251,0.7171006380271987,0.7171008961662269,443.0,-912.5102227496259,0.015200533398001426,443.0,-909.0,1.566465992377496,-0.005749874027138668,0.28289910383377315,72.80897014466542,69.90023850835725,TRACK
39.792,442.984899502483,-912.4757841712263,1.5667859964221809,1.5692278951855758,0.0011249272022518391,0.717230048881055,0.7172309310669269,443.0,-912.4757841712263,0.015100497516982614,443.0,-909.0,1.5664518675968928,-0.0003341288252880492,0.2827690689330731,54.74259805929715,88.09340630881628,TRACK
39.844,442.98496301441537,-912.438475867866,1.566663345023127,1.5691810129044164,0.0011586868415341335,0.7173131120824343,0.7173140479041127,443.0,-912.438475867866,0.015036985584629292,443.0,-909.0,1.5664232003559169,-0.0002401446672102292,0.2826859520958873,54.74259805929715,88.09340630881628,TRACK
39.892,442.98496384889137,-912.4040400498776,1.56105895018658,1.5697379411109498,0.0007592311678132773,0.7173480290191635,0.7173484307989004,443.0,-912.4040400498776,0.015036151108631657,443.0,-909.0,1.5663792068144233,0.005320256627843412,0.2826515692010996,83.83938997578451,59.150190438781095,TRACK
39.944,442.98499278029453,-912.3667404356282,1.5607909116733922,1.5698368947556758,0.0006882308573028005,0.7173313147717302,0.717331644927123,443.0,-912.3667404356282,0.015007219705466923,443.0,-909.0,1.566338863976013,0.005547952302620729,0.282668355072877,83.83938997578451,59.150190438781095,TRACK
39.992,442.9850807657087,-912.3323179907659,1.5659636033177835,1.569278180004295,0.0010889103687896286,0.7172623483895371,0.7172631749525866,443.0,-912.3323179907659,0.014919234291312478,443.0,-909.0,1.5663192226740263,0.00035561935624284224,0.2827368250474134,92.54701725583206,50.63223266737155,TRACK
40.044,442.9852465060979,-912.2950381888475,1.5659389565416992,1.5682538074111552,0.001823352051682135,0.7171422701349426,0.7171445880901587,443.0,-912.2950381888475,0.014753493902105674,443.0,-909.0,1.5663188687305127,0.00037991218881350264,0.2828554119098413,92.54701725583206,50.63223266737155,TRACK
40.092,442.98549454243573,-912.260639021961,1.5714387250344106,1.566620753421964,0.0029937771303197346,0.7169697341350069,0.7169759845121233,443.0,-912.260639021961,0.014505457564268909,443.0,-909.0,1.5663477013023233,-0.005091023732087363,0.2830240154878767,63.399860565885405,80.00973095734969,TRACK
40.144,442.9857970411888,-912.223389350364,1.5662529576124355,1.5652407390466756,0.003982004434136617,0.7167492706291705,0.7167603318451443,443.0,-912.223389350364,0.01420295881121092,443.0,-909.0,1.5663901364924502,0.0001371788800146323,0.2832396681548557,63.399860565885405,80.00973095734969,TRACK
40.192,442.9860412231173,-912.1890219216264,1.5663302475791578,1.5646988439254963,0.0043687961108941345,0.7164828604539231,0.7164961798249132,443.0,-912.1890219216264,0.01395877688270275,443.0,-909.0,1.5664192205598308,8.897298067300774e-05,0.2835038201750868,73.11929513624432,70.54386840039069,TRACK
40.244,442.9862959257718,-912.1518114062899,1.5718234435122769,1.5644374934956808,0.004554062261996291,0.7161692509829167,0.7161837302930849,443.0,-912.1518114062899,0.01370407422820108,443.0,-909.0,1.5664483547547956,-0.005375088757481272,0.2838162697069151,73.11929513624432,70.54386840039069,TRACK
40.292,442.986518933365,-912.1174848995286,1.5610477282783295,1.5643893318739412,0.004586237504092599,0.7158074582735297,0.7158221503239858,443.0,-912.1174848995286,0.013481066634994932,443.0,-909.0,1.5664720131129457,0.005424284834616211,0.2841778496760142,54.96716098308936,70.54386840039069,TRACK
40.344,442.9866918375927,-912.0803233137287,1.5610663235106377,1.5650026712073248,0.004144832833117311,0.7154009061458302,0.7154129130463676,443.0,-912.0803233137287,0.013308162407327018,443.0,-909.0,1.5664759752438047,0.005409651733166987,0.28458708695363244,54.96716098308936,88.9746109902916,TRACK
40.392,442.98677820546794,-912.0460458680776,1.5663629561208803,1.5661472159891128,0.003323907098698853,0.7149502968675877,0.7149580234877098,443.0,-912.0460458680776,0.013221794532057629,443.0,-909.0,1.5664557120873108,9.275596643054662e-05,0.28504197651229024,102.96612003867219,41.28620259382755,TRACK
40.444,442.9869045016378,-912.0089421298634,1.560873312941051,1.5665824928529117,0.003010609988260052,0.7144543924827738,0.714460735597437,443.0,-912.0089421298634,0.013095498362190483,443.0,-909.0,1.5664441607794786,0.0055708478384275395,0.28553926440256305,102.96612003867219,41.28620259382755,TRACK
40.492,442.98716961270014,-911.9747228212593,1.5719026053510805,1.5653475261879204,0.003889997988549198,0.7139111470184355,0.7139217449563566,443.0,-911.9747228212593,0.012830387299857193,443.0,-907.0,1.568217216498222,-0.0036853888528585177,0.28607825504364337,81.95082279851903,62.627512118175815,TRACK
40.544,442.98758245845244,-911.9376861170895,1.5721964918262263,1.5633563103085473,0.005307268179150109,0.7133277543975142,0.7133474975699612,443.0,-911.9376861170895,0.01241754154756336,443.0,-907.0,1.5682814817692978,-0.003915010056928514,0.2866525024300388,81.95082279851903,62.627512118175815,TRACK
40.592,442.9880046875122,-911.9035311610626,1.567163830181414,1.5616365016154825,0.006528477877339721,0.7127095947211572,0.7127394947882368,443.0,-911.9035311610626,0.011995312487783849,443.0,-907.0,1.5683500716031855,0.0011862414217715944,0.28726050521176316,49.486313653246334,95.423024952585,TRACK
40.644,442.9883896633466,-911.8665665012542,1.567401943699924,1.5611981656008362,0.006834694120898857,0.7120618314330157,0.7120946319327697,443.0,-911.8665665012542,0.011610336653404829,443.0,-907.0,1.5684105966044526,0.001008652904528562,0.2879053680672303,49.486313653246334,95.423024952585,TRACK
40.692,442.9886236251187,-911.8324804818238,1.5620542562377615,1.5621535000965432,0.00614852243345331,0.7113840821109636,0.7114106525832832,443.0,-911.8324804818238,0.011376374881308493,443.0,-907.0,1.5684421830154938,0.006387926777732256,0.2885893474167168,85.54072777858492,59.70016892107638,TRACK
40.744,442.98885573047824,-911.7955937713934,1.5620951470796502,1.562974651307069,0.005558787194058473,0.7106755889613219,0.7106973285869242,443.0,-911.7955937713934,0.011144269521764727,443.0,-907.0,1.568472474944166,0.006377327864515836,0.28930267141307575,85.54072777858492,59.70016892107638,TRACK
40.792,442.9890906097786,-911.7615824777916,1.567734645007334,1.5632945840806123,0.005325873241298268,0.7099381486712946,0.7099581254303718,443.0,-911.7615824777916,0.010909390221399917,443.0,-907.0,1.568505203794594,0.0007705587872599562,0.29004187456962816,94.08862669252058,51.51094733430453,TRACK
40.844,442.9893796327322,-911.7247788244208,1.567973377648747,1.5631719086817968,0.005407164409982864,0.7091766943246837,0.7091973076656752,443.0,-911.7247788244208,0.010620367267790698,443.0,-907.0,1.5685485285855751,0.0005751509368281393,0.29080269233432476,94.08862669252058,51.51094733430453,TRACK
40.892,442.9897196394039,-911.6908458538658,1.5629336759235037,1.562335301395582,0.005993872181013912,0.7083927616082208,0.7084181189118781,443.0,-911.6908458538658,0.010280360596084392,443.0,-907.0,1.5686047510199785,0.005671075096474798,0.2915818810881219,63.68021433289434,82.25291106588341,TRACK
40.944,442.9901085534906,-911.6541283679513,1.574320792145335,1.5615911324408818,0.006513707885632983,0.7075922194694407,0.7076221996546664,443.0,-911.6541283679513,0.009891446509413981,443.0,-907.0,1.5686710240884667,-0.005649768056868343,0.29237780034533356,63.68021433289434,82.25291106588341,TRACK
40.992,442.99042838798914,-911.6202755966805,1.5691561614904643,1.5615064972109483,0.006566036677624038,0.7067780665051355,0.7068085654053646,443.0,-911.6202755966805,0.009571612010859099,443.0,-907.0,1.5687246758473248,-0.00043148564313955085,0.29319143459463537,54.32855951477819,91.92257090361264,TRACK
41.044,442.99069774499213,-911.5836456886896,1.5749574420421106,1.5621827908362713,0.006080903668285803,0.7059532008594922,0.7059793900626176,443.0,-911.5836456886896,0.009302255007867188,443.0,-907.0,1.5687668849774463,-0.006190557064664315,0.29402060993738244,54.32855951477819,91.92257090361264,TRACK
41.092,442.99086306379303,-911.5498744324375,1.5639217291293825,1.563481320508876,0.005158036974251481,0.7051183240633118,0.7051371896838808,443.0,-911.5498744324375,0.009136936206971313,443.0,-907.0,1.5687881562266048,0.004866427097222292,0.29486281031611916,65.18099619733623,81.39136625099461,TRACK
41.144,442.99099703793354,-911.513333233902,1.5638869467385241,1.5647554940247985,0.004254473055929743,0.7042772853991526,0.704290135718358,443.0,-911.513333233902,0.009002962066460896,443.0,-907.0,1.5688015815237348,0.004914634785210703,0.29570986428164203,65.18099619733623,81.39136625099461,TRACK
41.192,442.99106797314323,-911.4796436295053,1.569353454813124,1.5661297604586024,0.003282643390357931,0.7034336009022423,0.7034412602527117,443.0,-911.4796436295053,0.008932026856768971,443.0,-907.0,1.568802414832579,-0.000551039980545065,0.2965587397472883,104.24569913418101,42.634180370946595,TRACK
41.244,442.9911462208942,-911.4431902167794,1.5693198535351307,1.5670098112813657,0.0026603857584832913,0.7025913493185112,0.7025963861205025,443.0,-911.4431902167794,0.008853779105777448,443.0,-907.0,1.5688036668016805,-0.000516186733450219,0.29740361387949754,104.24569913418101,42.634180370946595,TRACK
41.292,442.99132784717625,-911.4095809274514,1.5639843857575082,1.566444947261434,0.003053609049471707,0.7017521117400688,0.7017587554565123,443.0,-911.4095809274514,0.008672152823749002,443.0,-907.0,1.5688296678797164,0.00484528212220825,0.29824124454348766,63.500665065868176,83.64615612492902,TRACK
41.344,442.99156573296324,-911.3732131822027,1.5753820100451676,1.5656802509829675,0.0035860002176469562,0.7009217733438114,0.7009309464883073,443.0,-911.3732131822027,0.008434267036761867,443.0,-907.0,1.5688677090422083,-0.006514301002959355,0.29906905351169266,63.500665065868176,83.64615612492902,TRACK
41.392,442.99173124713434,-911.3396810764953,1.5700041056335552,1.5657431579249779,0.00353777430575022,0.7001040901234238,0.7001130286279391,443.0,-911.3396810764953,0.008268752865660645,443.0,-907.0,1.5688909464885081,-0.0011131591450470602,0.2998869713720609,54.12637236586812,93.25072718477017,TRACK
41.444,442.99181936543187,-911.3033948541597,1.5700929220460396,1.5666598573474448,0.0028926572243954847,0.6993018473771836,0.6993078300798294,443.0,-911.3033948541597,0.008180634568134337,443.0,-907.0,1.568895356748855,-0.0011975652971845108,0.30069216992017056,54.12637236586812,93.25072718477017,TRACK
41.492,442.99181056665316,-911.2699361322317,1.5644265529799446,1.5681964361448697,0.0018160694344424048,0.6985160481869274,0.6985184089792283,443.0,-911.2699361322317,0.008189433346842634,443.0,-907.0,1.5688784003782528,0.004451847398308173,0.30148159102077166,84.42112855743325,63.16590258374531,TRACK
41.544,442.9918029551243,-911.2337271724608,1.5643106242083649,1.5691779629452947,0.0011292136880562838,0.6977495836254681,0.6977504973649732,443.0,-911.2337271724608,0.00819704487571471,443.0,-907.0,1.5688601995246791,0.0045495753163142805,0.3022495026350268,84.42112855743325,63.16590258374531,TRACK
41.592,442.99182866252323,-911.2003373055536,1.569901328123252,1.569474330349124,0.0009214386812277518,0.6970050088883147,0.6970056179577342,443.0,-911.2003373055536,0.008171337476767349,443.0,-907.0,1.568850928943724,-0.0010503991795278722,0.3029943820422658,93.3692417581937,54.39444334050951,TRACK
41.644,442.9918965690991,-911.1641999296371,1.569969511587607,1.569279710863092,0.001055998634099009,0.6962855936769003,0.69628639444923,443.0,-911.1641999296371,0.00810343090091692,443.0,-907.0,1.568850353784686,-0.0011191578029208227,0.30371360555077,93.3692417581937,54.39444334050951,TRACK
41.692,442.9920278650065,-911.1308732548292,1.5645887507751886,1.5684332166207513,0.0016437651036843217,0.6955926396974439,0.6955945818973679,443.0,-911.1308732548292,0.007972134993508462,443.0,-907.0,1.568866438220644,0.004277687445455536,0.3044054181026321,62.548501998029565,85.35038419996457,TRACK
41.744,442.9921686454657,-911.0948009367237,1.5760824706026557,1.567895310263563,0.002016008100600019,0.6949296645906229,0.6949325888290873,443.0,-911.0948009367237,0.007831354534289403,443.0,-907.0,1.5688838174673185,-0.007198653135337185,0.30506741117091274,62.548501998029565,85.35038419996457,TRACK
41.792,442.9922393228184,-911.0615307937669,1.5705972717906787,1.5681666865991557,0.001825760962233351,0.6942990743771231,0.6943014749257135,443.0,-911.0615307937669,0.007760677181579467,443.0,-907.0,1.568885552722078,-0.0017117190686006811,0.3056985250742865,53.310479166007255,94.68972095016109,TRACK
41.844,442.9922193301961,-911.0255158153733,1.5762951239967944,1.569279570729271,0.001052178898439081,0.6937029067636571,0.6937037047131732,443.0,-911.0255158153733,0.007780669803878482,443.0,-907.0,1.5688634912350374,-0.007431632761756957,0.3062962952868268,53.310479166007255,94.68972095016109,TRACK
41.892,442.99210678271123,-910.9922949519386,1.5648528460313846,1.5709936058355447,-0.00013674245999752675,0.6931423519413128,0.6931423654295235,443.0,-910.9922949519386,0.007893217288767573,443.0,-907.0,1.5688192166116515,0.003966370580266831,0.30685763457047655,64.78756618589047,83.28019785398841,TRACK
41.944,442.99194135950194,-910.9563291741231,1.5646320272347969,1.5725322094546843,-0.00120230804618317,0.69261987944295,0.6926209229760566,443.0,-910.9563291741231,0.008058640498063596,443.0,-907.0,1.5687594312287185,0.004127403993921641,0.3073790770239434,64.78756618589047,83.28019785398841,TRACK
41.992,442.9917470570938,-910.9231495089689,1.5699750972670343,1.5739724004888684,-0.002198288622757517,0.6921379800539031,0.692141471020171,443.0,-910.9231495089689,0.008252942906210592,443.0,-907.0,1.5686926774913683,-0.0012824197756660105,0.307858528979829,104.63304854817154,43.45879574786021,TRACK
42.044,442.9915605497201,-910.8872237031692,1.5698138478990058,1.5746769397809737,-0.0026842256970858796,0.6916979953022957,0.6917032035293805,443.0,-910.8872237031692,0.008439450279922767,443.0,-907.0,1.5686252562148522,-0.0011885916841536392,0.30829679647061947,104.63304854817154,43.45879574786021,TRACK
42.092,442.9915192356416,-910.8540768076999,1.564142363445728,1.5737559532686003,-0.0020459951920747997,0.6912998097431574,0.6913028374361352,443.0,-910.8540768076999,0.008480764358409942,443.0,-907.0,1.568595864506908,0.004453501061179921,0.3086971625638648,63.21866861164139,84.8530187219589,TRACK
42.144,442.9915318658914,-910.818181784826,1.575655217062688,1.5725980366910504,-0.0012448855782207877,0.6909459918303751,0.6909471132920114,443.0,-910.818181784826,0.008468134108625236,443.0,-907.0,1.5685784857644176,-0.007076731298270467,0.3090528867079886,63.21866861164139,84.8530187219589,TRACK
42.192,442.99149877792746,-910.7850584304792,1.5699810219176185,1.5723172960447556,-0.0010504420293805947,0.6906393534684759,0.6906401523136426,443.0,-910.7850584304792,0.008501222072538894,443.0,-907.0,1.568550335634142,-0.0014306862834765344,0.3093598476863574,53.849756093381984,94.18010055553307,TRACK
42.244,442.99137483410993,-910.7491835725533,1.5699161278787885,1.5729936963307745,-0.001517024552455976,0.6903809696405967,0.6903826363730358,443.0,-910.7491835725533,0.008625165890066455,443.0,-907.0,1.5684957857552408,-0.001420342123547691,0.30961736362696424,53.849756093381984,94.18010055553307,TRACK
42.292,442.9911688427093,-910.7160740492083,1.563963617351481,1.5744013391064204,-0.002488086588510915,0.6901712379907148,0.6901757227869637,443.0,-910.7160740492083,0.008831157290671854,443.0,-907.0,1.568419856210958,0.00445623885947688,0.3098242772130363,84.92308862313345,63.00573872387886,TRACK
42.344,442.99094721140835,-910.6802092092852,1.5637056419987962,1.5753020407599687,-0.0031090054237030438,0.6900092657146889,0.690016269871116,443.0,-910.6802092092852,0.009052788591645822,443.0,-907.0,1.5683364747001545,0.004630832701358223,0.309983730128884,84.92308862313345,63.00573872387886,TRACK
42.392,442.9907792594599,-910.6471043725867,1.5692767781862966,1.575500632607163,-0.003245503149664692,0.6898954569744252,0.6899030909081691,443.0,-910.6471043725867,0.009220740540115457,443.0,-907.0,1.5682680961900246,-0.0010086819962720206,0.31009690909183085,94.06437820538997,53.72632196387766,TRACK
42.444,442.99064782117745,-910.6112396721314,1.5692259071122185,1.575136878858061,-0.0029942577944579215,0.6898290693283267,0.689835567704453,443.0,-910.6112396721314,0.009352178822553014,443.0,-907.0,1.5682065906477245,-0.0010193164644940467,0.310164432295547,94.06437820538997,53.72632196387766,TRACK
42.492,442.9906123761152,-910.5781305882417,1.5635855841387603,1.5739924472921525,-0.0022047211451140945,0.6898092984258907,0.6898128217061112,443.0,-910.5781305882417,0.009387623884776986,443.0,-907.0,1.5681727215032608,0.00458713736450056,0.31018717829388875,62.54931460157683,85.08672685563454,TRACK
42.544,442.9905963557571,-910.5422563750257,1.5752457768870718,1.5730300360685823,-0.0015408980779981647,0.689837094469552,0.6898388154294308,443.0,-910.5422563750257,0.009403644242922837,443.0,-907.0,1.5681416284453575,-0.007104148441714253,0.3101611845705692,62.54931460157683,85.08672685563454,TRACK
42.592,442.9905440526969,-910.5091336338113,1.569535941378821,1.57280086385226,-0.0013829602310209339,0.689914099426547,0.6899154855245271,443.0,-910.5091336338113,0.009455947303081302,443.0,-907.0,1.5681016661171734,-0.0014342752616476329,0.3100845144754729,53.114509876117864,94.34004871619351,TRACK
42.644,442.99041208841777,-910.4732394898481,1.5752508144946977,1.5733862388437225,-0.0017871452598178746,0.6900393643796929,0.6900416786555073,443.0,-910.4732394898481,0.009587911582229935,443.0,-907.0,1.5680358240263008,-0.007214990468396909,0.30995832134449275,53.114509876117864,94.34004871619351,TRACK
42.692,442.9902117461431,-910.4400938785358,1.5634932794408853,1.574595825512757,-0.002622473505200956,0.690212335999028,0.6902173180473817,443.0,-910.4400938785358,0.009788253856925166,443.0,-907.0,1.5679509894908972,0.004457710050011832,0.30978268195261827,64.87104799570534,82.35567611986608,TRACK
42.744,442.9899634543211,-910.404170383166,1.5631979744637157,1.5756857030393185,-0.003375802733793656,0.6904307756956269,0.6904390284969142,443.0,-910.404170383166,0.010036545678872244,443.0,-907.0,1.5678480264842893,0.0046500520205736695,0.3095609715030858,64.87104799570534,82.35567611986608,TRACK
42.792,442.98969979864836,-910.3709934494766,1.5685826603907334,1.5767565718241228,-0.004116761057565955,0.6906951456877333,0.6907074141763676,443.0,-910.3709934494766,0.010300201351640226,443.0,-907.0,1.5677407974825799,-0.0008418629081534679,0.3092925858236324,105.37497889416355,41.59881278149106,TRACK
42.844,442.98944240747807,-910.3350316662313,1.568374583726888,1.5771758647441596,-0.004408335256703654,0.6910023088479791,0.6910163704667013,443.0,-910.3350316662313,0.010557592521934112,443.0,-907.0,1.5676306725189146,-0.0007439112079734578,0.3089836295332987,105.37497889416355,41.59881278149106,TRACK
42.892,442.98934493672107,-910.3018160078425,1.5741657140355791,1.5759689823434577,-0.003576142186634897,0.6913490098363693,0.6913582589328541,443.0,-910.3018160078425,0.010655063278932175,443.0,-907.0,1.567569306795134,-0.00659640724044519,0.3086417410671459,62.9562262222192,83.75099595827807,TRACK
42.944,442.98931087427894,-910.2658083765107,1.574255887126861,1.5744881218962674,-0.00255375885869626,0.6917359134346921,0.6917406274172685,443.0,-910.2658083765107,0.010689125721057735,443.0,-907.0,1.5675232971744109,-0.006732589952450185,0.3082593725827315,62.9562262222192,83.75099595827807,TRACK
42.992,442.9892472927411,-910.2325461542758,1.5684246114326927,1.5738643103063563,-0.0021235586383721024,0.6921653808615758,0.692168638385575,443.0,-910.2325461542758,0.010752707258916416,443.0,-907.0,1.5674699496646376,-0.0009546617680551428,0.30783136161442504,53.295635830683246,93.15478910976458,TRACK
43.044,442.98910649329844,-910.1964836489187,1.5683334153851733,1.5741573898126937,-0.002328001671221249,0.692635899002102,0.6926398112859462,443.0,-910.1964836489187,0.010893506701563638,443.0,-907.0,1.567388374267966,-0.0009450411172073903,0.3073601887140538,53.295635830683246,93.15478910976458,TRACK
43.092,442.9889015436087,-910.1631671342132,1.5622318738726886,1.5751353923447504,-0.0030076259074590704,0.6931462540795094,0.693152779232728,443.0,-910.1631671342132,0.011098456391323452,443.0,-907.0,1.5672876880231548,0.005055814150466187,0.306847220767272,84.91422521557928,61.2247304651446,TRACK
43.144,442.98869831032937,-910.1270425998658,1.5619554121956751,1.5755864247994484,-0.003322873142881837,0.69369096941251,0.6936989278717328,443.0,-910.1270425998658,0.011301689670631276,443.0,-907.0,1.5671821641791168,0.005226751983441691,0.3063010721282672,84.91422521557928,61.2247304651446,TRACK
43.192,442.9885636195678,-910.0936662113434,1.5676382328996037,1.5753219039193884,-0.003141987679319616,0.6942686297611314,0.6942757394270491,443.0,-910.0936662113434,0.011436380432201076,443.0,-907.0,1.5670996356989062,-0.0005385972006974882,0.3057242605729509,94.11163286318714,51.70581721195453,TRACK
43.244,442.98848176419096,-910.0574739877162,1.5675832088340842,1.574528257638597,-0.0025932416433252507,0.694876114527504,0.694880953432357,443.0,-910.0574739877162,0.011518235809035104,443.0,-907.0,1.567029105432919,-0.0005541034011651291,0.305119046567643,94.11163286318714,51.70581721195453,TRACK
43.292,442.9885017394118,-910.0240328518961,1.5735758249229268,1.573010456695106,-0.001539954416325575,0.6955110897978901,0.6955127946281456,443.0,-910.0240328518961,0.011498260588211906,443.0,-907.0,1.566994051575005,-0.006581773347921871,0.30448720537185436,61.83491005101624,83.67841029766285,TRACK
43.344,442.98855356867955,-909.9877678707793,1.5737387292640377,1.5717330464591215,-0.0006521195299115743,0.6961734274240232,0.6961737328506391,443.0,-909.9877678707793,0.011446431320450756,443.0,-905.0,1.5685014302554845,-0.005237299008553187,0.3038262671493609,61.83491005101624,83.67841029766285,TRACK
43.392,442.9885666940781,-909.9542568615598,1.5679162611572863,1.5712672532827985,-0.0003281716634311381,0.6968638367179658,0.6968639139903317,443.0,-909.9542568615598,0.011433305921912051,443.0,-905.0,1.5684885567409377,0.0005722955836513499,0.30313608600966835,57.37650213669873,87.82748127096899,TRACK
43.444,442.98852784071516,-909.9179137600194,1.567896091969833,1.571477002176381,-0.00047482460090709973,0.6975785234655952,0.6975786850663096,443.0,-909.9179137600194,0.01147215928483547,443.0,-905.0,1.5684636021812386,0.000567510211405553,0.3024213149336904,57.37650213669873,87.82748127096899,TRACK
43.492,442.9884361132099,-909.8843289749318,1.5618408450306744,1.5721960985415937,-0.0009774823831418956,0.698315098182718,0.6983157823089411,443.0,-909.8843289749318,0.011563886790099787,443.0,-905.0,1.568428782503097,0.006587937472422478,0.3016842176910589,86.41770213241473,58.458162329559755,TRACK
43.544,442.9883596562208,-909.847904787302,1.5616843237777696,1.5724413420074759,-0.0011499778988903297,0.6990676151731314,0.6990685610389137,443.0,-909.847904787302,0.011640343779220075,443.0,-905.0,1.5683952232419385,0.006710899464168918,0.3009314389610863,86.41770213241473,58.458162329559755,TRACK
43.592,442.98835128694014,-909.814244384318,1.5675668388002786,1.5719516162358558,-0.0008085116389135427,0.6998343882873008,0.6998348553198325,443.0,-909.814244384318,0.011648713059855709,443.0,-905.0,1.568376696755985,0.0008098579557063168,0.30016514468016753,95.49105558955115,49.07033638065998,TRACK
43.644,442.98841669008783,-909.7777374264585,1.567646831895817,1.5709181046677194,-8.531907124672991e-05,0.700612261056467,0.7006122662514546,443.0,-909.7777374264585,0.011583309912168716,443.0,-905.0,1.5683718973666496,0.0007250654708326199,0.29938773374854544,95.49105558955115,49.07033638065998,TRACK
43.692,442.9885814275239,-909.7440001214211,1.573853438278856,1.5691628032123264,0.0011457530751064753,0.7013991522514199,0.701400088058962,443.0,-909.7440001214211,0.011418572476088684,443.0,-905.0,1.5683893811513283,-0.005464057127527733,0.29859991194103797,62.58308088787879,81.68608785151903,TRACK
43.744,442.988800519012,-909.7074092012765,1.57416168531821,1.567635683423549,0.0022193937454918966,0.7021944883981666,0.7021979957571514,443.0,-909.7074092012765,0.0111994809880116,443.0,-905.0,1.5684172134909997,-0.0057444718272103845,0.29780200424284864,62.58308088787879,81.68608785151903,TRACK
43.792,442.9889684203382,-909.6735936100329,1.5684370285124385,1.5670027569874783,0.002666886438271285,0.7029984369436941,0.7030034954596966,443.0,-909.6735936100329,0.011031579661789692,443.0,-905.0,1.5684359249082993,-1.1036041391854212e-06,0.29699650454030335,52.4660559438931,91.5159904230434,TRACK
43.844,442.98907318781704,-909.6369175908088,1.5685499649123438,1.5673314098193685,0.002438641907777544,0.7038068057137146,0.7038110305638131,443.0,-909.6369175908088,0.010926812182958656,443.0,-905.0,1.5684398492980502,-0.00011011561429352668,0.2961889694361869,52.4660559438931,91.5159904230434,TRACK
43.892,442.9890902918076,-909.6030238423009,1.5625377935246312,1.5683697147722664,0.0017098338378748659,0.7046163399174985,0.7046184144701904,443.0,-909.6030238423009,0.010909708192400558,443.0,-905.0,1.5684262135523936,0.005888420027762464,0.29538158552980964,84.55200891427464,59.15316426636508,TRACK
43.944,442.98912317649155,-909.5662642134083,1.5684328544268928,1.5689070588968284,0.0013327312134898547,0.7054212000310655,0.7054224589745891,443.0,-909.5662642134083,0.010876823508453981,443.0,-905.0,1.568414335208595,-1.8519218297763373e-05,0.2945775410254109,84.55200891427464,59.15316426636508,TRACK
43.992,442.98920611233694,-909.5322944891243,1.568462498393537,1.5687133861330151,0.001471015828131892,0.7062196862578307,0.706221218277726,443.0,-909.5322944891243,0.010793887663055557,443.0,-905.0,1.56841478091738,-4.7717476156838856e-05,0.293778781722274,73.38095310990784,70.07604069849643,TRACK
44.044,442.9893357914964,-909.4954537557221,1.5685236098151103,1.5682093781087012,0.0018290007845348838,0.7070092708900027,0.7070116366569104,443.0,-909.4954537557221,0.010664208503612826,443.0,-905.0,1.5684241105339523,-9.949928115804418e-05,0.29298836334308964,73.38095310990784,70.07604069849643,TRACK
44.092,442.9894631404507,-909.4614104818761,1.5626091493392935,1.5678047111886986,0.0021174366352145193,0.7077882312056447,0.7077913984862484,443.0,-909.4614104818761,0.010536859549290511,443.0,-905.0,1.5684345535394097,0.005825404200116235,0.2922086015137516,72.80812603911643,70.42444807049152,TRACK
44.144,442.98959985293817,-909.4244917859386,1.5687152241352045,1.5675552084615212,0.0022965140169505004,0.7085535729400261,0.7085572945801256,443.0,-909.4244917859386,0.010400147061830012,443.0,-905.0,1.5684457454376288,-0.00026947869757565357,0.2914427054198744,72.80812603911643,70.42444807049152,TRACK
44.192,442.9897324855892,-909.390378317654,1.568787816912586,1.5673283669236069,0.0024598471912443184,0.7093038619858146,0.7093081273157639,443.0,-909.390378317654,0.010267514410827516,443.0,-905.0,1.5684576910442798,-0.00033012586830616364,0.29069187268423613,72.29359651600652,70.7422287257452,TRACK
44.244,442.9898858757329,-909.3533857537469,1.568878115096028,1.5670904265587213,0.0026313343340766955,0.7100359212040878,0.710040796940933,443.0,-909.3533857537469,0.010114124267090574,443.0,-905.0,1.568473053223046,-0.00040506187298205987,0.28995920305906697,72.29359651600652,70.7422287257452,TRACK
44.292,442.9900316496019,-909.3192064724198,1.5750341505463485,1.5668943945594462,0.002773301778665366,0.7107472751266288,0.710752685751298,443.0,-909.3192064724198,0.009968350398082748,443.0,-905.0,1.5684884184411008,-0.006545732105247781,0.289247314248702,72.08921585740563,70.77782905676432,TRACK
44.344,442.9902043813976,-909.282145429792,1.563019109556301,1.5666283471275482,0.0029652640115222753,0.7114350542116229,0.7114412338006231,443.0,-909.282145429792,0.009795618602424838,443.0,-905.0,1.5685087815266088,0.005489671970307697,0.2885587661993769,72.08921585740563,70.77782905676432,TRACK
44.392,442.99037060902594,-909.2479056194121,1.5691650382550075,1.5663875552242732,0.00313949806435108,0.7120980692573483,0.7121049899334643,443.0,-909.2479056194121,0.00962939097405524,443.0,-905.0,1.5685294745286595,-0.0006355637263479874,0.28789501006653573,92.37807913971878,50.35363229038259,TRACK
44.444,442.99058128614803,-909.2107821451795,1.56930689858486,1.5659436480079794,0.003458692832776732,0.7127332831217059,0.7127416751008442,443.0,-909.2107821451795,0.00941871385197146,443.0,-905.0,1.5685595218928563,-0.0007473766920036429,0.2872583248991558,92.37807913971878,50.35363229038259,TRACK
44.492,442.99087338677583,-909.1764880449604,1.5635958213363301,1.5646589877995807,0.004378050752367885,0.7133377814599313,0.7133512162929051,443.0,-909.1764880449604,0.009126613224168523,443.0,-905.0,1.568611093987176,0.005015272650845892,0.2866487837070949,59.20675313943735,83.42178007381136,TRACK
44.544,442.99121448657155,-909.1393093730316,1.5760107652867226,1.563594433493474,0.005141596998685898,0.7139106190082813,0.7139291337047987,443.0,-909.1393093730316,0.008785513428449576,443.0,-905.0,1.568673871224577,-0.00733689406214566,0.2860708662952013,59.20675313943735,83.42178007381136,TRACK
44.592,442.9914834370147,-909.1049676405898,1.570200398721548,1.5633737851087635,0.0053031350306041326,0.7144503680761263,0.7144700495369034,443.0,-909.1049676405898,0.008516562985278142,443.0,-905.0,1.568721633030778,-0.0014787656907699898,0.2855299504630966,49.29060218566357,93.26504173913139,TRACK
44.644,442.9916817638912,-909.0677414364345,1.5702718398973776,1.5641079794090613,0.004781930207875028,0.7149537287565215,0.7149697204213383,443.0,-909.0677414364345,0.00831823610877791,443.0,-905.0,1.5687514021987967,-0.001520437698580901,0.28503027957866167,49.29060218566357,93.26504173913139,TRACK
44.692,442.99176773153437,-909.0333600451219,1.564108899873421,1.56557550435409,0.003735102033048216,0.7154175686797996,0.7154273188542026,443.0,-909.0333600451219,0.008232268465633297,443.0,-905.0,1.568755284849208,0.004646384975786955,0.28457268114579737,82.36470756621708,60.174153110197985,TRACK
44.744,442.99186127748567,-908.9960955794054,1.5639777978864757,1.56652521285688,0.0030574525321653344,0.7158399388873803,0.7158464682613688,443.0,-908.9960955794054,0.008138722514331675,443.0,-905.0,1.5687596609796164,0.004781863093140659,0.2841535317386312,82.36470756621708,60.174153110197985,TRACK
44.792,442.9919812134452,-908.9616831157053,1.5700440371945612,1.5668005416249033,0.0028618771839534554,0.7162201747563595,0.7162258924871721,443.0,-908.9616831157053,0.008018786554828239,443.0,-905.0,1.568772243754968,-0.0012717934395931607,0.28377410751282794,92.12038015710681,50.443784128066824,TRACK
44.844,442.99215622640565,-908.9243895512036,1.5701088583297569,1.5665563685849129,0.003038192018974195,0.7165574900456402,0.7165639309588865,443.0,-908.9243895512036,0.007843773594345294,443.0,-905.0,1.5687976049435108,-0.0013112533862460474,0.2834360690411135,92.12038015710681,50.443784128066824,TRACK
44.892,442.9923995651575,-908.8899546331776,1.576461476646642,1.565566314854096,0.0037491698777563738,0.7168503124694032,0.7168601165933653,443.0,-908.8899546331776,0.007600434842515824,443.0,-905.0,1.568842467203331,-0.0076190094433110644,0.28313988340663465,58.69027790862759,83.9193978373487,TRACK
44.944,442.99267696556035,-908.8526415931728,1.5767223446832472,1.5647943217066458,0.0043040785167495245,0.7170981646754324,0.717111081264787,443.0,-908.8526415931728,0.007323034439650655,443.0,-905.0,1.5688955463970176,-0.007826798286229675,0.28288891873521305,58.69027790862759,83.9193978373487,TRACK
44.992,442.99288621260405,-908.8181932151824,1.5707636597417092,1.5647690592647832,0.004323410729526979,0.7172998965525695,0.717312925768568,443.0,-908.8181932151824,0.007113787395951476,443.0,-905.0,1.5689331997178184,-0.0018304600238907565,0.282687074231432,48.812329532933276,93.88010405354352,TRACK
45.044,442.9930271575857,-908.7808707282036,1.570776633432337,1.5655571744119376,0.003758885119831975,0.7174539797321158,0.7174638264406055,443.0,-908.7808707282036,0.006972842414313618,443.0,-905.0,1.5689520864042106,-0.0018245470281263998,0.28253617355939453,48.812329532933276,93.88010405354352,TRACK
45.092,442.9930704672879,-908.7464186187898,1.5644776895972934,1.5669512575966953,0.00275907523991886,0.7175583846347637,0.7175636890589093,443.0,-908.7464186187898,0.006929532712092623,443.0,-905.0,1.5689466870416204,0.00446899744432705,0.2824363109410907,82.44573150219114,60.38329501528506,TRACK
45.144,442.9931294730496,-908.7090974607028,1.5642779257435626,1.567743781611312,0.0021905530710372018,0.7176130525214187,0.717616395905128,443.0,-908.7090974607028,0.006870526950422118,443.0,-905.0,1.5689439842330677,0.004666058489505076,0.28238360409487195,82.44573150219114,60.38329501528506,TRACK
45.192,442.99322232689974,-908.67465133525,1.570323318979463,1.567868707390059,0.0021009188202761216,0.7176181488985185,0.7176212242460681,443.0,-908.67465133525,0.0067776731002595625,443.0,-905.0,1.56895188910649,-0.0013714298729730068,0.2823787757539319,92.54161990445786,50.46070273989932,TRACK
45.244,442.99336481902367,-908.6373417003662,1.5641738228094735,1.5675567032790008,0.0023246788365389754,0.7175743392715206,0.7175781048169269,443.0,-908.6373417003662,0.006635180976331867,443.0,-905.0,1.568972144696242,0.004798321886768431,0.28242189518307315,92.54161990445786,50.46070273989932,TRACK
45.292,442.9935688662137,-908.6029109532188,1.564344262003211,1.566616608455869,0.002998885337782222,0.7174808518090996,0.7174871190662452,443.0,-908.6029109532188,0.0064311337862932305,443.0,-905.0,1.5690113459725572,0.00466708396934612,0.2825128809337548,80.01652410743226,63.179511939952945,TRACK
45.344,442.9938457944061,-908.565623038481,1.5769503850163162,1.5654805976545276,0.003813215226232885,0.7173389028727626,0.7173490379062764,443.0,-908.565623038481,0.00615420559387303,443.0,-905.0,1.569070345271807,-0.007880039744509126,0.28265096209372365,80.01652410743226,63.179511939952945,TRACK
45.392,442.99412081635455,-908.5312168455721,1.571130521780653,1.5645439284278864,0.0044839582709875776,0.7171487768282494,0.717162794620601,443.0,-908.5312168455721,0.005879183645447483,443.0,-905.0,1.5691314111382548,-0.0019991106423982163,0.28283720537939905,36.67704299817958,106.7421919722457,TRACK
45.444,442.9942992747915,-908.4939604584658,1.5713034509573733,1.5650554592606034,0.0041157354325284815,0.7169108489227652,0.7169226629011741,443.0,-908.4939604584658,0.005700725208498625,443.0,-905.0,1.5691647341602228,-0.0021387167971504972,0.2830773370988259,36.67704299817958,106.7421919722457,TRACK
45.492,442.9943244451201,-908.4595881325642,1.5650547553503769,1.566807138421028,0.002858761677379862,0.716623594832186,0.7166292969091712,443.0,-908.4595881325642,0.005675554879871925,443.0,-905.0,1.5691557992029415,0.004101043852564601,0.2833707030908288,81.90721254309686,61.77222947733527,TRACK
45.544,442.99436982242463,-908.4223733568791,1.5710954305506324,1.5677757422886327,0.0021636192552167838,0.7162894037523686,0.7162926714522531,443.0,-908.4223733568791,0.005630177575369544,443.0,-905.0,1.5691512191724568,-0.0019442113781755754,0.28370732854774694,81.90721254309686,61.77222947733527,TRACK
45.592,442.9944569828544,-908.3880435976221,1.5710410332536926,1.567944161228107,0.0020418973162038374,0.7159092736883381,0.7159121856049202,443.0,-908.3880435976221,0.005543017145612339,443.0,-905.0,1.5691602757700793,-0.0018807574836132712,0.2840878143950798,71.13884909550627,72.83856554397691,TRACK
45.644,442.9945662288199,-908.3508791987819,1.5710112455126342,1.5679136192818723,0.0020625426388288307,0.7154860200911992,0.7154889929468383,443.0,-908.3508791987819,0.005433771180094027,443.0,-905.0,1.5691747325520349,-0.0018365129605992792,0.2845110070531617,71.13884909550627,72.83856554397691,TRACK
45.692,442.99464213529217,-908.31659976374,1.577225229426677,1.5681472643324417,0.001894137408812318,0.715020126906218,0.7150226357518393,443.0,-908.31659976374,0.005357864707832505,443.0,-905.0,1.5691808590180676,-0.008044370408609502,0.28497736424816067,71.25625397609538,73.01660743737325,TRACK
45.744,442.99468087238205,-908.2794938966673,1.5771943497736107,1.5687083098648746,0.00149191972838636,0.714514110862868,0.7145156684402594,443.0,-908.2794938966673,0.005319127617951835,443.0,-905.0,1.5691743927034607,-0.008019957070150019,0.2854843315597406,71.25625397609538,73.01660743737325,TRACK
45.792,442.994685282845,-908.2452718960703,1.5708842772979477,1.569393036232836,0.0010019074492283585,0.7139695930804597,0.7139702960642088,443.0,-908.2452718960703,0.005314717154988102,443.0,-905.0,1.56915864817386,-0.0017256291240876909,0.2860297039357912,50.125209942164595,94.46541635599232,TRACK
45.844,442.99459005212225,-908.2082316262597,1.5770178366142151,1.5707819393951818,1.0263823397830326e-05,0.7133897438430916,0.7133897439169264,443.0,-908.2082316262597,0.00540994787775162,443.0,-905.0,1.5691100574165473,-0.00790777919766783,0.28661025608307356,50.125209942164595,94.46541635599232,TRACK
45.892,442.99441553905643,-908.1740731572218,1.5767477568082964,1.5725722271767641,-0.0012658196196928622,0.712775503566369,0.7127766275514373,443.0,-908.1740731572218,0.0055844609435666825,443.0,-905.0,1.5690369296717814,-0.007710827136514942,0.28722337244856266,63.11422860436131,81.80104375700424,TRACK
45.944,442.9942126395675,-908.1371047028348,1.5700699402501646,1.573869424189201,-0.0021884523899924017,0.7121302126150234,0.7121335752813385,443.0,-908.1371047028348,0.005787360432520927,443.0,-905.0,1.568951519427808,-0.0011184208223564696,0.28786642471866153,63.11422860436131,81.80104375700424,TRACK
45.992,442.99401678368923,-908.1030149361924,1.5697329888424818,1.574803032994388,-0.0028506098323736982,0.7114558533006606,0.7114615640863444,443.0,-908.1030149361924,0.005983216310767148,443.0,-905.0,1.5688681346918132,-0.0008648541506686147,0.2885384359136556,86.16096796220637,59.07714246014465,TRACK
46.044,442.99383975928544,-908.0661233522811,1.562966150992965,1.5750796424250977,-0.0030444068012155465,0.7107550425096545,0.7107615625972412,443.0,-908.0661233522811,0.006160240714564225,443.0,-905.0,1.5687871993991627,0.005821048406197571,0.2892384374027588,86.16096796220637,59.07714246014465,TRACK
46.092,442.9937465281414,-908.0321067773209,1.5753675871273187,1.5745407724849063,-0.0026586748460463386,0.7100283033828648,0.7100332810204649,443.0,-908.0321067773209,0.006253471858599369,443.0,-905.0,1.5687339116323198,-0.006633675494998936,0.2899667189795351,96.27794406294223,49.286791882522216,TRACK
46.144,442.9937058650333,-907.995296526857,1.5752407923183709,1.5736186651983148,-0.002001832646818491,0.7092796983980076,0.709282523324461,443.0,-907.995296526857,0.006294134966708498,443.0,-903.0,1.569536315181582,-0.005704477136788899,0.29071747667553904,96.27794406294223,49.286791882522216,TRACK
46.192,442.99374925936957,-907.9613564565983,1.5689646891706999,1.5721862457654112,-0.0009847741851033336,0.7085114829285486,0.7085121673068195,443.0,-907.9613564565983,0.006250740630434848,443.0,-903.0,1.5695364420480882,0.0005717528773883096,0.29148783269318046,43.20152865850301,102.69774608596961,TRACK
46.244,442.99373731884793,-907.9246299657965,1.569025497633621,1.5718143306507661,-0.0007204721159104652,0.7077299981465202,0.7077303648682478,443.0,-907.9246299657965,0.006262681152065852,443.0,-903.0,1.5695246215460783,0.0004991239124572111,0.2922696351317522,43.20152865850301,102.69774608596961,TRACK
46.292,442.9935878463912,-907.8907676238724,1.562527771847316,1.5730004931935166,-0.0015582102055363158,0.7069374086583308,0.7069391259363146,443.0,-907.8907676238724,0.006412153608778226,443.0,-903.0,1.5694852544995157,0.0069574826521996425,0.2930608740636854,87.71456376706178,58.49722285207346,TRACK
46.344,442.9934286410172,-907.854126129523,1.568593262266749,1.573748178672455,-0.0020844112664138007,0.7061347583642392,0.7061378348031283,443.0,-907.854126129523,0.0065713589827964825,443.0,-903.0,1.5694425599596225,0.0008492976928733409,0.2938621651968717,87.71456376706178,58.49722285207346,TRACK
46.392,442.9933372773593,-907.8203428737719,1.568506467121796,1.5736617554630563,-0.002021060662240642,0.7053238327887499,0.705326728393312,443.0,-907.8203428737719,0.006662722640726315,443.0,-903.0,1.569414118397661,0.0009076512758650068,0.294673271606688,76.54591091814103,69.95242611441273,TRACK
46.444,442.9932835505484,-907.783787094266,1.5684665350668263,1.5731743078011895,-0.0016753121957752257,0.7045090072176162,0.7045109991488455,443.0,-907.783787094266,0.0067164494515736806,443.0,-903.0,1.5693923251313564,0.0009257900645300854,0.2954890008511545,76.54591091814103,69.95242611441273,TRACK
46.492,442.99324526826774,-907.7500826247002,1.562080749683515,1.572740489360101,-0.0013680945572424302,0.7036926119421033,0.7036939418416341,443.0,-907.7500826247002,0.006754731732257824,443.0,-903.0,1.5693743037033179,0.007293554019802917,0.29630605815836586,76.24578533309872,70.53845116638124,TRACK
46.544,442.99320546652876,-907.7136114258745,1.568464003301167,1.572442635824394,-0.0011571577822547738,0.7028794206274276,0.7028803731472955,443.0,-907.7136114258745,0.006794533471236264,443.0,-903.0,1.5693548569427225,0.0008908536415555002,0.29711962685270454,76.24578533309872,70.53845116638124,TRACK
46.592,442.9931749365701,-907.6799838609935,1.5684875505438167,1.5721847390332933,-0.0009747668404961144,0.7020726173320996,0.7020732940213138,443.0,-907.6799838609935,0.006825063429914735,443.0,-903.0,1.569337975912896,0.0008504253690793107,0.2979267059786862,76.10322618063826,70.93747477693633,TRACK
46.644,442.9931488708605,-907.6435944298079,1.5685323879043298,1.5719499956617695,-0.0008090407222226887,0.7012760650152701,0.7012765316978684,443.0,-907.6435944298079,0.006851129139477052,443.0,-903.0,1.5693209343436614,0.0007885464393315722,0.2987234683021316,76.10322618063826,70.93747477693633,TRACK
46.692,442.9931256684716,-907.6100407592111,1.5622014810337492,1.5717885732456531,-0.000695060555503964,0.7004916236949343,0.7004919685306472,443.0,-907.6100407592111,0.006874331528422317,443.0,-903.0,1.5693051628785037,0.007103681844754517,0.2995080314693528,75.93855402812554,71.32437879478437,TRACK
46.744,442.99311106870016,-907.5737294247658,1.5622686937322492,1.5715824337577633,-0.0005500570533174049,0.6997227680140266,0.6997229842158775,443.0,-907.5737294247658,0.006888931299840806,443.0,-903.0,1.5692901322978898,0.007021438565640636,0.30027701578412247,75.93855402812554,71.32437879478437,TRACK
46.792,442.99310188155397,-907.540245669672,1.5687654820840233,1.5714036852165625,-0.000424526692295166,0.6989721801015222,0.698972309021457,443.0,-907.540245669672,0.006898118446031276,443.0,-903.0,1.5692770008288266,0.0005115187448032632,0.301027690978543,97.47896949316221,49.97527020331408,TRACK
46.844,442.9931248324135,-907.5040075453289,1.5689178824363619,1.5709702856018195,-0.00012146541074471346,0.6982423693751286,0.6982423799401176,443.0,-907.5040075453289,0.006875167586485986,443.0,-903.0,1.5692698723701572,0.00035198993379537136,0.3017576200598824,97.47896949316221,49.97527020331408,TRACK
46.892,442.99325085727986,-907.470589076984,1.562890597741144,1.569592115174368,0.0008399788001298223,0.6975338717758397,0.6975343775320169,443.0,-907.470589076984,0.006749142720138934,443.0,-903.0,1.5692866515649548,0.00639605382381081,0.30246562246798314,62.2871701409568,85.32478725449202,TRACK
46.944,442.99342141231904,-907.4344187234965,1.5760483407237593,1.568365464647942,0.0016939528299240595,0.6968513189738595,0.6968533778577799,443.0,-907.4344187234965,0.006578587680962755,443.0,-903.0,1.5693127991298312,-0.006735541593928085,0.3031466221422201,62.2871701409568,85.32478725449202,TRACK
46.992,442.9935329370764,-907.4010595553079,1.5699020721017247,1.5680467242139842,0.001914270695185905,0.6961972920412034,0.6961999237846835,443.0,-907.4010595553079,0.006467062923604772,443.0,-903.0,1.5693268946757204,-0.0005751774260043252,0.30380007621531646,51.64785307083716,96.08926665750897,TRACK
47.044,442.99355703880116,-907.3649499545479,1.5700443420651462,1.5687742587885891,0.0014064990993056898,0.6955736295577425,0.6955750515766418,443.0,-907.3649499545479,0.006442961198843022,443.0,-903.0,1.5693202602679757,-0.0007240817971705393,0.3044249484233582,51.64785307083716,96.08926665750897,TRACK
47.092,442.9934774748718,-907.3316437157292,1.5764601036990817,1.5703156362307849,0.00033407076285177405,0.6949808505987447,0.6949809308910779,443.0,-907.3316437157292,0.006522525128218604,443.0,-903.0,1.5692905427030888,-0.007169560995992974,0.30501906910892207,86.44495675815594,61.38140573947618,TRACK
47.144,442.99338868503855,-907.2955880021938,1.569932139594167,1.5713442339864967,-0.00038047788164264083,0.6944202401470972,0.6944203443803837,443.0,-907.2955880021938,0.006611314961446624,443.0,-903.0,1.5692572337213153,-0.0006749058728516832,0.3055796556196163,86.44495675815594,61.38140573947618,TRACK
47.192,442.99334366050783,-907.2623280561796,1.569948061247429,1.5716258694861247,-0.0005756144929056948,0.6938935957820485,0.6938938345304599,443.0,-907.2623280561796,0.0066563394921672625,443.0,-903.0,1.5692346604958063,-0.0007134007516227392,0.30610616546954006,74.52027337190754,73.36343754776377,TRACK
47.244,442.99331582222874,-907.2263184644034,1.5700110504977642,1.571606133296249,-0.0005615224527605724,0.6934030895979946,0.6934033169602735,443.0,-907.2263184644034,0.006684177771262512,443.0,-903.0,1.5692147677490154,-0.0007962827487488777,0.30659668303972654,74.52027337190754,73.36343754776377,TRACK
47.292,442.9932855350986,-907.1930972641408,1.5765620561503815,1.5716417459070815,-0.0005858332514929773,0.6929499268208195,0.6929501744581479,443.0,-907.1930972641408,0.006714464901392603,443.0,-903.0,1.5691950142711608,-0.007367041879220659,0.3070498255418521,74.01688777796802,73.88899854652807,TRACK
47.344,442.99324490600236,-907.1571253786855,1.576632021712003,1.5717410525169428,-0.0006542566843661139,0.6925359122288002,0.6925362212753824,443.0,-907.1571253786855,0.0067550939976399604,443.0,-903.0,1.5691713846926432,-0.007460637019359728,0.3074637787246176,74.01688777796802,73.88899854652807,TRACK
47.392,442.9932130590743,-907.1239348113545,1.5702081116029432,1.571746224332195,-0.0006574840284535114,0.6921628964036425,0.6921632086748957,443.0,-907.1239348113545,0.006786940925678664,443.0,-903.0,1.5691505842919875,-0.0010575273109556527,0.30783679132510433,51.54643154975902,96.34633772170743,TRACK
47.444,442.9931129796898,-907.0879914431301,1.5702077645852424,1.572387716460755,-0.0011009758605762762,0.6918323995571418,0.6918332755981301,443.0,-907.0879914431301,0.006887020310216485,443.0,-903.0,1.5691116330056705,-0.0010961315795718907,0.3081667244018699,51.54643154975902,96.34633772170743,TRACK
47.492,442.992950022733,-907.0548228880384,1.576511659815022,1.5735493754237184,-0.0019038621192678212,0.6915451072559248,0.6915477279700785,443.0,-907.0548228880384,0.00704997726700185,443.0,-903.0,1.5690576638846396,-0.007453995930382318,0.30845227202992154,86.62048488687275,61.219736582062936,TRACK
47.544,442.9928113011753,-907.0188988137456,1.5697911528690807,1.5739370804076656,-0.0021712131695712684,0.6913009736100615,0.6913043832356675,443.0,-907.0188988137456,0.007188698824677431,443.0,-903.0,1.5690076051845685,-0.0007835476845121647,0.30869561676433255,86.62048488687275,61.219736582062936,TRACK
47.592,442.99275313700844,-906.985743794931,1.5697087238134664,1.573452086256224,-0.0018354022771079363,0.6911009783702543,0.6911034155651682,443.0,-906.985743794931,0.00724686299156474,443.0,-903.0,1.5689781329071837,-0.000730590906282691,0.3088965844348318,74.80724691246255,72.9437063506991,TRACK
47.644,442.9927328105957,-906.9498296360138,1.5696611906439362,1.5727209679305556,-0.0013298238733567558,0.6909455517294734,0.6909468314467333,443.0,-906.9498296360138,0.007267189404274177,443.0,-903.0,1.5689564547310773,-0.0007047359128589115,0.3090531685532667,74.80724691246255,72.9437063506991,TRACK
47.692,442.9927131786569,-906.9166794248933,1.576158123546311,1.5722547568192433,-0.0010075350715221649,0.6908348980438376,0.6908356327536672,443.0,-906.9166794248933,0.007286821343086558,443.0,-903.0,1.568935869977961,-0.0072222535683499345,0.3091643672463328,74.38695628739136,73.25084114813738,TRACK
47.744,442.99267294583785,-906.8807658027957,1.576134990295057,1.5721364203446915,-0.000925695617087535,0.6907689863085618,0.6907696065680173,443.0,-906.8807658027957,0.007327054162146851,443.0,-903.0,1.5689082856637833,-0.007226704631273728,0.30923039343198266,74.38695628739136,73.25084114813738,TRACK
47.792,442.9926243200091,-906.8476117207841,1.5695636959094268,1.5721807164454522,-0.0009562654857697458,0.6907483557685528,0.6907490176906793,443.0,-906.8476117207841,0.007375679990900608,443.0,-903.0,1.5688793789603184,-0.0006843169491084211,0.3092509823093207,51.92988056086085,95.55797044489773,TRACK
47.844,442.99249012281433,-906.8116892306357,1.576008335627431,1.5730037403923915,-0.001524822915151342,0.6907724226332699,0.6907741055913716,443.0,-906.8116892306357,0.007509877185668756,443.0,-903.0,1.5688261065030358,-0.007182229124395256,0.30922589440862835,51.92988056086085,95.55797044489773,TRACK
47.892,442.9922898105966,-906.7785228307173,1.562681658458451,1.5743452427183893,-0.0024517448156819504,0.6908404074499511,0.6908447579726257,443.0,-906.7785228307173,0.007710189403383083,443.0,-903.0,1.5687557995709782,0.006074141112527132,0.3091552420273743,65.12071866095478,82.18764558220197,TRACK
47.944,442.99206959988237,-906.7425828228787,1.5688321092788713,1.5752478798505083,-0.003075821629930042,0.690950163755963,0.690957009858856,443.0,-906.7425828228787,0.007930400117629688,443.0,-903.0,1.5686773654722534,-0.00015474380661784082,0.309042990141144,65.12071866095478,82.18764558220197,TRACK
47.992,442.9918695518495,-906.7093964080062,1.5684563478648748,1.5757998420040973,-0.0034579676324365018,0.6911018815532655,0.6911105325681347,443.0,-906.7093964080062,0.008130448150495795,443.0,-903.0,1.5686044782470188,0.0001481303821440072,0.3088894674318653,88.85384414636042,58.25064687154969,TRACK
48.044,442.99170261788265,-906.6734306933462,1.5681781385726183,1.5756730513072084,-0.0033712729687441984,0.6912931486061226,0.6913013690071765,443.0,-906.6734306933462,0.008297382117348207,443.0,-903.0,1.568537575045094,0.000359436472475716,0.30869863099282346,88.85384414636042,58.25064687154969,TRACK
48.092,442.9916413483576,-906.6402171901303,1.5745342005342056,1.5746112022223822,-0.0026380843833670223,0.6915223408761926,0.6915273728639401,443.0,-906.6402171901303,0.008358651642424775,443.0,-903.0,1.5685001349702,-0.006034065564005653,0.30847262713605994,76.33193555345521,70.56033454332463,TRACK
48.144,442.99163611291027,-906.6042183215909,1.5744089022608942,1.5733259827890602,-0.00174999343681252,0.6917895982771805,0.6917918117190544,443.0,-906.6042183215909,0.008363887089728905,443.0,-903.0,1.5684757481478693,-0.005933154113024974,0.30820818828094565,76.33193555345521,70.56033454332463,TRACK
48.192,442.99164198034464,-906.5709703356039,1.567693910034345,1.5723780592451841,-0.0010947123583303184,0.6920964700355985,0.6920973358068094,443.0,-906.5709703356039,0.008358019655361204,443.0,-903.0,1.5684557852591958,0.0007618752248508276,0.30790266419319057,53.746610823699356,92.92591955205818,TRACK
48.244,442.9915744249606,-906.5349298161713,1.5675578133430828,1.5724805974425677,-0.0011662627330562862,0.6924431247811443,0.6924441069324209,443.0,-906.5349298161713,0.008425575039382238,443.0,-903.0,1.5684128115564344,0.0008549982133516654,0.30755589306757913,53.746610823699356,92.92591955205818,TRACK
48.292,442.99142620777747,-906.5016397108895,1.5738412838591118,1.5734503992898266,-0.0018388210703078212,0.6928283821202235,0.6928308223038687,443.0,-906.5016397108895,0.008573792222534848,443.0,-903.0,1.568347823865799,-0.005493459993312744,0.3071691776961313,89.4147714032099,56.997418973422576,TRACK
48.344,442.991288803189,-906.4655505382243,1.5603500236170116,1.5738544975149242,-0.002120072272047352,0.6932463413172798,0.6932495830912797,443.0,-906.4655505382243,0.008711196811020727,443.0,-903.0,1.568282677558536,0.007932653941524315,0.3067504169087203,89.4147714032099,56.997418973422576,TRACK
48.392,442.99124603134806,-906.432213174389,1.5668033871105664,1.5732324427803788,-0.0016899249835694383,0.6936950664890399,0.6936971249166912,443.0,-906.432213174389,0.008753968651944888,443.0,-903.0,1.5682458005818982,0.0014424134713317827,0.3063028750833088,99.70913526071465,46.42750469934261,TRACK
48.444,442.9913086107237,-906.3960701566027,1.566788137215237,1.5717719403109418,-0.0006772439032060205,0.6941721052405818,0.6941724356047608,443.0,-906.3960701566027,0.008691389276293648,443.0,-903.0,1.5682370833458241,0.0014489461305871032,0.30582756439523917,99.70913526071465,46.42750469934261,TRACK
48.492,442.99150885491775,-906.3626808238837,1.5603650520762324,1.5693281531312864,0.0010199053778466478,0.6946757528159286,0.6946765015151707,443.0,-906.3626808238837,0.008491145082246021,443.0,-903.0,1.568271220345615,0.007906168269382619,0.3053234984848293,63.24144974543967,82.63667372886204,TRACK
48.544,442.9917991616199,-906.3264786717234,1.5672751972855457,1.567032107787089,0.0026169259138550264,0.6952075711784312,0.6952124965253804,443.0,-906.3264786717234,0.008200838380105324,443.0,-903.0,1.5683310105926611,0.0010558133071154607,0.3047875034746196,63.24144974543967,82.63667372886204,TRACK
48.592,442.9920410054335,-906.2930316993048,1.5674089359132444,1.5658170632561128,0.0034644463183620905,0.6957690951514046,0.6957777203648426,443.0,-906.2930316993048,0.007958994566479305,443.0,-903.0,1.5683794113820515,0.0009704754688071304,0.30422227963515736,74.83859543182164,70.76301033105376,TRACK
48.644,442.9922956250359,-906.2567646498534,1.574239789160716,1.5651014833266914,0.003965675892329158,0.6963550523870422,0.6963663443692862,443.0,-906.2567646498534,0.007704374964077942,443.0,-903.0,1.5684306782386095,-0.005809110922106564,0.30363365563071376,74.83859543182164,70.76301033105376,TRACK
48.692,442.9925143384391,-906.2232562247366,1.5609962460029965,1.5648097472879443,0.0041724745614725835,0.696963050528182,0.6969755399908345,443.0,-906.2232562247366,0.007485661560906465,443.0,-903.0,1.5684739398727745,0.007477693869778035,0.3030244600091655,52.098686637129546,93.21213149272178,TRACK
48.744,442.9926557429757,-906.1869208544523,1.5610701928736397,1.565544200247037,0.0036638697692284103,0.6975909751414358,0.6976005967173946,443.0,-906.1869208544523,0.007344257024271883,443.0,-903.0,1.5684918315285763,0.007421638654936613,0.3023994032826054,52.098686637129546,93.21213149272178,TRACK
48.792,442.99268769905797,-906.1533478767668,1.5676830925325373,1.5670518734498131,0.0026145284496582213,0.6982370961319223,0.6982419911275413,443.0,-906.1533478767668,0.007312300942032834,443.0,-903.0,1.568477430142505,0.0007943376099677213,0.30175800887245874,110.86688014622193,34.173531593811745,TRACK
48.844,442.99275659514046,-906.1169418015389,1.5676291583918271,1.567701212069109,0.0021631671244620554,0.6988950034426858,0.698898351070569,443.0,-906.1169418015389,0.007243404859536895,443.0,-903.0,1.5684724490064688,0.0008432906146416119,0.30110164892943103,110.86688014622193,34.173531593811745,TRACK
48.892,442.99300814339637,-906.0833035371044,1.5745659687087223,1.5661645040005532,0.003240264663528819,0.6995607637397193,0.6995682679189995,443.0,-906.0833035371044,0.0069918566036335505,443.0,-903.0,1.5685286795993072,-0.006037289109415145,0.3004317320810005,61.66831397685019,83.10847857834523,TRACK
48.944,442.99340282367297,-906.0468260095957,1.5749151966346315,1.5639949079834292,0.004762673893021168,0.700236316200398,0.7002525127327391,443.0,-906.0468260095957,0.006597176327034049,443.0,-903.0,1.568631068261489,-0.006284128373142517,0.29974748726726086,61.66831397685019,83.10847857834523,TRACK
48.992,442.9937506538542,-906.0131203821834,1.5684681858685103,1.562761389868037,0.005631999768573757,0.7009238054120389,0.7009464319152263,443.0,-906.0131203821834,0.006249346145807522,443.0,-903.0,1.5687222851396323,0.00025409927112196584,0.2990535680847737,50.515464973626635,93.99594580079817,TRACK
49.044,442.99404929740706,-905.9765689972309,1.5685990656446882,1.5627139147142433,0.005670900686177134,0.701619410698327,0.7016423281011915,443.0,-905.9765689972309,0.005950702592940615,443.0,-901.0,1.5696005833499365,0.001001517705248256,0.29835767189880846,50.515464973626635,93.99594580079817,TRACK
49.092,442.99422760318635,-905.9427951621391,1.5752876804470897,1.5636967898163359,0.004986231753311371,0.7023201644981243,0.7023378645408277,443.0,-905.9427951621391,0.005772396813654268,443.0,-901.0,1.5696284867367771,-0.005659193710312538,0.2976621354591723,89.56565885375258,54.69526254756718,TRACK
49.144,442.99441371190983,-905.9061704144591,1.5617503565948514,1.5644044190341297,0.0044937055092488624,0.7030208316928783,0.7030351934173354,443.0,-905.9061704144591,0.005586288090171365,443.0,-901.0,1.569657702327315,0.007907345732463655,0.29696480658266455,89.56565885375258,54.69526254756718,TRACK
49.192,442.99462783688125,-905.8723294716419,1.5685465260466211,1.5644270702137055,0.004482236497625858,0.7037204153088522,0.7037346896142637,443.0,-905.8723294716419,0.005372163118749995,443.0,-901.0,1.5696937410660279,0.0011472150194067332,0.29626531038573634,98.30036148746288,45.74167509777672,TRACK
49.244,442.994914754266,-905.8356324953977,1.562049731684362,1.5639189359516015,0.004844628428543433,0.7044171485176853,0.7044338077849454,443.0,-905.8356324953977,0.00508524573399427,443.0,-901.0,1.5697447076190725,0.0076949759347104685,0.29556619221505465,98.30036148746288,45.74167509777672,TRACK
49.292,442.99527474327726,-905.801725536915,1.5624374396005933,1.5626078110554296,0.005773928352311386,0.7051093854728986,0.705133025556587,443.0,-905.801725536915,0.004725256722736049,443.0,-901.0,1.5698122523905826,0.0073748127899893046,0.29486697444341303,83.56447022299432,60.25513496551474,TRACK
49.344,442.9957575560889,-905.7649579530913,1.5763819523936318,1.5608748580058514,0.007002755045810708,0.7057952224476015,0.7058299615403776,443.0,-905.7649579530913,0.004242443911095961,443.0,-901.0,1.5699059846697714,-0.0064759677238603874,0.2941700384596224,83.56447022299432,60.25513496551474,TRACK
49.392,442.9962559858627,-905.7309866999236,1.570194382435048,1.5592094760540747,0.008186174547165567,0.7064739489386882,0.706521375460602,443.0,-905.7309866999236,0.0037440141372826474,443.0,-901.0,1.5700049457166667,-0.00018943671838123066,0.293478624539398,35.62338429755322,107.98224796641745,TRACK
49.444,442.99670208410123,-905.6941508294766,1.5775221817040583,1.5590261086414838,0.008323597753338633,0.7071418102035604,0.7071907960497843,443.0,-905.6941508294766,0.003297915898770043,443.0,-901.0,1.570093768339498,-0.007428413364560349,0.2928092039502157,35.62338429755322,107.98224796641745,TRACK
49.492,442.9969801900517,-905.66011855254,1.57766353359229,1.5602877345122228,0.00743819442862678,0.7077941959617814,0.7078332787977284,443.0,-905.66011855254,0.0030198099482845464,443.0,-901.0,1.5701483154854103,-0.0075152181068796065,0.2921667212022716,60.84139443842146,82.58806716700498,TRACK
49.544,442.99724428075945,-905.6232191715858,1.564057027798617,1.5614627415180398,0.006612359988333299,0.7084274453360958,0.708458304073036,443.0,-905.6232191715858,0.0027557192405538444,443.0,-901.0,1.570200266168757,0.0061432383701400806,0.291541695926964,60.84139443842146,82.58806716700498,TRACK
49.592,442.99743860136005,-905.5891305496325,1.5707644042386477,1.5627363787251594,0.005714955038450856,0.709040707877842,0.7090637391229386,443.0,-905.5891305496325,0.0025613986399548594,443.0,-901.0,1.5702381822081883,-0.0005262220304593779,0.29093626087706137,108.93024784654824,34.39457858146681,TRACK
49.644,442.9976552629805,-905.5521723921842,1.5707330823636765,1.5635067469587471,0.005173020143543865,0.7096332890998045,0.7096521437549613,443.0,-905.5521723921842,0.0023447370194844552,443.0,-901.0,1.5702812459477498,-0.00045183641592672075,0.29034785624503867,108.93024784654824,34.39457858146681,TRACK
49.692,442.99798259748076,-905.5180315724094,1.5777988616860288,1.562701268833855,0.005749277157562535,0.7102051154389667,0.7102283859319554,443.0,-905.5180315724094,0.0020174025192432055,443.0,-901.0,1.5703498043762654,-0.007449057309763418,0.28977161406804464,59.05958670487649,84.15268190198387,TRACK
49.744,442.9983790938304,-905.4810191566995,1.571394948453863,1.5617839681592822,0.006405755582761918,0.7107553538520314,0.7107842195307325,443.0,-905.4810191566995,0.0016209061695917626,443.0,-901.0,1.5704345996872426,-0.0009603487666203225,0.28921578046926755,59.05958670487649,84.15268190198387,TRACK
49.792,442.9986682441306,-905.4468306204952,1.5716143761837844,1.5619784982333078,0.006272128734454823,0.7112823898267453,0.7113100432838747,443.0,-905.4468306204952,0.0013317558693870524,443.0,-901.0,1.5704968425232373,-0.0011175336605471209,0.2886899567161253,70.56401119279121,72.53356035091613,TRACK
49.844,442.9989490607441,-905.4097695331325,1.5717524576795894,1.56241335864963,0.005966995499009275,0.7117831798674907,0.7118081905805537,443.0,-905.4097695331325,0.001050939255890171,443.0,-901.0,1.5705580061234652,-0.0011944515561241875,0.28819180941944633,70.56401119279121,72.53356035091613,TRACK
49.892,442.99918417733613,-905.3755391828842,1.5787905092230923,1.56294405334107,0.0055929388911913035,0.7122553708078733,0.7122773295634935,443.0,-905.3755391828842,0.0008158226638670385,443.0,-901.0,1.5706098760238454,-0.00818063319924689,0.28772267043650646,70.76282271713757,72.28239973318296,TRACK
49.944,442.99942747258444,-905.3384361630609,1.565199797730138,1.5633978504252903,0.005272974450594764,0.7126978552199685,0.7127173612973798,443.0,-905.3384361630609,0.0005725274155565785,443.0,-901.0,1.570664360484753,0.005464562754615043,0.28728263870262016,70.76282271713757,72.28239973318296,TRACK
49.992,442.9996406207047,-905.304170161669,1.5721887972210449,1.5638106466923487,0.004981638436601786,0.7131098660420243,0.7131272661790369,443.0,-905.304170161669,0.0003593792952756303,443.0,-901.0,1.5707128311892533,-0.0014759660317915646,0.2868727338209631,93.90591516296266,49.1113389081213,TRACK
50.044,442.99989275981716,-905.2670319880499,1.5655536951459446,1.5638795133474468,0.004935155163630488,0.7134898892100929,0.7135069570519406,443.0,-905.2670319880499,0.00010724018284236081,443.0,-901.0,1.5707711945289282,0.005217499382983659,0.28649304294805944,93.90591516296266,49.1113389081213,TRACK
50.092,443.0002234156113,-905.2327368326116,1.5795765172062495,1.5629251117642802,0.005618882688558025,0.7138372697238489,0.7138593835549595,443.0,-905.2327368326116,0.00022341561128769172,443.0,-901.0,1.57084910957349,-0.008727407632759476,0.2861406164450405,79.6517727904869,63.360743690693845,TRACK
50.144,443.00066015427154,-905.1955707785772,1.5800002287408943,1.561566234546469,0.0065918608838964,0.7141503582443565,0.7141807802023625,443.0,-905.1955707785772,0.0006601542715429787,443.0,-901.0,1.5709536723149546,-0.009046556425939656,0.28581921979763747,79.6517727904869,63.360743690693845,TRACK
50.192,443.0010859055321,-905.1612535424816,1.573605304406933,1.560453945564192,0.007389145849276722,0.7144275793892624,0.7144657904115372,443.0,-905.1612535424816,0.0010859055320793232,443.0,-901.0,1.571057283138062,-0.0025480212688708814,0.28553420958846276,31.56854481128721,111.45343704389413,TRACK
50.244,443.00139332492546,-905.1240682997745,1.5809057777783784,1.5611807458298808,0.006872113795932787,0.7146632140546316,0.7146962539925059,443.0,-905.1240682997745,0.0013933249254591829,443.0,-901.0,1.571134178831082,-0.0097715989472964,0.2853037460074941,31.56854481128721,111.45343704389413,TRACK
50.292,443.0014954157532,-905.0897382221095,1.567126189060863,1.563506460935513,0.005211286252947917,0.7148545721095253,0.7148735669825138,443.0,-905.0897382221095,0.0014954157531974488,443.0,-901.0,1.571161977505367,0.004035788444503918,0.2851264330174862,57.86829731157746,85.22958216275983,TRACK
50.344,443.0015292306209,-905.0525433613827,1.5669656452171923,1.5657405539993803,0.00361493613560939,0.7150054959938827,0.7150146341612337,443.0,-905.0525433613827,0.0015292306209175877,443.0,-901.0,1.5711736776118936,0.004208032394701355,0.2849853658387663,57.86829731157746,85.22958216275983,TRACK
50.392,443.00148526124747,-905.0182078865747,1.5736155021686853,1.5679588964116686,0.0020290984734018924,0.7151164095378075,0.7151192882525684,443.0,-905.0182078865747,0.0014852612474669513,443.0,-901.0,1.5711659595321141,-0.002449542636571156,0.28488071174743157,107.00715953359293,36.235284278885416,TRACK
50.444,443.001440720001,-904.9810108022565,1.5734204613541438,1.569371369048017,0.0010191171566814366,0.7151906568029978,0.7151913829025643,443.0,-904.9810108022565,0.0014407200010282395,443.0,-901.0,1.571158224817709,-0.0022622365364348695,0.28480861709743566,107.00715953359293,36.235284278885416,TRACK
50.492,443.00152907954515,-904.9466761932018,1.580415564986411,1.568969344962416,0.001306714494401643,0.7152304512788892,0.715231644951042,443.0,-904.9466761932018,0.00152907954515058,443.0,-901.0,1.5711837615358761,-0.009231803450534759,0.28476835504895803,56.846385090928855,86.50800831638757,TRACK
50.544,443.00166787861815,-904.909483811319,1.5805971811985249,1.5683026150638377,0.001783588951165524,0.715233132927361,0.7152353568068589,443.0,-904.909483811319,0.0016678786181500982,443.0,-901.0,1.5712229505123634,-0.0093742306861615,0.2847646431931411,56.846385090928855,86.50800831638757,TRACK
50.592,443.00172551046046,-904.8751576624373,1.5737245590733342,1.5685877551419212,0.0015795650017680057,0.7151963719980117,0.7151981162899642,443.0,-904.8751576624373,0.0017255104604601001,443.0,-901.0,1.5712416016705868,-0.002482957402747399,0.2848018837100358,45.71458675165986,97.76362182126621,TRACK
50.644,443.00167234444916,-904.8379788299891,1.5736510099881567,1.569861002505496,0.0006688690981795744,0.7151197832773978,0.7151200960821775,443.0,-904.8379788299891,0.0016723444491617556,443.0,-901.0,1.571232062482195,-0.0024189475059617216,0.2848799039178225,45.71458675165986,97.76362182126621,TRACK
50.692,443.00151286856266,-904.8036690698971,1.5664221253815152,1.5718146157302335,-0.0007280800919512901,0.7150031931345721,0.7150035638325549,443.0,-904.8036690698971,0.001512868562656422,443.0,-901.0,1.5711940660448362,0.004771940663321095,0.2849964361674451,83.81241935030627,59.84031713427811,TRACK
50.744,443.0013454797866,-904.766511560243,1.572997173501296,1.573034422967748,-0.0015999072831746597,0.7148506982092582,0.7148524885831892,443.0,-904.766511560243,0.0013454797866074841,443.0,-901.0,1.5711535485126205,-0.0018436249886755185,0.28514751141681083,83.81241935030627,59.84031713427811,TRACK
50.792,443.0012305815313,-904.7322245413072,1.572798050452085,1.5734237702084115,-0.0018777395125346773,0.7146624669091692,0.7146649337377456,443.0,-904.7322245413072,0.0012305815312743107,443.0,-901.0,1.5711260447615036,-0.0016720056905814573,0.28533506626225436,71.84019139307559,72.0039090284081,TRACK
50.844,443.00112230134323,-904.6950953409977,1.5656529655803766,1.5735248112002373,-0.0019493396411381513,0.7144386824975516,0.7144413418706073,443.0,-904.6950953409977,0.0011223013432299922,443.0,-901.0,1.5711000540888225,0.005447088508445885,0.28555865812939274,71.84019139307559,72.0039090284081,TRACK
50.892,443.00100163294314,-904.6608380102965,1.5794996484679293,1.573802492637251,-0.002146944517368947,0.7141781799860694,0.7141814070241363,443.0,-904.6608380102965,0.0010016329431437043,443.0,-901.0,1.5710699343446795,-0.008429714123249887,0.28581859297586365,95.61853366650459,48.43051290161489,TRACK
50.944,443.0008703829122,-904.6237446716483,1.5794282512437947,1.5739886165665118,-0.0022789276062191435,0.7138825194308844,0.7138861569326173,443.0,-904.6237446716483,0.0008703829121827766,443.0,-901.0,1.5710365155980026,-0.008391735645792098,0.28611384306738274,95.61853366650459,48.43051290161489,TRACK
50.992,443.0008342781789,-904.5895234578608,1.5725345954098378,1.57324122207548,-0.0017445666242315741,0.7135533214974875,0.713555454139903,443.0,-904.5895234578608,0.0008342781788996945,443.0,-901.0,1.5710287471074176,-0.0015058483024201763,0.28644454586009704,33.897872775018634,110.37893578383105,TRACK
51.044,443.00072452994596,-904.5524725990182,1.5726245531678231,1.5734220687109268,-0.0018726583351825403,0.7131904396445562,0.7131928982047113,443.0,-904.5524725990182,0.0007245299459555099,443.0,-901.0,1.5710002776814171,-0.0016242754864059794,0.2868071017952887,33.897872775018634,110.37893578383105,TRACK
51.092,443.0004835957507,-904.5182938281961,1.5654192934613136,1.574968671881031,-0.0029740397581089683,0.712793989680164,0.7128001940492501,443.0,-904.5182938281961,0.000483595750722543,443.0,-901.0,1.57093377857445,0.005514485113136347,0.2871998059507499,84.95391095027271,59.566191922409914,TRACK
51.144,443.00025318307246,-904.4812916541639,1.565107707120773,1.575686982778772,-0.0034839804080045375,0.7123691877394858,0.7123777072312819,443.0,-904.4812916541639,0.000253183072459251,443.0,-901.0,1.570869053557594,0.005761346436820913,0.2876222927687181,84.95391095027271,59.566191922409914,TRACK
51.192,443.00009965846334,-904.4471599076948,1.5719131943726015,1.5755497048914202,-0.0033840375400216154,0.711917290034823,0.711925332854927,443.0,-904.4471599076948,9.965846334125672e-05,443.0,-901.0,1.570825237105408,-0.0010879572671935733,0.288074667145073,96.59364937097374,48.17276554504729,TRACK
51.244,442.9999845023509,-904.4102110498582,1.571843017936603,1.5749775568384663,-0.0029747136192851556,0.711440473961235,0.7114466929512734,443.0,-904.4102110498582,1.5497649087592436e-05,443.0,-901.0,1.5707917823110331,-0.0010512356255698574,0.2885533070487266,96.59364937097374,48.17276554504729,TRACK
51.292,442.9999501353844,-904.3761305749333,1.5649433037897775,1.573868527189426,-0.0021841563168257566,0.7109397710685216,0.7109431261541096,443.0,-904.3761305749333,4.9864615618844255e-05,443.0,-901.0,1.570781557041622,0.005838253251844394,0.2890568738458904,58.63722413291383,86.38744431443608,TRACK
51.344,442.99989415983856,-904.3392392410117,1.5721444527456938,1.5733250584639522,-0.0017964600874163003,0.7104179064362852,0.7104201778202532,443.0,-904.3392392410117,0.00010584016143866393,443.0,-901.0,1.5707646309043766,-0.0013798218413172414,0.28957982217974676,58.63722413291383,86.38744431443608,TRACK
51.392,442.9997519682843,-904.3052134217003,1.5721852416160156,1.573901803823926,-0.0022045124735125213,0.7098765716626041,0.7098799946967784,443.0,-904.3052134217003,0.00024803171572784777,443.0,-901.0,1.5707212842231724,-0.0014639573928432181,0.2901200053032216,71.37546852686417,73.90226110671348,TRACK
51.444,442.99955829074435,-904.2683826115683,1.5721778606165995,1.5746542759003996,-0.002736531934207001,0.7093194551611938,0.7093247338682049,443.0,-904.2683826115683,0.00044170925565367725,443.0,-901.0,1.5706611806674509,-0.0015166799491486138,0.29067526613179506,71.37546852686417,73.90226110671348,TRACK
51.492,442.99935599081266,-904.2344137161969,1.5792271742835922,1.57538727989033,-0.003253849425781246,0.7087475079383183,0.7087549770864838,443.0,-904.2344137161969,0.0006440091873400888,443.0,-901.0,1.5705972152292969,-0.00862995905429531,0.29124502291351617,71.68674543231161,73.82858591158306,TRACK
51.544,442.99913275937416,-904.1976455797649,1.572131802587078,1.5759045946270633,-0.003617521424333082,0.7081637215290577,0.7081729611833117,443.0,-904.1976455797649,0.0008672406258369847,443.0,-901.0,1.5705251145598504,-0.0016066880272276318,0.29182703881668826,71.68674543231161,73.82858591158306,TRACK
51.592,442.9989276103594,-904.1637351924777,1.5721081418978022,1.5762335713024356,-0.003847267158654257,0.7075696596294538,0.7075801189213354,443.0,-904.1637351924777,0.0010723896406261701,443.0,-901.0,1.5704573636597692,-0.0016507782380330571,0.29241988107866457,71.76893214898249,73.98033483072089,TRACK
51.644,442.99871275690214,-904.1270309639045,1.5720733945535592,1.5763790573426737,-0.003946852692220745,0.7069679710785695,0.7069789882147298,443.0,-904.1270309639045,0.001287243097863211,443.0,-901.0,1.5703846765618124,-0.0016887179917468575,0.2930210117852702,71.76893214898249,73.98033483072089,TRACK
51.692,442.99852672015714,-904.0931799399292,1.579122742124545,1.5763486433168752,-0.003921972182178076,0.7063595643545121,0.7063704523979566,443.0,-904.0931799399292,0.0014732798428553906,443.0,-901.0,1.5703200274007272,-0.008802714723817884,0.2936295476020434,71.77993479746901,74.1959082542218,TRACK
51.744,442.99832442022546,-904.056540229716,1.5719713280410506,1.576337795912594,-0.003910916073997376,0.7057471509577029,0.7057579870957554,443.0,-904.056540229716,0.0016755797745418022,443.0,-901.0,1.570248131946877,-0.0017231960941734847,0.29424201290424457,71.77993479746901,74.1959082542218,TRACK
51.792,442.99813425776756,-904.0227486453649,1.5719185414696282,1.5763678405153374,-0.003928696703602608,0.705132617349252,0.7051435617713571,443.0,-904.0227486453649,0.0018657422324395156,443.0,-901.0,1.5701790932057376,-0.0017394482638906084,0.29485643822864294,71.93128422315337,74.26039693417542,TRACK
51.844,442.9979153600678,-903.986172969321,1.5718697024261015,1.5765122279741866,-0.004027002759621205,0.7045186361876599,0.704530145193906,443.0,-903.986172969321,0.0020846399322067555,443.0,-899.0,1.5703782426603163,-0.0014914597657851303,0.295469854806094,71.93128422315337,74.26039693417542,TRACK
51.892,442.9976908670281,-903.9524400535742,1.5789128132954986,1.5768403534752442,-0.004254480208200199,0.7039062908430843,0.7039191479781686,443.0,-903.9524400535742,0.0023091329719022724,443.0,-899.0,1.5703300651582917,-0.008582748137206941,0.29608085202183143,72.88431187312356,73.50440627772069,TRACK
51.944,442.99743346478425,-903.915927224907,1.5646137832109284,1.5771917134381463,-0.00449792723814398,0.7032985127690599,0.7033128958099738,443.0,-903.915927224907,0.0025665352157488996,443.0,-899.0,1.5702742411607653,0.005660457949836939,0.2966871041900262,72.88431187312356,73.50440627772069,TRACK
51.992,442.9971838393826,-903.88225132257,1.5716606427243431,1.5775471206186134,-0.004743837925059094,0.7026974878404683,0.7027135002371623,443.0,-903.88225132257,0.0028161606173853215,443.0,-899.0,1.5702195108714643,-0.001441131852878863,0.2972864997628377,96.86999934366906,49.696962246560645,TRACK
52.044,442.99694313377853,-903.8457989308541,1.5716727865534077,1.577495540496051,-0.004703628524938663,0.7021060036456174,0.7021217590108715,443.0,-903.8457989308541,0.0030568662214705,443.0,-899.0,1.5701654987602212,-0.0015072877931865403,0.2978782409891285,96.86999934366906,49.696962246560645,TRACK
52.092,442.99683607564316,-903.8121774236151,1.5789947441046606,1.5762671917186133,-0.0038379907782841323,0.701525725987281,0.7015362245780298,443.0,-903.8121774236151,0.0031639243568406528,443.0,-899.0,1.5701388439919124,-0.008855900112748172,0.2984637754219702,58.12468959684901,88.60119871895913,TRACK
52.144,442.99676073392527,-903.7757822663526,1.57922130266299,1.575078721101263,-0.0030018017224417493,0.7009591265433001,0.7009655540024253,443.0,-903.7757822663526,0.00323926607472913,443.0,-899.0,1.5701180576868574,-0.009103244976132574,0.29903444599757467,58.12468959684901,88.60119871895913,TRACK
52.192,442.99665442642294,-903.7422118122458,1.572185460580618,1.5746887955375588,-0.002726329990782092,0.7004079934484054,0.7004132995322406,443.0,-903.7422118122458,0.0033455735770644424,443.0,-899.0,1.5700908389013826,-0.0020946216792354644,0.29958670046775937,46.762562663720594,100.1081614066926,TRACK
52.244,442.9964490915295,-903.7058698185539,1.5721398040735002,1.5753030686628628,-0.003154176276851514,0.6998747686681372,0.6998818762093101,443.0,-903.7058698185539,0.0035509084705154237,443.0,-899.0,1.5700417568782827,-0.002098047195217445,0.3001181237906899,46.762562663720594,100.1081614066926,TRACK
52.292,442.996160207787,-903.672346309856,1.5790193257043053,1.5767397672780343,-0.004156658535572146,0.6993608505560664,0.699373203018736,443.0,-903.672346309856,0.003839792213000237,443.0,-899.0,1.5699745145631134,-0.009044811141191822,0.30062679698126404,85.96787870589328,60.999451583469025,TRACK
52.344,442.9958554389426,-903.6360526457258,1.571548908477338,1.5775974364076941,-0.004753156808419878,0.6988688306608581,0.698884994093392,443.0,-903.6360526457258,0.004144561057387364,443.0,-899.0,1.569902342133811,-0.0016465663435270006,0.301115005906608,85.96787870589328,60.999451583469025,TRACK
52.392,442.99561352077757,-903.6025713036892,1.5714008400856776,1.5777457307316574,-0.004853538545594562,0.6983995256136732,0.6984163902814834,443.0,-903.6025713036892,0.0043864792224326266,443.0,-899.0,1.5698432773786208,-0.0015575627070567588,0.3015836097185166,73.41280100797088,73.62364473740207,TRACK
52.444,442.99536690265364,-903.5663207930211,1.5640518512609844,1.5776945704042253,-0.004814729734895758,0.697953513453293,0.6979701201084586,443.0,-903.5663207930211,0.0046330973463568625,443.0,-899.0,1.5697817034325665,0.005729852171582062,0.3020298798915414,73.41280100797088,73.62364473740207,TRACK
52.492,442.9951266866615,-903.5328769941543,1.5639286564632735,1.577793966868425,-0.004881149270547551,0.6975308171480602,0.69754789548062,443.0,-903.5328769941543,0.004873313338521257,443.0,-899.0,1.5697212233965023,0.0057925669332288265,0.30245210451938,97.66142186905529,49.436138898608505,TRACK
52.544,442.99489052598557,-903.4966645108464,1.5782993009205504,1.577627471850364,-0.004762290036794829,0.6971328995652251,0.6971491655754977,443.0,-903.4966645108464,0.00510947401443218,443.0,-899.0,1.5696600463801351,-0.008639254540415253,0.30285083442450234,97.66142186905529,49.436138898608505,TRACK
52.592,442.99478995224325,-903.4632531106273,1.5712640340322688,1.576291466750972,-0.003828838728301531,0.6967611779813061,0.6967716980101192,443.0,-903.4632531106273,0.0052100477567478265,443.0,-899.0,1.5696290066225598,-0.001635027409709,0.3032283019898808,33.86551346299852,113.26688650815028,TRACK
52.644,442.99464565037414,-903.427072739137,1.5713433155945156,1.5757645883179199,-0.0034600077539670023,0.6964164968727757,0.6964250920021523,443.0,-903.427072739137,0.005354349625861232,443.0,-899.0,1.569586871398382,-0.001756444196133522,0.3035749079978477,33.86551346299852,113.26688650815028,TRACK
52.692,442.99440373695495,-903.3936882351638,1.563944747796759,1.5765611825220955,-0.004012957054992605,0.6960993977714309,0.6961109648626963,443.0,-903.3936882351638,0.005596263045049454,443.0,-899.0,1.569522622399135,0.005577874602376021,0.3038890351373037,86.26976010188666,60.879549534362596,TRACK
52.744,442.9942051348199,-903.3575338099588,1.563642018390689,1.5764661437057808,-0.003945167225651036,0.6958117012776678,0.6958228854955554,443.0,-903.3575338099588,0.005794865180121178,443.0,-899.0,1.5694664778443717,0.005824459453682707,0.3041771145044446,86.26976010188666,60.879549534362596,TRACK
52.792,442.99410360400077,-903.3241701419581,1.5706665635024215,1.5755474475553464,-0.0033046875860066154,0.6955543516687647,0.6955622021684306,443.0,-903.3241701419581,0.005896395999229753,443.0,-899.0,1.5694327374468557,-0.0012338260555657676,0.30443779783156943,98.2055232077806,48.917224939163276,TRACK
52.844,442.9940598584726,-903.2880350264736,1.5706057917847789,1.5743090285193089,-0.0024424879858266297,0.6953274520381479,0.6953317419084388,443.0,-903.2880350264736,0.005940141527389642,443.0,-899.0,1.5694110447972,-0.0011947469875788208,0.3046682580915612,98.2055232077806,48.917224939163276,TRACK
52.892,442.9941006718655,-903.2546861946958,1.577978198153628,1.5726521169905874,-0.0012900195342250888,0.6951314088716639,0.6951326058748094,443.0,-903.2546861946958,0.005899328134489679,443.0,-899.0,1.5694097793307544,-0.008568418822873625,0.3048673941251906,59.00587980144006,88.08372258467567,TRACK
52.944,442.9941317048827,-903.2185637681553,1.5781638049581403,1.5717023213634556,-0.0006296366199776244,0.6949671328660161,0.6949674180897145,443.0,-903.2185637681553,0.0058682951172954745,443.0,-899.0,1.569405262998154,-0.008758541959986266,0.3050325819102855,59.00587980144006,88.08372258467567,TRACK
52.992,442.99407695218054,-903.1852234176025,1.5709800888589294,1.5719599145150358,-0.0008085022563045692,0.6948353591433593,0.6948358295250608,443.0,-903.1852234176025,0.005923047819464955,443.0,-899.0,1.5693810991537176,-0.001598989705211773,0.30516417047493916,47.348138939073195,99.67315912389718,TRACK
53.044,442.9939044371113,-903.1491068197661,1.5709138891629473,1.5732241318342526,-0.001686685586277755,0.6947354688807604,0.6947375163536492,443.0,-903.1491068197661,0.006095562888674522,443.0,-899.0,1.5693272013257176,-0.0015866878372297055,0.3052624836463508,47.348138939073195,99.67315912389718,TRACK
53.092,442.9936596643263,-903.1157688927963,1.5633748430388987,1.5749438251364465,-0.0028811471886499105,0.694667105593995,0.6946730803791531,443.0,-903.1157688927963,0.006340335673712616,443.0,-899.0,1.5692558295455674,0.005880986506668684,0.3053269196208469,86.96074025423806,59.96393947536623,TRACK
53.144,442.9934521851063,-903.079651818664,1.570280531972341,1.5755027453658033,-0.003269240422396597,0.6946293099106644,0.6946370031317834,443.0,-903.079651818664,0.00654781489367906,443.0,-899.0,1.5691913346136197,-0.0010891973587212611,0.30536299686821655,86.96074025423806,59.96393947536623,TRACK
53.192,442.99336723544485,-903.0463106549872,1.5701266767833164,1.5747472782212326,-0.0027444308894471613,0.6946217032520923,0.6946271248157134,443.0,-903.0463106549872,0.006632764555149606,443.0,-899.0,1.569157115379877,-0.0009695614034395117,0.3053728751842866,74.13738350609529,72.67557588688345,TRACK
53.244,442.9933626446401,-903.0101870758633,1.5700002015559653,1.5734088544906129,-0.001814779725398636,0.6946435819863304,0.6946459525688258,443.0,-903.0101870758633,0.006637355359885078,443.0,-899.0,1.5691412046837667,-0.0008589968721985919,0.3053540474311742,74.13738350609529,72.67557588688345,TRACK
53.292,442.9933902835941,-902.9768371862349,1.5771786209966923,1.5722042434909331,-0.0009780727818598782,0.6946946068317437,0.6946952953543571,443.0,-902.9768371862349,0.006609716405876043,443.0,-899.0,1.5691342747645824,-0.008044346232109811,0.30530470464564285,73.86135745520403,72.84251977029638,TRACK
53.344,442.99342427168483,-902.9407011971026,1.5770823310361668,1.5713821014132312,-0.0004069813130702528,0.6947744982155721,0.6947746174152372,443.0,-902.9407011971026,0.0065757283151697266,443.0,-899.0,1.5691276587373604,-0.00795467229880642,0.30522538258476284,73.86135745520403,72.84251977029638,TRACK
53.392,442.99344957885165,-902.9073370475431,1.5696736370257234,1.570911463227909,-8.000642874765053e-05,0.6948836810446162,0.6948836856504436,443.0,-902.9073370475431,0.006550421148347141,443.0,-899.0,1.5691198870785121,-0.0005537499472112462,0.30511631434955644,49.15008037117133,97.41607246807848,TRACK
53.444,442.9933772341289,-902.8711826170752,1.5767889937335902,1.5715717555959174,-0.0005389398125994542,0.6950215208286357,0.6950217297833725,443.0,-902.8711826170752,0.0066227658711,443.0,-899.0,1.5690855422452987,-0.007703451488291435,0.3049782702166275,49.15008037117133,97.41607246807848,TRACK
53.492,442.9932118623329,-902.8377988841224,1.56186946084003,1.5730347809075207,-0.0015561468908010087,0.6951870413191228,0.6951887830015538,443.0,-902.8377988841224,0.006788137667115279,443.0,-899.0,1.5690275705903167,0.007158109750286634,0.30481121699844616,64.21231321265937,82.1990041392689,TRACK
53.544,442.9930142576142,-902.8016208020102,1.5614462595207104,1.57416358709128,-0.0023415272392623525,0.6953778987664774,0.6953818410360552,443.0,-902.8016208020102,0.0069857423857797585,443.0,-899.0,1.5689587593764753,0.007512499855764965,0.30461815896394484,64.21231321265937,82.1990041392689,TRACK
53.592,442.99282971343445,-902.7682130437445,1.5682864637706795,1.5749188632656177,-0.0028676273497065747,0.6955938715526486,0.695599782510187,443.0,-902.7682130437445,0.007170286565553852,443.0,-899.0,1.5688934943837978,0.0006070306131182868,0.30440021748981305,115.44507548633459,30.799253016113774,TRACK
53.644,442.9927144821796,-902.7320068049128,1.5679270755280248,1.5745896858985442,-0.002639552761703379,0.6958318547995788,0.6958368611913311,443.0,-902.7320068049128,0.007285517820378118,443.0,-899.0,1.5688441576413368,0.0009170821133119844,0.30416313880866885,115.44507548633459,30.799253016113774,TRACK
53.692,442.9928372561487,-902.698571689894,1.560542474218623,1.571975030584102,-0.0008204824374256853,0.696088419297979,0.696088902850914,443.0,-902.698571689894,0.007162743851324649,443.0,-899.0,1.568859704904814,0.008317230686191168,0.30391109714908604,62.23631961066884,83.84410771125603,TRACK
53.744,442.99311828553374,-902.6623338023833,1.5753496558492148,1.5688458754717938,0.0013582303536064943,0.6963663307892232,0.6963676553707382,443.0,-902.6623338023833,0.006881714466260291,443.0,-899.0,1.5689172773313007,-0.006432378517914117,0.3036323446292618,62.23631961066884,83.84410771125603,TRACK
53.792,442.99335706670166,-902.6288667518553,1.5680228901529736,1.5670299023297787,0.002623962412614483,0.6966686917795034,0.6966736332634582,443.0,-902.6288667518553,0.006642933298337539,443.0,-899.0,1.5689657481783785,0.0009428580254049468,0.3033263667365418,50.41582891877055,95.50777868394138,TRACK
53.844,442.9935221221087,-902.5925917080006,1.575284461906435,1.5667553856758556,0.0028165254231674996,0.6969935986789922,0.6969992893934336,443.0,-902.5925917080006,0.00647787789131371,443.0,-899.0,1.5689932076548867,-0.006291254251548306,0.3030007106065664,50.41582891877055,95.50777868394138,TRACK
53.892,442.9935641512264,-902.5590886616068,1.5750347268299816,1.5677315369290665,0.0021372038416789525,0.6973388857626157,0.6973421608055168,443.0,-902.5590886616068,0.006435848773605812,443.0,-899.0,1.5689880431665084,-0.0060466836634731624,0.3026578391944832,65.5974626769733,80.12903469586635,TRACK
53.944,442.993552661559,-902.5227734167983,1.5599889514201355,1.5689160816862049,0.0013118481974708177,0.697699808110742,0.6977010414091837,443.0,-902.5227734167983,0.006447338440978001,443.0,-899.0,1.568966140609318,0.008977189189182555,0.30229895859081635,65.5974626769733,80.12903469586635,TRACK
53.992,442.993494905534,-902.489232285152,1.566917789408524,1.5701781078305423,0.0004315636460585539,0.6980756268595942,0.6980757602600136,443.0,-902.489232285152,0.0065050944659788,443.0,-899.0,1.5689319949311222,0.0020142055225982336,0.3019242397399864,117.22938115361444,28.31936396159236,TRACK
54.044,442.9934702129528,-902.4528748631565,1.5667233309842141,1.5706326583220986,0.0001143163039343895,0.6984625747360738,0.6984625840910612,443.0,-902.4528748631565,0.006529787047213631,443.0,-899.0,1.5689052130065855,0.002181882022371351,0.3015374159089388,117.22938115361444,28.31936396159236,TRACK
54.092,442.9936606221941,-902.419294762084,1.5741956063237477,1.5687033275725213,0.0014627063155663905,0.6988555772322034,0.6988571079543527,443.0,-902.419294762084,0.00633937780588667,443.0,-899.0,1.5689423273641647,-0.005253278959582941,0.30114289204564726,63.23114474622005,82.14074155009166,TRACK
54.144,442.99402951201955,-902.3828944787195,1.574432406247065,1.5658859165678136,0.0034336713917210763,0.6992580324613242,0.699266462845823,443.0,-902.3828944787195,0.0059704879804485245,443.0,-899.0,1.5690314234498826,-0.005400982797182374,0.30073353715417706,63.23114474622005,82.14074155009166,TRACK
54.192,442.9943754090638,-902.3492730530561,1.5671825118956808,1.5640017631353231,0.004754052352415947,0.6996739498958763,0.6996901008136864,443.0,-902.3492730530561,0.005624590936179175,443.0,-899.0,1.5691169815878658,0.0019344696921850257,0.30030989918631357,51.01701586347627,94.18862256532321,TRACK
54.244,442.99469309607196,-902.3128265874087,1.567227925598052,1.5633283812580372,0.005228411968438731,0.7001008169819465,0.7001203398205916,443.0,-902.3128265874087,0.0053069039280444485,443.0,-899.0,1.5691944018982682,0.001966476300216291,0.29987966017940837,51.01701586347627,94.18862256532321,TRACK
54.292,442.99490528711544,-902.2791620767014,1.5745135201977918,1.563736571797756,0.004945694138252152,0.700535921612746,0.7005533793797076,443.0,-902.2791620767014,0.005094712884556429,443.0,-899.0,1.5692426650160423,-0.005270855181749523,0.29944662062029237,91.30094333811635,53.7231594385338,TRACK
54.344,442.9951386706867,-902.2426692445681,1.5595258589209644,1.563969421093787,0.004785552150146802,0.7009731807144781,0.7009895160345511,443.0,-902.2426692445681,0.0048613293133144,443.0,-899.0,1.5692971527180233,0.009771293797058878,0.29901048396544894,91.30094333811635,53.7231594385338,TRACK
54.392,442.9954031386883,-902.208962417206,1.566954765189285,1.56361233480236,0.005039021409286011,0.7014115169800973,0.7014296172026703,443.0,-902.208962417206,0.004596861311711109,443.0,-899.0,1.5693638207167022,0.0024090555274172143,0.2985703827973297,102.97081994041659,41.903514577745916,TRACK
54.444,442.99574723547903,-902.1724237554066,1.5671061353028448,1.5628298447050106,0.005591400007561063,0.7018507866095516,0.7018730586213513,443.0,-902.1724237554066,0.004252764520970231,443.0,-899.0,1.56945578646946,0.0023496511666152298,0.2981269413786487,102.97081994041659,41.903514577745916,TRACK
54.492,442.99616829627234,-902.1386746929652,1.57494651041025,1.5612497833551482,0.006704644956166934,0.7022899249315231,0.7023219282667406,443.0,-902.1386746929652,0.003831703727655622,443.0,-899.0,1.5695755243228513,-0.005370986087398721,0.29767807173325944,61.90008562666064,82.82317175095842,TRACK
54.544,442.99667023084555,-902.1020902120257,1.5753942861689558,1.5597876736510665,0.007736425002716348,0.7027301498367132,0.7027727340764951,443.0,-902.1020902120257,0.003329769154447604,443.0,-899.0,1.569722931874687,-0.005671354294268793,0.2972272659235049,61.90008562666064,82.82317175095842,TRACK
54.592,442.99709236973433,-902.0682985908342,1.5683010941819848,1.5592679737404544,0.008106772315786014,0.7031718352488326,0.7032185646330673,443.0,-902.0682985908342,0.002907630265667649,443.0,-899.0,1.5698486910582738,0.0015475968762890258,0.2967814353669327,49.46173466015953,95.10620712786545,TRACK
54.644,442.9974673326471,-902.0316683881188,1.568519874820288,1.5597207883308142,0.007793190841134048,0.7036111342654012,0.7036542915990286,443.0,-902.0316683881188,0.002532667352909357,443.0,-899.0,1.5699609231690737,0.0014410483487856673,0.2963457084009714,49.46173466015953,95.10620712786545,TRACK
54.692,442.9977335115224,-901.9978355633838,1.5760482573899999,1.5608449299189222,0.007006461679393598,0.7040449176317771,0.7040797799599138,443.0,-901.9978355633838,0.0022664884775736027,443.0,-897.0,1.570342832818663,-0.005705424571336826,0.2959202200400862,89.79057639676222,54.658555674204884,TRACK
54.744,442.99804845069184,-901.9611621414195,1.5610718776106276,1.5613228393577214,0.006673982962659735,0.7044695366044722,0.7045011497877811,443.0,-901.9611621414195,0.0019515493081598834,443.0,-897.0,1.5704029614599464,0.0093310838493188,0.2954988502122189,89.79057639676222,54.658555674204884,TRACK
54.792,442.99840936909595,-901.9272906156684,1.5687117012474279,1.5609088164068354,0.006969785622382425,0.7048850740615462,0.7049195312561382,443.0,-901.9272906156684,0.0015906309040474298,443.0,-897.0,1.5704735062079123,0.0017618049604843922,0.29508046874386185,102.28992789105135,42.06208625703059,TRACK
54.844,442.9988711127716,-901.8905761533119,1.568941149419353,1.5599668355103808,0.007638250779166687,0.7052918716932745,0.7053332312826099,443.0,-901.8905761533119,0.0011288872283898854,443.0,-897.0,1.570565497711993,0.00162434829263991,0.29466676871739006,102.28992789105135,42.06208625703059,TRACK
54.892,442.9993971672619,-901.8566675606867,1.576938585560755,1.5583259468810773,0.008800676998287878,0.7056898711598537,0.7057447457638202,443.0,-901.8566675606867,0.0006028327380818155,443.0,-897.0,1.5706722020267396,-0.0062663835340153184,0.2942552542361798,60.093199529176005,84.14438604597409,TRACK
54.944,442.99998163665737,-901.8199138631256,1.5774729077941765,1.5571239670547474,0.00965436867209922,0.7060790729147475,0.7061450729436595,443.0,-901.8199138631256,1.8363342633165303e-05,443.0,-897.0,1.5707925169046881,-0.006680390889488352,0.29385492705634053,60.093199529176005,84.14438604597409,TRACK
54.992,443.0004375635209,-901.7859700772325,1.5704056778676243,1.5572085222258345,0.00959980635015915,0.7064581695320795,0.7065233906818492,443.0,-901.7859700772325,0.00043756352090440487,443.0,-897.0,1.5708877530914727,0.000482075223848355,0.2934766093181508,47.285646368028026,96.84602258476501,TRACK
55.044,443.0007967322936,-901.7491799732963,1.5782494126522124,1.5585486818792345,0.008657356251667072,0.7068235097660357,0.7068765265414076,443.0,-901.7491799732963,0.0007967322936224264,443.0,-897.0,1.570964088869745,-0.00728532378246749,0.29312347345859235,47.285646368028026,96.84602258476501,TRACK
55.092,443.0010067481627,-901.715204554513,1.5783048460683162,1.5606737603184397,0.007158647275569219,0.7071727099766572,0.7072089422275041,443.0,-901.715204554513,0.0010067481626947483,443.0,-897.0,1.57100983781775,-0.007295008250566282,0.2927910577724959,61.93193087028099,82.1654579956393,TRACK
55.144,443.001181045293,-901.6783820992955,1.5631800353753607,1.5625615624511513,0.005826274490660721,0.7075057100639889,0.7075296991982666,443.0,-901.6783820992955,0.001181045292980798,443.0,-897.0,1.5710487741672627,0.007868738791902086,0.2924703008017334,61.93193087028099,82.1654579956393,TRACK
55.192,443.00129822629515,-901.64437826854,1.5705879248240684,1.564238960530813,0.004641523226400055,0.7078233108006071,0.707838528939047,443.0,-901.64437826854,0.001298226295148197,443.0,-897.0,1.5710758531784665,0.0004879283543981483,0.292161471060953,114.75230924239027,29.320859423324393,TRACK
55.244,443.00146043499194,-901.6075266013838,1.5630157365292645,1.5649940573931702,0.004108779402495738,0.7081252194176038,0.7081371395735488,443.0,-901.6075266013838,0.0014604349919409287,443.0,-897.0,1.5711132940246881,0.008097557495423624,0.29186286042645115,114.75230924239027,29.320859423324393,TRACK
55.292,443.0017922788268,-901.5734973427424,1.5783653704227913,1.5636107936340966,0.0050904012409966875,0.7084114035487346,0.7084296922508841,443.0,-901.5734973427424,0.0017922788268265322,443.0,-897.0,1.5711882104237178,-0.007177159999073535,0.29157030774911585,84.97786318359864,59.04615038957759,TRACK
55.344,443.0023066324601,-901.5366197108804,1.5788261358309132,1.5612426086201052,0.006770756415154951,0.7086822421471454,0.7087145853424625,443.0,-901.5366197108804,0.002306632460090441,443.0,-897.0,1.5713047741429935,-0.007521361687919725,0.29128541465753754,84.97786318359864,59.04615038957759,TRACK
55.392,443.0028130526386,-901.5025679794926,1.5718222067379852,1.5593802441188551,0.008093638804821699,0.708937332098071,0.7089835314246964,443.0,-901.5025679794926,0.002813052638600766,443.0,-897.0,1.5714210929917434,-0.0004011137462418546,0.2910164685753036,31.291929993280064,112.67209389076675,TRACK
55.444,443.0032025243609,-901.4656683196027,1.5722625864912816,1.5596819836929243,0.007882309507944862,0.7091723612762321,0.7092161650733052,443.0,-901.4656683196027,0.003202524360915504,443.0,-897.0,1.5715134700269284,-0.0007491164643531611,0.2907838349266948,31.291929993280064,112.67209389076675,TRACK
55.492,443.00335876754275,-901.431599065262,1.5648248539268736,1.561968083567828,0.006262774381039005,0.7093836810637618,0.7094113258910664,443.0,-901.431599065262,0.0033587675427497743,443.0,-897.0,1.5715542398755158,0.0067293859486421415,0.29058867410893363,85.83201592729606,58.12890766387682,TRACK
55.544,443.00349922449425,-901.3946829823734,1.572402681803993,1.5637271416347245,0.00501618667507174,0.7095730275188176,0.7095907577688564,443.0,-901.3946829823734,0.003499224494248665,443.0,-897.0,1.5715925671081985,-0.000810114695794395,0.2904092422311436,85.83201592729606,58.12890766387682,TRACK
55.592,443.0036493637408,-901.3606004022733,1.572478753091622,1.564659961153036,0.0043552866782750515,0.7097412811168402,0.7097546439745382,443.0,-901.3606004022733,0.003649363740805711,443.0,-897.0,1.5716332213855835,-0.0008455317060385159,0.29024535602546175,72.00292103063303,72.02487984743537,TRACK
55.644,443.00381193944884,-901.3236718146434,1.5726133615311166,1.5652670786913667,0.003925195914170487,0.7098896340815338,0.7099004858002131,443.0,-901.3236718146434,0.00381193944883762,443.0,-897.0,1.5716779705978003,-0.0009353909333162935,0.29009951419978686,72.00292103063303,72.02487984743537,TRACK
55.692,443.0039284141125,-901.2895795349481,1.5651608314326007,1.566006804960431,0.003400671766910882,0.7100178015978902,0.7100259454092979,443.0,-901.2895795349481,0.003928414112522205,443.0,-897.0,1.5717121305426223,0.006551299110021613,0.28997405459070213,71.70481911569593,72.33879337977217,TRACK
55.744,443.00401816972317,-901.2526426897681,1.5804849858347338,1.5668328747224047,0.002814560950911493,0.7101249520577272,0.7101305297537459,443.0,-901.2526426897681,0.004018169723167375,443.0,-897.0,1.571741190687899,-0.008743795146834765,0.2898694702462541,71.70481911569593,72.33879337977217,TRACK
55.792,443.00408216652164,-901.2185448418841,1.5729883018630388,1.5675633456417533,0.0022961079402981062,0.7102113596585805,0.7102150712986617,443.0,-901.2185448418841,0.004082166521641284,443.0,-897.0,1.5717639982077847,-0.0012243036552541664,0.2897849287013383,45.371830621316995,98.71452406273178,TRACK
55.844,443.00404480414204,-901.1816042415976,1.573021507439865,1.5690491309523056,0.0012409926061881403,0.7102760395524015,0.7102771236812384,443.0,-901.1816042415976,0.004044804142040448,443.0,-897.0,1.5717636117522606,-0.0012578956876043712,0.2897228763187616,45.371830621316995,98.71452406273178,TRACK
55.892,443.00390979778246,-901.1475050727162,1.565222929594,1.5710466032544657,-0.00017777617795219133,0.7103191988027799,0.7103192210493763,443.0,-901.1475050727162,0.003909797782455371,443.0,-897.0,1.571739013194491,0.006516083600491163,0.2896807789506237,86.62559952943731,57.52013663391482,TRACK
55.944,443.00378978588947,-901.1105648487298,1.5649915436710438,1.5720961573972276,-0.0009233268723237361,0.7103436022067545,0.7103442022911013,443.0,-901.1105648487298,0.003789785889466657,443.0,-897.0,1.5717182888500256,0.006726745178981863,0.2896557977088987,86.62559952943731,57.52013663391482,TRACK
55.992,443.00374339376725,-901.0764675324026,1.572511522897826,1.5721174196819243,-0.0009384383581608089,0.7103496063204607,0.7103502262026709,443.0,-901.0764675324026,0.003743393767251746,443.0,-897.0,1.5717146200684908,-0.0007969028293350888,0.28964977379732915,98.76965839235015,45.44391238214116,TRACK
56.044,443.00375510174297,-901.0395312240422,1.572538447093413,1.571544114312903,-0.0005311812501004406,0.7103370119186574,0.710337210524021,443.0,-901.0395312240422,0.0037551017429677813,443.0,-897.0,1.5717259150201295,-0.0008125320732834673,0.289662789475979,98.76965839235015,45.44391238214116,TRACK
56.092,443.0038500690718,-901.0054393338044,1.5651581812814281,1.5703075200208396,0.0003472022935205132,0.7103057573980798,0.710305842255498,443.0,-901.0054393338044,0.003850069071802409,443.0,-897.0,1.5717575366810594,0.0065993553996313015,0.289694157744502,57.0400659407127,87.24746280483384,TRACK
56.144,443.0039368213598,-900.9685109777438,1.5807066248575161,1.5696564674656495,0.0008095911214524465,0.7102549850241346,0.7102554464341809,443.0,-900.9685109777438,0.003936821359786791,443.0,-897.0,1.571788341202937,-0.00891828365457914,0.2897445535658191,57.0400659407127,87.24746280483384,TRACK
56.192,443.00391318947277,-900.934428495008,1.5732255673097324,1.570297979275417,0.000353918386105042,0.7101838435476401,0.7101839317348169,443.0,-900.934428495008,0.003913189472768863,443.0,-897.0,1.5717909282185552,-0.0014346390911772477,0.28981606826518314,44.6625307034868,99.7112357969076,TRACK
56.244,443.0037339115882,-900.897512483169,1.5732204758353134,1.5721716832299917,-0.0009766311182510582,0.7100926549147933,0.7100933265228458,443.0,-900.897512483169,0.0037339115881991347,443.0,-897.0,1.5717543507812168,-0.0014661250540966009,0.28990667347715415,44.6625307034868,99.7112357969076,TRACK
56.292,443.0034340855314,-900.8634431840934,1.5653420641663394,1.5747697039478143,-0.002821041890951659,0.7099821981205593,0.7099878026596314,443.0,-900.8634431840934,0.0034340855314098917,443.0,-897.0,1.5716851931411506,0.006343128974811263,0.29001219734036865,86.42272648618852,58.05522568122978,TRACK
56.344,443.0031129253628,-900.8265427952865,1.5650797342021865,1.5764246339443972,-0.003995332210054419,0.7098564303631658,0.7098676738712679,443.0,-900.8265427952865,0.003112925362813712,443.0,-897.0,1.5716098351868428,0.00653010098465634,0.2901323261287321,86.42272648618852,58.05522568122978,TRACK
56.392,443.00287612795404,-900.7924889745123,1.5726008557085367,1.5768882868251488,-0.004323613708850766,0.709715789548369,0.7097289592300488,443.0,-900.7924889745123,0.0028761279540390206,443.0,-897.0,1.571554701419578,-0.0010461542889586006,0.29027104076995125,98.68855117301565,45.88688235563269,TRACK
56.444,443.0026968959459,-900.7556068665214,1.572609756927384,1.5764571222755706,-0.004016718196190884,0.7095602208374402,0.7095715897779057,443.0,-900.7556068665214,0.002696895945916822,443.0,-897.0,1.5715144252482764,-0.0010953316791075807,0.2904284102220943,98.68855117301565,45.88688235563269,TRACK
56.492,443.00264344676646,-900.7215713397204,1.580509539364267,1.5750261342716034,-0.003000600427760812,0.7093898598012458,0.7093962057917693,443.0,-900.7215713397204,0.0026434467664557815,443.0,-897.0,1.5715066306102972,-0.009002908753969807,0.2906037942082307,56.662151650541645,88.0284669090169,TRACK
56.544,443.00260283269864,-900.6847105203146,1.580759959448723,1.5739318752806968,-0.0022237541960216864,0.7092050779481383,0.7092085642955457,443.0,-900.6847105203146,0.0026028326986420325,443.0,-897.0,1.5715027139727682,-0.009257245475954745,0.2907914357044543,56.662151650541645,88.0284669090169,TRACK
56.592,443.00248806020795,-900.6506959584282,1.5731766548710153,1.5740153610669803,-0.0022823229720288617,0.7090061477550903,0.7090098211961958,443.0,-900.6506959584282,0.002488060207952003,443.0,-897.0,1.5714778570705108,-0.0016987978005045257,0.2909901788038042,44.28414701355926,100.52859831550863,TRACK
56.644,443.0022248569715,-900.6138590643396,1.573150274855339,1.5753886969390707,-0.0032550701771090883,0.7087946293290439,0.7088021035857291,443.0,-900.6138590643396,0.0022248569715088706,443.0,-897.0,1.5714119724664102,-0.001738302388928803,0.29119789641427085,44.28414701355926,100.52859831550863,TRACK
56.692,443.00184632281764,-900.5798674488639,1.5651809264777354,1.5776775798787315,-0.004875940487070225,0.7085720385746938,0.7085888149311494,443.0,-900.5798674488639,0.0018463228176415214,443.0,-897.0,1.5713120784757362,0.006131151998000739,0.29141118506885055,86.38498629268257,58.533491367275914,TRACK
56.744,443.00142682498614,-900.5430558879284,1.5648790256049043,1.5792565929941487,-0.005992904413239054,0.7083419467545455,0.7083672976890771,443.0,-900.5430558879284,0.0014268249861402182,443.0,-897.0,1.5711990370411193,0.006320011436214967,0.29163270231092286,86.38498629268257,58.533491367275914,TRACK
56.792,443.00108095562587,-900.5090879898839,1.5724208634064145,1.5798587929295482,-0.006417351953935524,0.7081048552980463,0.7081339340144404,443.0,-900.5090879898839,0.0010809556258664088,443.0,-897.0,1.571104371390755,-0.0013164920156594206,0.29186606598555964,98.72589614623196,46.28786077650814,TRACK
56.844,443.00076702415544,-900.4723028462669,1.5646416229739668,1.5796739435512794,-0.006284279051797864,0.7078604687509121,0.7078883636446229,443.0,-900.4723028462669,0.000767024155436502,443.0,-897.0,1.5710172246188825,0.006375601644915685,0.29211163635537707,98.72589614623196,46.28786077650814,TRACK
56.892,443.00058417502987,-900.4383600734893,1.580285775689487,1.5784530309299825,-0.00541805625758074,0.7076086895243863,0.7076294318525973,443.0,-900.4383600734893,0.0005841750298714032,443.0,-897.0,1.570966226110781,-0.009319549578705955,0.2923705681474027,82.74543508918822,62.385968741861774,TRACK
56.944,443.00048314806025,-900.4016027181864,1.580565993323267,1.5767363435872892,-0.004201725786001219,0.7073509242683256,0.7073634034658813,443.0,-900.4016027181864,0.00048314806025473445,443.0,-897.0,1.570938362210856,-0.00962763111241105,0.29263659653411866,82.74543508918822,62.385968741861774,TRACK
56.992,443.00043265474517,-900.3676859048516,1.57316060767529,1.5751794890992137,-0.003099302183406083,0.7070881980075132,0.7070949903906378,443.0,-900.3676859048516,0.0004326547451682927,443.0,-897.0,1.5709247992103808,-0.002235808464909228,0.29290500960936217,28.188074219042143,117.06997757853807,TRACK
57.044,443.00023479454245,-900.3309572167731,1.573401649983827,1.5755305935518875,-0.0033462977836616887,0.7068196523100607,0.7068275734580337,443.0,-900.3309572167731,0.00023479454245034503,443.0,-897.0,1.5708668154042607,-0.0025348345795663807,0.2931724265419663,28.188074219042143,117.06997757853807,TRACK
57.092,442.9998812005442,-900.2970673365247,1.5810553714420232,1.5775238550242476,-0.004753383129785919,0.7065464841457686,0.7065624734656698,443.0,-900.2970673365247,0.00011879945577675244,443.0,-897.0,1.5707602949388257,-0.010295076503197498,0.2934375265343302,84.6379460972753,60.71384980688215,TRACK
57.144,442.99951701779645,-900.2603673656687,1.5652900662728277,1.5786414597559872,-0.005540929067452482,0.7062742493026745,0.7062959840767798,443.0,-900.2603673656687,0.0004829822035503639,443.0,-897.0,1.5706481894392406,0.00535812316641282,0.29370401592322015,84.6379460972753,60.71384980688215,TRACK
57.192,442.9992285342861,-900.2265034185485,1.572907629046125,1.578877037939593,-0.005705129490219311,0.7060028764645125,0.7060259273416706,443.0,-900.2265034185485,0.000771465713910402,443.0,-897.0,1.5705572240886128,-0.0023504049575122643,0.2939740726583294,97.2639287761144,48.16608751408622,TRACK
57.244,442.9989619646703,-900.1898315280994,1.5729037693306265,1.578593113682376,-0.005502552736549336,0.7057319015712563,0.7057533527954365,443.0,-900.1898315280994,0.0010380353297136935,443.0,-897.0,1.5704709066954563,-0.0024328626351701743,0.2942466472045635,97.2639287761144,48.16608751408622,TRACK
57.292,442.9987951232473,-900.1559935246332,1.5808731442687147,1.5775906589489226,-0.004793211321328298,0.7054611779619777,0.7054774613595194,443.0,-900.1559935246332,0.0012048767526948723,443.0,-897.0,1.5704145526610929,-0.010458591607621859,0.2945225386404806,54.86844135051521,90.65654248720048,TRACK
57.344,442.9986002268187,-900.1193497777463,1.5810853965920975,1.5770745351534161,-0.004427390243547348,0.7051903697221757,0.7052042678070429,443.0,-900.1193497777463,0.0013997731812764869,443.0,-897.0,1.570347588055398,-0.010737808536699367,0.29479573219295707,54.86844135051521,90.65654248720048,TRACK
57.392,442.998339564977,-900.0855377153026,1.5733488956269692,1.5775749534963321,-0.0047784629207568655,0.7049200289709773,0.7049362247411666,443.0,-900.0855377153026,0.0016604350229840747,443.0,-897.0,1.5702581921111207,-0.003090703515848503,0.2950637752588334,42.317980712713805,103.29845684730209,TRACK
57.444,442.9979395139967,-900.0489217383092,1.5732593280517726,1.5790252443696116,-0.005798651727553433,0.7046517101328875,0.7046755685810744,443.0,-900.0489217383092,0.0020604860033017758,443.0,-897.0,1.5701205187989988,-0.0031388092527737665,0.2953244314189256,42.317980712713805,103.29845684730209,TRACK
57.492,442.9974725775862,-900.0151347511348,1.5807012509020075,1.5809805290202135,-0.007173868282628119,0.7043870597328924,0.7044235901112951,443.0,-900.0151347511348,0.002527422413777458,443.0,-897.0,1.5699580817311038,-0.010743169170903677,0.2955764098887049,84.95409420697467,60.724231359661445,TRACK
57.544,442.99701276546546,-899.9785449283129,1.5647222405563959,1.5818136078592286,-0.0077579036580975366,0.704129242435675,0.7041719783704872,443.0,-899.9785449283129,0.002987234534543859,443.0,-895.0,1.5701963052586718,0.00547406470227596,0.2958280216295128,84.95409420697467,60.724231359661445,TRACK
57.592,442.9966689051755,-899.9447811822738,1.5722229634261786,1.5815221380623756,-0.007549951991945898,0.7038779891181755,0.7039184791864233,443.0,-899.9447811822738,0.0033310948244889005,443.0,-895.0,1.5701226682045977,-0.00210029522158095,0.29608152081357675,98.99841358599014,46.73326128781452,TRACK
57.644,442.9963832296177,-899.9082159610567,1.5721201720611457,1.580503195098384,-0.006830285049126741,0.7036327588109705,0.7036659094099911,443.0,-899.9082159610567,0.0036167703822798103,443.0,-895.0,1.5700594460715647,-0.0020607259895810692,0.2963340905900089,98.99841358599014,46.73326128781452,TRACK
57.692,442.9962364488406,-899.8744743772504,1.5643453696981808,1.5786295634015068,-0.005509961781832407,0.7033936751481901,0.7034152556757031,443.0,-899.8744743772504,0.003763551159408962,443.0,-895.0,1.5700242332068945,0.005678863508713716,0.29658474432429693,56.01774560999456,89.7948050407746,TRACK
57.744,442.9960938886931,-899.8379323945371,1.5801519802197292,1.5772542332868784,-0.004541014612388146,0.7031615417242271,0.7031762044990586,443.0,-899.8379323945371,0.0039061113068896702,443.0,-895.0,1.5699889342685924,-0.010163045951136818,0.2968237955009414,56.01774560999456,89.7948050407746,TRACK
57.792,442.9958906538318,-899.8042114019768,1.5722870568154768,1.5771034639375003,-0.004433580361822354,0.7029372395399748,0.7029512211860113,443.0,-899.8042114019768,0.0041093461682066845,443.0,-895.0,1.569940963693198,-0.0023460931222787362,0.2970487788139887,43.626336516802894,102.2460150725899,TRACK
57.844,442.9955500278286,-899.7676906867969,1.5721341448762554,1.578159709270023,-0.005174502256776481,0.7027217117195707,0.7027407627252661,443.0,-899.7676906867969,0.004449972171414629,443.0,-895.0,1.569862966983715,-0.002271177892540388,0.2972592372747339,43.626336516802894,102.2460150725899,TRACK
57.892,442.99512929449793,-899.733988259251,1.5638821501336377,1.579950700784965,-0.006431273669609924,0.7025159801399309,0.7025454174877103,443.0,-899.733988259251,0.00487070550207136,443.0,-895.0,1.5697674472293728,0.0058852970957350426,0.29745458251228973,86.82943753880558,59.057017495087976,TRACK
57.944,442.99470958389486,-899.6974864195989,1.563455553314139,1.5807705014589895,-0.0070053030982094085,0.7023208462873307,0.7023557826353038,443.0,-899.6974864195989,0.005290416105140139,443.0,-895.0,1.569670104514334,0.006214551200194984,0.29764421736469615,86.82943753880558,59.057017495087976,TRACK
57.992,442.9944079686581,-899.6638004255777,1.5710146145074586,1.580413438780939,-0.006752724781913966,0.7021355898246576,0.7021680609301452,443.0,-899.6638004255777,0.005592031341905113,443.0,-895.0,1.569597298502132,-0.0014173160053265743,0.29783193906985483,99.8307689362671,46.065708411514606,TRACK
58.044,442.9941856175721,-899.6273155589015,1.5708621827836902,1.5791810388324392,-0.0058858649562866005,0.7019593513991342,0.7019840271850756,443.0,-899.6273155589015,0.0058143824279,443.0,-895.0,1.5695397927863939,-0.0013223899972962805,0.2980159728149244,99.8307689362671,46.065708411514606,TRACK
58.092,442.9941203575905,-899.5936445168879,1.578808370702054,1.5769257994540917,-0.004301666254267665,0.7017915930916798,0.701804776605803,443.0,-899.5936445168879,0.005879642409524877,443.0,-895.0,1.5695163759460473,-0.009291994756006616,0.298195223394197,57.082921127976704,88.85816455430682,TRACK
58.144,442.9940990962482,-899.557174791685,1.5789330713333654,1.5749853651434051,-0.002939188253718575,0.7016338397598272,0.7016399959549837,443.0,-899.557174791685,0.005900903751808073,443.0,-895.0,1.5695014674305736,-0.009431603902791741,0.2983600040450163,57.082921127976704,88.85816455430682,TRACK
58.192,442.9940334360344,-899.5235165201909,1.5710278173300765,1.5742022856875177,-0.002389244757256085,0.7014868921551606,0.7014909609938078,443.0,-899.5235165201909,0.005966563965614569,443.0,-895.0,1.5694773174624888,-0.0015504998675877069,0.2985090390061922,44.657434746414665,101.30969677248446,TRACK
58.244,442.99386021225376,-899.4870594128824,1.5708877683732514,1.5746730238014626,-0.0027189383848571468,0.7013508560156184,0.7013561262723677,443.0,-899.4870594128824,0.00613978774623547,443.0,-895.0,1.5694279954782433,-0.0014597728950080935,0.29864387372763235,44.657434746414665,101.30969677248446,TRACK
58.292,442.99359979165877,-899.4534117514719,1.5783855623859702,1.5760245682944563,-0.003666210122016807,0.701225587528809,0.7012351714665931,443.0,-899.4534117514719,0.006400208341233338,443.0,-895.0,1.5693591805591347,-0.009026381826835461,0.2987648285334069,88.13416744903118,57.81777176551684,TRACK
58.344,442.993346708916,-899.4169651568825,1.5622080480476965,1.5766248421334488,-0.004086478117017242,0.7011102493223317,0.7011221584062387,443.0,-899.4169651568825,0.006653291083978274,443.0,-895.0,1.5692900242057488,0.007081976158052283,0.2988778415937613,88.13416744903118,57.81777176551684,TRACK
58.392,442.99319124800616,-899.3833264082577,1.5698495037640285,1.5762024897927673,-0.0037897799105020497,0.7010042041149979,0.701014448223909,443.0,-899.3833264082577,0.006808751993844453,443.0,-895.0,1.5692429981390847,-0.0006065056249437983,0.298985551776091,101.15588313979217,44.78322340539436,TRACK
58.444,442.9931193612564,-899.3468886106697,1.5697367376057485,1.5750011529831567,-0.0029472100652468023,0.7009071395174911,0.7009133357796529,443.0,-899.3468886106697,0.006880638743609779,443.0,-895.0,1.5692134399042206,-0.000523297701527925,0.29908666422034713,101.15588313979217,44.78322340539436,TRACK
58.492,442.9931911609991,-899.3132571906865,1.577779961323241,1.5727827818248443,-0.0013921467516904902,0.7008187447303839,0.7008201274492972,443.0,-899.3132571906865,0.006808839000882472,443.0,-895.0,1.569217744057034,-0.008562217266206984,0.2991798725507028,58.046084612967235,87.90064874206482,TRACK
58.544,442.99332686974236,-899.2768261691314,1.577956455804149,1.5707841556147033,8.528844773373376e-06,0.7007409830035201,0.7007409830554231,443.0,-899.2768261691314,0.006673130257638604,443.0,-895.0,1.569236028438492,-0.008720427365656924,0.2992590169445769,58.046084612967235,87.90064874206482,TRACK
58.592,442.99341621800227,-899.2431997042046,1.5700645875596737,1.5698586001049502,0.0006570414775792813,0.7006746123767398,0.7006749204394274,443.0,-899.2431997042046,0.00658378199773324,443.0,-895.0,1.5692447201835555,-0.0008198673761181663,0.29932507956057264,45.443320722749746,100.49424507572195,TRACK
58.644,442.99342494242956,-899.2067729035258,1.569983050183475,1.5701029412779197,0.0004857990671797745,0.7006188872289953,0.7006190556520208,443.0,-899.2067729035258,0.006575057570444187,443.0,-895.0,1.5692333586083016,-0.0007496915751734612,0.29938094434797924,45.443320722749746,100.49424507572195,TRACK
58.692,442.9933446484325,-899.1731495200493,1.5617236180085967,1.5711813084298056,-0.000269707668009567,0.7005727812152609,0.700572833131511,443.0,-899.1731495200493,0.006655351567474099,443.0,-895.0,1.5692015251006108,0.007477907092014124,0.299427166868489,89.08767970316433,56.81917290819288,TRACK
58.744,442.9932931521643,-899.1367254376784,1.56138556266792,1.5715413571384858,-0.000521919481795159,0.7005344006709769,0.7005345950939114,443.0,-899.1367254376784,0.006706847835687313,443.0,-895.0,1.5691750342870394,0.007789471619119359,0.29946540490608864,89.08767970316433,56.81917290819288,TRACK
58.792,442.9933267020562,-899.1031040278035,1.569145164445923,1.570931391127455,-9.461303476034864e-05,0.7005034741069738,0.700503480496397,443.0,-899.1031040278035,0.006673297943791567,443.0,-895.0,1.5691699259007086,2.476145478569336e-05,0.299496519503603,102.09920257235035,43.783878983635134,TRACK
58.844,442.9934557856134,-899.0666813032705,1.5691013883169804,1.5696437848798293,0.0008073331622001651,0.7004802117573979,0.7004806770001039,443.0,-899.0666813032705,0.006544214386622116,443.0,-895.0,1.5691871009299696,8.571261298917499e-05,0.29951932299989614,102.09920257235035,43.783878983635134,TRACK
58.892,442.9937051484121,-899.0330604065323,1.5772686146924826,1.567451363285806,0.0023430369629132072,0.7004645096914616,0.700468428381686,443.0,-899.0330604065323,0.006294851587881567,443.0,-895.0,1.5692355154403261,-0.00803309925215645,0.299531571618314,58.646275415088866,87.2151137898725,TRACK
58.944,442.9940240123874,-898.996637208335,1.5775184266056683,1.56555812562107,0.003669173859513644,0.7004580730122244,0.7004676829696072,443.0,-898.996637208335,0.005975987612600875,443.0,-895.0,1.5693010739492115,-0.008217352656456844,0.29953231703039285,58.646275415088866,87.2151137898725,TRACK
58.992,442.9942717576472,-898.9630148169222,1.5696718452390568,1.5648125693448964,0.0041914388613822785,0.7004610181762067,0.7004735584903807,443.0,-898.9630148169222,0.005728242352802226,443.0,-895.0,1.5693509023823773,-0.00032094285667949585,0.29952644150961927,45.868187367064266,99.9549525928377,TRACK
59.044,442.9944435110099,-898.926589303032,1.56965164733076,1.5652565890283665,0.0038804675086982947,0.7004713899217061,0.7004821383353989,443.0,-898.926589303032,0.005556488990123398,443.0,-895.0,1.5693812347512996,-0.00027041257946036623,0.29951786166460115,45.868187367064266,99.9549525928377,TRACK
59.092,442.99451010852613,-898.8929644669845,1.5774083847178115,1.5665023282802633,0.003007910769990875,0.7004874996285362,0.7004939576206484,443.0,-898.8929644669845,0.005489891473871467,443.0,-895.0,1.5693861192573741,-0.008022265460437383,0.29950604237935163,89.64709929751939,56.146794037792574,TRACK
59.144,442.9946169309517,-898.8565361611055,1.5691359118096984,1.566978913696208,0.0026741390955454503,0.7005073950978735,0.7005124992508774,443.0,-898.8565361611055,0.0053830690483209764,443.0,-895.0,1.5694004976551115,0.00026458584541311225,0.29948750074912256,89.64709929751939,56.146794037792574,TRACK
59.192,442.99479990584194,-898.8229085172804,1.5690415197676417,1.566410566606402,0.003072382320287413,0.7005313763714154,0.7005381137482468,443.0,-898.8229085172804,0.00520009415805589,443.0,-895.0,1.569436082120622,0.0003945623529801878,0.2994618862517532,75.43814475687665,70.33539414585024,TRACK
59.244,442.9950616853278,-898.7864765326076,1.560956415131817,1.5654306391817518,0.00375902581691321,0.7005606760932627,0.7005707609965902,443.0,-898.7864765326076,0.004938314672187971,443.0,-895.0,1.5694921296528435,0.008535714521026527,0.2994292390034098,75.43814475687665,70.33539414585024,TRACK
59.292,442.9953144002683,-898.7528447889537,1.57701406465125,1.5646786398429495,0.0042860798886075364,0.7005959036038693,0.7006090140922636,443.0,-898.7528447889537,0.004685599731715229,443.0,-895.0,1.56954778134192,-0.0074662833093299685,0.2993909859077364,102.52307055812064,43.21398790156003,TRACK
59.344,442.9956203460798,-898.7164077860693,1.57708541846017,1.56388100612392,0.004845202582144577,0.7006363952177936,0.7006531483493429,443.0,-898.7164077860693,0.004379653920182136,443.0,-895.0,1.569617863035041,-0.007467555425128891,0.2993468516506571,102.52307055812064,43.21398790156003,TRACK
59.392,442.9960271377281,-898.6827710163093,1.5693330631609825,1.5620685194504267,0.0061155707804950495,0.7006817697252604,0.7007084576564594,443.0,-898.6827710163093,0.003972862271893973,443.0,-895.0,1.5697175573810045,0.0003844942200219581,0.2992915423435406,31.327348385975363,114.3732045962133,TRACK
59.444,442.99641646865734,-898.646327782106,1.5696087209495186,1.5613841654473128,0.006595617646423626,0.7007341497664502,0.7007651895043359,443.0,-898.646327782106,0.003583531342655988,443.0,-895.0,1.5698135489419234,0.00020482799240473248,0.29923481049566414,31.327348385975363,114.3732045962133,TRACK
59.492,442.99663261535466,-898.6126846757684,1.5776112129083337,1.5624299521800478,0.005863221138075805,0.7007915143935438,0.7008160414888565,443.0,-898.6126846757684,0.0033673846453439182,443.0,-895.0,1.5698642267163252,-0.0077469861920085314,0.29918395851114354,89.68761044524659,55.96640200654873,TRACK
59.544,442.99690845595967,-898.5762348865755,1.5613501128957952,1.5627095851931747,0.005667713196570248,0.700849603922927,0.7008725207138614,443.0,-898.5762348865755,0.0030915440403305183,443.0,-895.0,1.5699318580538122,0.008581745158017018,0.2991274792861386,89.68761044524659,55.96640200654873,TRACK
59.592,442.99724579389,-898.5425860225837,1.5693769615837097,1.5620311147783972,0.006143769319675762,0.7009085424905177,0.7009354683832423,443.0,-898.5425860225837,0.002754206110012092,443.0,-895.0,1.570018870570111,0.0006419089864013738,0.2990645316167577,102.75621921644067,42.88579155870771,TRACK
59.644,442.99768827501106,-898.5061296678754,1.5694913268565576,1.5608508799553265,0.006971688372681509,0.7009698631556127,0.7010045317194207,443.0,-898.5061296678754,0.0023117249889423874,443.0,-895.0,1.570136988757535,0.0006456619009773679,0.2989954682805793,102.75621921644067,42.88579155870771,TRACK
59.692,442.9981976652915,-898.4724742620512,1.5779165820931416,1.559034391613016,0.008245901570568172,0.7010344118527431,0.7010829062917117,443.0,-898.4724742620512,0.0018023347084863417,443.0,-895.0,1.570277292120879,-0.007639289972262597,0.29891709370828834,58.82938393854306,86.76788480937546,TRACK
59.744,442.9987564834469,-898.4360102892398,1.570304933798055,1.5577873992453672,0.00912111206690963,0.7011029539346033,0.7011622827143255,443.0,-898.4360102892398,0.0012435165530746417,443.0,-895.0,1.5704344197008817,0.00012948590282668704,0.29883771728567454,58.82938393854306,86.76788480937546,TRACK
59.792,442.99918326929964,-898.4023475468796,1.570520801202629,1.5579033833805744,0.009040703019502414,0.7011744164340266,0.7012326978775908,443.0,-898.4023475468796,0.0008167307003645874,443.0,-895.0,1.5705562776307758,3.547642814671903e-05,0.2987673021224092,73.04651062113736,72.5009835126644,TRACK
59.844,442.9996073650546,-898.3658757743938,1.5707186345923339,1.5583463579520183,0.008730947621098172,0.7012464547212317,0.7013008054361971,443.0,-898.3658757743938,0.00039263494539909516,443.0,-895.0,1.570679675150589,-3.8959441744923495e-05,0.2986991945638029,73.04651062113736,72.5009835126644,TRACK
59.892,442.9999774168188,-898.3322060928497,1.5628155969383382,1.5588573650764916,0.008373410067725611,0.7013182901611676,0.7013682756660341,443.0,-898.3322060928497,2.2583181191748736e-05,443.0,-895.0,1.5707895495486632,0.007973952610325075,0.2986317243339659,73.51225906408511,72.03268282006916,TRACK
59.944,443.00037309055693,-898.2957267496271,1.5711459532100047,1.5592399408002078,0.008105905166022775,0.7013909295260744,0.7014377675318112,443.0,-898.2957267496271,0.0003730905569341303,443.0,-895.0,1.5709095311299899,-0.000236422080014842,0.2985622324681888,73.51225906408511,72.03268282006916,TRACK
59.992,443.0007382778399,-898.2620497710191,1.5712917409039902,1.5594895335940537,0.007931662296211495,0.7014654065420411,0.701510247852426,443.0,-898.2620497710191,0.0007382778399005474,443.0,-895.0,1.5710226500821298,-0.0002690908218603294,0.298489752147574,73.16910661095511,72.35614255767615,TRACK
60.044,443.0011390596788,-898.2255622439276,1.571460396395489,1.5596026611182359,0.007853150561998583,0.7015416389065265,0.7015855921364155,443.0,-898.2255622439276,0.0011390596787919094,443.0,-895.0,1.5711494620145277,-0.000310934380961303,0.29841440786358453,73.16910661095511,72.35614255767615,TRACK
60.092,443.00151776863754,-898.1918775603781,1.5797630691424909,1.5595856388535063,0.007865967356177318,0.7016195495043026,0.7016636414187848,443.0,-898.1918775603781,0.0015177686375409394,443.0,-895.0,1.5712718364265903,-0.008491232715900576,0.2983363585812152,73.29588772384731,72.19576259044648,TRACK
60.144,443.0019253188286,-898.1553815652189,1.5799235084025416,1.5596011009505062,0.007856005067662552,0.701698828441357,0.7017428037761385,443.0,-898.1553815652189,0.0019253188286256773,443.0,-895.0,1.571406496611096,-0.008517011791445483,0.2982571962238615,73.29588772384731,72.19576259044648,TRACK
60.192,443.0022949735246,-898.1216889188438,1.5719526633909484,1.5596796191068583,0.007801802118887697,0.7017797849721935,0.7018231505955902,443.0,-898.1216889188438,0.002294973524612942,443.0,-895.0,1.5715314971372394,-0.0004211662537090266,0.2981768494044098,45.46910620550419,99.98894197953531,TRACK
60.244,443.0025775421422,-898.0851842608886,1.572026091025133,1.560861534507975,0.006973075534149346,0.7018612887766773,0.7018959270900946,443.0,-898.0851842608886,0.0025775421422054023,443.0,-895.0,1.5716317846880221,-0.00039430633711079466,0.29810407290990537,45.46910620550419,99.98894197953531,TRACK
60.292,443.0027126845492,-898.0514837543152,1.5800099537981165,1.5629355728582823,0.00551791248139222,0.7019426981357775,0.7019643857235832,443.0,-898.0514837543152,0.0027126845491807217,443.0,-895.0,1.5716852988665189,-0.00832465493159762,0.2980356142764168,89.65532726526548,55.78301021402042,TRACK
60.344,443.002859384647,-898.0149704283004,1.5635528313615397,1.564280918550211,0.004574047617622009,0.7020255250414218,0.7020404259879143,443.0,-898.0149704283004,0.002859384647024399,443.0,-895.0,1.5717447220968503,0.00819189073531068,0.2979595740120857,89.65532726526548,55.78301021402042,TRACK
60.392,443.0030511630618,-897.9812614747112,1.5716433883484766,1.5645701624690318,0.004371515225844941,0.7021110445315849,0.7021246534616221,443.0,-897.9812614747112,0.003051163061797979,443.0,-893.0,1.571408854905637,-0.00023453344283952404,0.2978753465383779,102.52660408822464,42.897822249983165,TRACK
60.444,443.00332826289514,-897.9447385280455,1.5717347033667155,1.5640938041096564,0.0047065799288976955,0.7021997045803278,0.7022154776187483,443.0,-897.9447385280455,0.003328262895138323,443.0,-893.0,1.5714694184808644,-0.00026528488585109145,0.29778452238125175,102.52660408822464,42.897822249983165,TRACK
60.492,443.00369244010614,-897.91102026695,1.5802237542192563,1.562659243345544,0.005714735783971615,0.7022921284651292,0.7023153792344022,443.0,-897.91102026695,0.003692440106135564,443.0,-893.0,1.5715481948812897,-0.008675559337966599,0.29768462076559776,56.395166138367586,88.97206908336938,TRACK
60.544,443.00410128274643,-897.8744870470288,1.5805956761453444,1.5615902550289908,0.006466403723120955,0.7023865560491362,0.7024163213477295,443.0,-897.8744870470288,0.004101282746432844,443.0,-893.0,1.571637703895518,-0.008957972249826307,0.29758367865227053,56.395166138367586,88.97206908336938,TRACK
60.592,443.0043933216784,-897.8407596047375,1.572668394787995,1.5617819254233247,0.006332612965465398,0.7024805281389712,0.7025090706897515,443.0,-897.8407596047375,0.00439332167837847,443.0,-893.0,1.5717038951996254,-0.0009644995883695273,0.29749092931024845,43.79839280763652,101.51233746839655,TRACK
60.644,443.00456705089044,-897.804217037838,1.572741449159281,1.563273353361988,0.0052855296626064426,0.7025719281906142,0.7025918097339962,443.0,-897.804217037838,0.004567050890443625,443.0,-893.0,1.571746960265183,-0.0009944888940980334,0.29740819026600385,43.79839280763652,101.51233746839655,TRACK
60.692,443.00459083939006,-897.7704814774646,1.5807535980952339,1.5656601026570618,0.0036090520904098525,0.7026602143801467,0.7026694828507533,443.0,-897.7704814774646,0.004590839390061774,443.0,-893.0,1.5717586694839,-0.008994928611333775,0.29733051714924674,88.43067806312185,56.87779868131459,TRACK
60.744,443.00460800428544,-897.7339300056736,1.572354755974204,1.567293784734561,0.002461416808455591,0.7027486610171001,0.7027529716294567,443.0,-897.7339300056736,0.004608004285444167,443.0,-893.0,1.5717697258152774,-0.000585030158926525,0.2972470283705433,88.43067806312185,56.87779868131459,TRACK
60.792,443.00466695467907,-897.700185677245,1.5722920978291604,1.5679083797229165,0.0020297675456608347,0.7028390244530971,0.7028419553857543,443.0,-897.700185677245,0.004666954679066748,443.0,-893.0,1.5717892563227511,-0.000502841506409224,0.29715804461424566,73.76345890487266,71.53413405179924,TRACK
60.844,443.0047518687468,-897.66362429271,1.5722783817027413,1.5681063334632,0.0018908858989034856,0.7029316079573387,0.7029341511941017,443.0,-897.66362429271,0.004751868746780019,443.0,-893.0,1.5718152483040204,-0.0004631333987208386,0.29706584880589826,73.76345890487266,71.53413405179924,TRACK
60.892,443.0048067638241,-897.6298705778311,1.5804884352983817,1.5684787046370472,0.0016293524396891969,0.7030263828309973,0.703028270943501,443.0,-897.6298705778311,0.004806763824092286,443.0,-893.0,1.5718345333745969,-0.00865390192378479,0.29697172905649905,73.32788281241228,71.92193418695005,TRACK
60.944,443.0048341876335,-897.5932988516224,1.5804952961966685,1.5690275592758227,0.001243662418293616,0.7031229983214422,0.7031240981965741,443.0,-897.5932988516224,0.004834187633491638,443.0,-893.0,1.571848769931041,-0.008646526265627452,0.29687590180342593,73.32788281241228,71.92193418695005,TRACK
60.992,443.0048389184404,-897.559535334521,1.572281140953339,1.569597736133303,0.0008428760388182026,0.7032222611067815,0.7032227662385165,443.0,-897.559535334521,0.004838918440384532,443.0,-893.0,1.5718576008653162,-0.0004235400880228113,0.29677723376148346,45.17979921519513,100.03195150094474,TRACK
61.044,443.00472858409665,-897.5229527324504,1.5722192285119452,1.5710732485379422,-0.00019476558064826098,0.7033235221173604,0.7033235490847726,443.0,-897.5229527324504,0.004728584096653776,443.0,-893.0,1.571841790378886,-0.000377438133059238,0.29667645091522743,45.17979921519513,100.03195150094474,TRACK
61.092,443.00451749408694,-897.4891789710397,1.5801299616268472,1.573164435769085,-0.0016657956149166298,0.7034272996631463,0.7034292720568405,443.0,-897.4891789710397,0.0045174940869401325,443.0,-893.0,1.5718026338704658,-0.008327327756381342,0.29657072794315953,89.80841777322976,55.363069069843164,TRACK
61.144,443.0043154931429,-897.452584756296,1.5633975146165708,1.5742679084755256,-0.0024423888885416194,0.7035349594019205,0.7035391988824394,443.0,-897.452584756296,0.004315493142883042,443.0,-893.0,1.571765537271014,0.008368022654443141,0.29646080111756057,89.80841777322976,55.363069069843164,TRACK
61.192,443.0042086090215,-897.4187997953527,1.5714521210103347,1.5741601004817636,-0.002366916162817246,0.703646397156192,0.7036503780450994,443.0,-897.4187997953527,0.00420860902147524,443.0,-893.0,1.5717487591167503,0.00029663810641555877,0.29634962195490056,102.90954535472477,42.212579987373914,TRACK
61.244,443.0041766046899,-897.3821932048098,1.5632140465461986,1.5732885172738098,-0.0017539092759348526,0.7037606714208714,0.7037628569600017,443.0,-897.3821932048098,0.004176604689916985,443.0,-893.0,1.5717494119808024,0.00853536543460387,0.29623714303999826,102.90954535472477,42.212579987373914,TRACK
61.292,443.0042563584527,-897.3483966732969,1.5634495291876245,1.5715897930944467,-0.0005585031755743586,0.7038774787056099,0.7038777002823455,443.0,-897.3483966732969,0.0042563584527215426,443.0,-893.0,1.5717751604692711,0.00832563128164665,0.29612229971765447,85.84989035544876,59.22969062808725,TRACK
61.344,443.0044205540725,-897.3117773069713,1.5802753912148595,1.5697421523758366,0.0007421357613771565,0.7039968652730427,0.7039972564433465,443.0,-897.3117773069713,0.0044205540725101855,443.0,-893.0,1.571821554261204,-0.008453836953655536,0.29600274355665346,85.84989035544876,59.22969062808725,TRACK
61.392,443.00458054013643,-897.2779687233299,1.5724740834218704,1.5684544633462456,0.001648953294314066,0.7041188848127977,0.7041208156254044,443.0,-897.2779687233299,0.0045805401364305,443.0,-893.0,1.5718670542083502,-0.0006070292135202937,0.2958791843745956,27.626829147617826,117.40585364492026,TRACK
61.444,443.0045665074923,-897.241336465437,1.5728193579596648,1.5694084934396875,0.0009773691520556177,0.7042405494071018,0.7042412276199654,443.0,-897.241336465437,0.004566507492313576,443.0,-893.0,1.5718729934930025,-0.0009463644666622972,0.29575877238003456,27.626829147617826,117.40585364492026,TRACK
61.492,443.0043424566063,-897.2075163428035,1.5645568283249875,1.5722138004584205,-0.0009984144282768632,0.7043614179840864,0.7043621255972835,443.0,-897.2075163428035,0.004342456606309497,443.0,-893.0,1.5718283976677567,0.00727156934276918,0.2956378744027165,87.40988088699049,57.57557099498006,TRACK
61.544,443.0040978538804,-897.1708711459771,1.5644058692276335,1.5740544867686486,-0.002295333879628408,0.7044852849441695,0.704489024229964,443.0,-897.1708711459771,0.00409785388040973,443.0,-893.0,1.5717788200003793,0.007372950772745801,0.29551097577003604,87.40988088699049,57.57557099498006,TRACK
61.592,443.0039274253968,-897.1370383922917,1.5726571269289535,1.574677411228837,-0.0027346747147750164,0.7046125975028861,0.704617904261281,443.0,-897.1370383922917,0.003927425396796025,443.0,-893.0,1.5717456591057288,-0.0009114678232247098,0.295382095738719,100.59655802232604,44.34672350436157,TRACK
61.644,443.00381018190785,-897.1003791907867,1.5727627308850567,1.5744383165160845,-0.00256667743249635,0.7047428138914176,0.7047474878029972,443.0,-897.1003791907867,0.003810181907851984,443.0,-893.0,1.5717255532478462,-0.0010371776372104513,0.29525251219700277,100.59655802232604,44.34672350436157,TRACK
61.692,443.00380553336214,-897.0665332271265,1.5813840628346376,1.5732112648966563,-0.0017022359769386813,0.7048763140522087,0.7048783694504671,443.0,-897.0665332271265,0.0038055333621400678,443.0,-893.0,1.5717321441210286,-0.009651918713609042,0.2951216305495329,55.164597334329514,89.72812948097415,TRACK
61.744,443.00380342067444,-897.029859578856,1.5735055555055724,1.5723859072572395,-0.0011206733983479232,0.7050114674930297,0.7050123581934865,443.0,-897.029859578856,0.003803420674444169,443.0,-893.0,1.5717401362430143,-0.0017654192625580212,0.2949876418065135,55.164597334329514,89.72812948097415,TRACK
61.792,443.0037089160645,-896.9960003815376,1.5736720754657538,1.5728065899605024,-0.001417533823022551,0.7051474343172112,0.7051488591257062,443.0,-896.9960003815376,0.0037089160645109587,443.0,-893.0,1.5717244836130493,-0.0019475918527045444,0.29485114087429376,69.61160630465689,75.23376414183853,TRACK
61.844,443.00355747962294,-896.9593121654541,1.5821410974205459,1.5735479431904076,-0.001940680726299761,0.7052857482525684,0.7052884182587055,443.0,-896.9593121654541,0.003557479622941173,443.0,-893.0,1.5716948360603797,-0.010446261360166131,0.2947115817412945,69.61160630465689,75.23376414183853,TRACK
61.892,443.0033709429833,-896.9254391818689,1.58223567819912,1.574512652110958,-0.002621605469616079,0.7054262416727908,0.705431113047785,443.0,-896.9254391818689,0.003370942983281111,443.0,-893.0,1.5716550694727172,-0.010580608726402874,0.29456888695221495,41.471188772364144,103.32038536185095,TRACK
61.944,443.0030195969291,-896.8887361321939,1.5655668397712084,1.5765630771270005,-0.004068872766036828,0.7055668145151843,0.7055785466343848,443.0,-896.8887361321939,0.003019596929107138,443.0,-893.0,1.571572824921684,0.006005985150475679,0.2944214533656152,41.471188772364144,103.32038536185095,TRACK
61.992,443.0025602902398,-896.8548494544436,1.5736610209483382,1.579289538942854,-0.005993878574231138,0.7057087880306114,0.7057342418247801,443.0,-896.8548494544436,0.0025602902397849903,443.0,-893.0,1.5714605005566924,-0.002200520391645755,0.29426575817521994,114.96990565364686,29.762859529357797,TRACK
62.044,443.0021029348799,-896.8181308554176,1.5734323021758247,1.5806767501555172,-0.0069743744572799415,0.7058551287411664,0.7058895839076242,443.0,-896.8181308554176,0.0021029348798720093,443.0,-893.0,1.57134710274964,-0.0020851994261847917,0.29411041609237576,114.96990565364686,29.762859529357797,TRACK
62.092,443.00188319479423,-896.784229159873,1.5652109425277685,1.579486710485193,-0.00613561485502573,0.7060056970278932,0.7060323576193166,443.0,-896.784229159873,0.0018831947942317129,443.0,-893.0,1.5712939696593256,0.006083027131557062,0.2939676423806834,54.216067480192066,90.4479178965561,TRACK
62.144,443.00174279716566,-896.7474945720408,1.5820803418067881,1.5777821136276768,-0.004933133694219323,0.7061557365544755,0.7061729675347527,443.0,-896.7474945720408,0.0017427971656616137,443.0,-893.0,1.5712613833831093,-0.01081895842367886,0.29382703246524733,54.216067480192066,90.4479178965561,TRACK
62.192,443.00154733598265,-896.7135790112853,1.5738112342525192,1.577354013219444,-0.004631774694034713,0.7063021926019861,0.7063173795194264,443.0,-896.7135790112853,0.001547335982650111,443.0,-893.0,1.5712129965058148,-0.0025982377467044238,0.2936826204805736,40.75660494960714,103.89066509892795,TRACK
62.244,443.0011924661457,-896.6768300082651,1.5737233417183292,1.5784389482437087,-0.005399200530526409,0.7064454839810379,0.7064661161043548,443.0,-896.6768300082651,0.0011924661457101138,443.0,-893.0,1.571120645868996,-0.0026026958493332586,0.29353388389564516,40.75660494960714,103.89066509892795,TRACK
62.292,443.0007157319582,-896.642901221746,1.5650305340464588,1.5806824977487712,-0.006985667128599934,0.7065869662897708,0.7066214973207462,443.0,-896.642901221746,0.0007157319582233868,443.0,-893.0,1.5709927998545397,0.005962265808080902,0.2933785026792538,86.30162875843314,58.29059810824515,TRACK
62.344,443.0001797191234,-896.6061375824947,1.5729318500158465,1.5823256401930819,-0.008148462329360584,0.7067290999718489,0.7067760735801351,443.0,-896.6061375824947,0.0001797191234231832,443.0,-893.0,1.5708461638072577,-0.002085686208588733,0.29322392641986494,86.30162875843314,58.29059810824515,TRACK
62.392,442.9997159038906,-896.5721951333879,1.5726866666061596,1.583073038276977,-0.00867848658672861,0.7068709397187976,0.7069242120258521,443.0,-896.5721951333879,0.00028409610939661434,443.0,-893.0,1.5707167969545073,-0.001969869651652356,0.2930757879741479,71.46015121765981,73.06749698882473,TRACK
62.444,442.9992313256282,-896.5354171973648,1.56409547597907,1.5833875650872826,-0.008902600739750743,0.7070099109726995,0.7070659590968553,443.0,-896.5354171973648,0.0007686743717840727,443.0,-893.0,1.5705789056768897,0.006483429697819787,0.2929340409031447,71.46015121765981,73.06749698882473,TRACK
62.492,442.9987754043015,-896.5014622645685,1.5807114565507352,1.5836799917057294,-0.009111116821390455,0.7071444937718698,0.7072031868717837,443.0,-896.5014622645685,0.0012245956984884288,443.0,-893.0,1.5704465884410235,-0.010264868109711722,0.29279681312821626,99.59606089924031,44.90640497397158,TRACK
62.544,442.9983211463901,-896.4646713317195,1.5806057488759653,1.5834918782053495,-0.00897973110698102,0.7072751997433604,0.7073322018279417,443.0,-896.4646713317195,0.0016788536099170415,443.0,-893.0,1.5703117632338028,-0.01029398564216244,0.29266779817205835,99.59606089924031,44.90640497397158,TRACK
62.592,442.9980464463674,-896.4307046099416,1.572307525041208,1.581878448947831,-0.007839846218083504,0.7074028927971395,0.707446334308465,443.0,-896.4307046099416,0.001953553632574767,443.0,-893.0,1.5702268946683984,-0.0020806303728095887,0.29255366569153496,25.165789165832564,119.31867200134064,TRACK
62.644,442.99770199838485,-896.3939014565501,1.5723870493703709,1.5812751426954426,-0.007414299924438824,0.7075254127607598,0.7075642596581974,443.0,-896.3939014565501,0.00229800161514504,443.0,-893.0,1.5701192295681845,-0.002267819802186377,0.29243574034180264,25.165789165832564,119.31867200134064,TRACK
62.692,442.9972509636866,-896.3599240746906,1.5637102900388282,1.5822537026821009,-0.008108089625582819,0.7076432610198025,0.7076897102432087,443.0,-896.3599240746906,0.002749036313389297,443.0,-893.0,1.56997814291965,0.006267852880821767,0.2923102897567913,86.30672977357031,58.17539698401634,TRACK
62.744,442.99682366449275,-896.3231093691496,1.5632983995264564,1.582305818198577,-0.008146310522988844,0.7077594069581941,0.7078062874211782,443.0,-896.3231093691496,0.0031763355072484956,443.0,-893.0,1.5698404947150317,0.006542095188575292,0.29219371257882176,86.30672977357031,58.17539698401634,TRACK
62.792,442.9965030912258,-896.289121366681,1.5714043029007332,1.581578376169843,-0.007632615244765768,0.7078727991898605,0.707913947205706,443.0,-896.289121366681,0.0034969087741956173,443.0,-893.0,1.5697331530573582,-0.0016711498433750194,0.292086052794294,100.11320773069326,44.321597522751354,TRACK
62.844,442.9962080600446,-896.2522959379033,1.5712686923968946,1.5806084063488444,-0.006946986705799135,0.7079807823999744,0.7080148648665299,443.0,-896.2522959379033,0.0037919399554198208,443.0,-893.0,1.5696304002280699,-0.0016382921688247176,0.29198513513347013,100.11320773069326,44.321597522751354,TRACK
62.892,442.99601062063925,-896.2182990358061,1.5797690863616594,1.5792064639863315,-0.005955203689274015,0.7080815863521654,0.7081066285397841,443.0,-896.2182990358061,0.00398937936074617,443.0,-893.0,1.5695567349257082,-0.010212351435951117,0.2918933714602159,54.49834029179287,89.9370471218178,TRACK
62.944,442.99577183472553,-896.1814649863356,1.5799144750884364,1.578531688457123,-0.005478095278855668,0.7081745179494836,0.7081957055792331,443.0,-896.1814649863356,0.00422816527446912,443.0,-893.0,1.5694673281092866,-0.010447146979149835,0.29180429442076694,54.49834029179287,89.9370471218178,TRACK
62.992,442.99545552242773,-896.147461002955,1.5714882015719516,1.5790801189260981,-0.005867205769366873,0.7082591488178835,0.7082834503133424,443.0,-896.147461002955,0.004544477572267169,443.0,-893.0,1.569352472713775,-0.0021357288581764777,0.2917165496866576,40.97201596633779,103.46263127906114,TRACK
63.044,442.99499058085,-896.1106202800788,1.5797190003336372,1.580598012902743,-0.006943098215498353,0.7083348507057114,0.7083688780127996,443.0,-896.1106202800788,0.005009419149985206,443.0,-893.0,1.5691859036739888,-0.010533096659648411,0.2916311219872004,40.97201596633779,103.46263127906114,TRACK
63.092,442.99447726418174,-896.0766110995467,1.5625029592649475,1.5824501373967221,-0.00825594787958166,0.7084012610057489,0.7084493681766718,443.0,-896.0766110995467,0.005522735818260571,443.0,-893.0,1.5690012575750165,0.006498298310068984,0.2915506318233282,58.40036950861358,86.01498170622398,TRACK
63.144,442.99393381936886,-896.0397659005416,1.5619890159249379,1.5835334092978397,-0.00902416774685984,0.7084573514183563,0.7085148229798978,443.0,-896.0397659005416,0.006066180631137286,443.0,-893.0,1.568800721614471,0.006811705689533154,0.29148517702010224,58.40036950861358,86.01498170622398,TRACK
63.192,442.9934482595095,-896.0057538517082,1.5698217217596646,1.584071800582899,-0.009406249676807144,0.7085018011659053,0.7085642382934059,443.0,-896.0057538517082,0.0065517404905222065,443.0,-893.0,1.5686165973700998,-0.0012051243895647712,0.29143576170659413,117.64427638009269,26.775242213823,TRACK
63.244,442.9930219743425,-895.9689071790804,1.5693364509567536,1.5834743712475097,-0.008983289375180607,0.7085326211372833,0.708589567171058,443.0,-895.9689071790804,0.006978025657474518,443.0,-891.0,1.5693919896199975,5.553866324392587e-05,0.29141043282894197,117.64427638009269,26.775242213823,TRACK
63.292,442.9928599072298,-895.9348956565407,1.5776515765606198,1.5807048420943313,-0.0070208774575952725,0.7085468889244702,0.708581672444906,443.0,-895.9348956565407,0.0071400927702143235,443.0,-891.0,1.569349469903727,-0.008302106656892905,0.291418327555094,59.70542807009954,84.77255674544878,TRACK
63.344,442.99280892509375,-895.8980510890882,1.5776895829895792,1.5777212529498141,-0.00490671933995363,0.7085477587310374,0.7085647481334768,443.0,-895.8980510890882,0.007191074906245376,443.0,-891.0,1.5693281776047894,-0.0083614053847898,0.2914352518665232,59.70542807009954,84.77255674544878,TRACK
63.392,442.99270056739044,-895.864042082233,1.569150025853807,1.5764127253791318,-0.003979475824282212,0.7085383848274587,0.7085495600180273,443.0,-895.864042082233,0.0072994326095567885,443.0,-891.0,1.5692956351876848,0.0001456093338778608,0.29145043998197273,44.69895546152984,99.88083162022775,TRACK
63.444,442.99244298955074,-895.8272007172784,1.5689717112336898,1.5768939649950644,-0.004320356283794383,0.7085206757939835,0.7085338478195533,443.0,-895.8272007172784,0.00755701044926127,443.0,-891.0,1.5692308223300364,0.0002591110963465759,0.2914661521804467,44.69895546152984,99.88083162022775,TRACK
63.492,442.9920741013072,-895.7931953102731,1.5770008465794727,1.5785563462228336,-0.0054980416936313455,0.7084945320133389,0.7085158645755683,443.0,-895.7931953102731,0.007925898692803912,443.0,-891.0,1.5691427552302475,-0.007858091349225216,0.29148413542443175,91.02205209774529,53.56850738732446,TRACK
63.544,442.99169026447333,-895.756359389828,1.5596723602692608,1.5794871888269866,-0.006157244251854664,0.7084555257270382,0.7084822817755932,443.0,-895.756359389828,0.008309735526665918,443.0,-891.0,1.5690492495891892,0.009376889319928416,0.29151771822440675,91.02205209774529,53.56850738732446,TRACK
63.592,442.99143664861515,-895.722361024634,1.5678921454895458,1.5790562803026245,-0.00585149106296912,0.708400837929294,0.7084250045887609,443.0,-895.722361024634,0.008563351384850648,443.0,-891.0,1.5689829664961057,0.0010908210065598833,0.2915749954112391,104.72377687745225,39.89510699632197,TRACK
63.644,442.9913050046798,-895.6855347827324,1.559317488541303,1.5774167848644318,-0.004689534140287735,0.7083294805303441,0.7083450040191149,443.0,-895.6855347827324,0.008694995320183807,443.0,-891.0,1.5689406185902801,0.00962313004897708,0.29165499598088507,104.72377687745225,39.89510699632197,TRACK
63.692,442.99137694205183,-895.6515471960358,1.5764908870435976,1.5743595850818615,-0.0025236538535918667,0.7082403153402148,0.7082448115602258,443.0,-895.6515471960358,0.008623057948170754,443.0,-891.0,1.5689425246712574,-0.007548362372340245,0.2917551884397742,87.25909828502458,57.46539030495791,TRACK
63.744,442.9916387175829,-895.6147340430616,1.5768191500288107,1.5706246429591029,0.00012157568488382507,0.708137042297613,0.7081370527339029,443.0,-895.6147340430616,0.008361282417126858,443.0,-891.0,1.5689844621913287,-0.00783468783748198,0.2918629472660971,87.25909828502458,57.46539030495791,TRACK
63.792,442.99197842052104,-895.5807591795183,1.5687424886009271,1.5671862524886946,0.0025560247859473637,0.7080224574969618,0.7080270712216754,443.0,-895.5807591795183,0.008021579478963758,443.0,-891.0,1.5690451822869254,0.0003026936859982232,0.2919729287783246,27.3575438098824,117.46870803659323,TRACK
63.844,442.99222973069425,-895.5439603785765,1.5690769055600817,1.5660599129798336,0.0033529268921004473,0.7078988344814584,0.7079067749209291,443.0,-895.5439603785765,0.0077702693057517536,443.0,-891.0,1.5690863071018268,9.401541745113207e-06,0.2920932250790709,27.3575438098824,117.46870803659323,TRACK
63.892,442.9922819775955,-895.5099998486454,1.5605482442390315,1.5671787911027721,0.0025603694681323383,0.7077631064935157,0.7077677376125342,443.0,-895.5099998486454,0.007718022404503699,443.0,-891.0,1.569085015236312,0.008536770997280563,0.2922322623874658,89.28630386990437,55.5976053850884,TRACK
63.944,442.99234357853805,-895.4732189337993,1.5603916674222549,1.5678584707914673,0.0020788618830449605,0.7076098691463019,0.7076129228469299,443.0,-895.4732189337993,0.007656421461945229,443.0,-891.0,1.5690847150677567,0.008693047645501828,0.2923870771530701,89.28630386990437,55.5976053850884,TRACK
63.992,442.99245265048955,-895.4392772004521,1.5689125829844357,1.5677620407092545,0.0021465765369935953,0.7074382206017946,0.7074414772679523,443.0,-895.4392772004521,0.007547349510446111,443.0,-891.0,1.569096198170813,0.0001836151863772173,0.29255852273204774,103.11335952870162,41.87864235840688,TRACK
64.044,442.99263467225785,-895.4025183952095,1.5690340448393942,1.5670912582543801,0.002620421266423821,0.7072498786777608,0.7072547331035126,443.0,-895.4025183952095,0.00736532774214993,443.0,-891.0,1.5691233477839153,8.930294452103027e-05,0.2927452668964874,103.11335952870162,41.87864235840688,TRACK
64.092,442.99291865434344,-895.3685984477951,1.5779505955953195,1.565458705130605,0.0037739765306111636,0.7070453710377176,0.7070554430910757,443.0,-895.3685984477951,0.007081345656558824,443.0,-891.0,1.569175363106188,-0.00877523248913148,0.2929445569089243,56.3754120425682,88.73540543422195,TRACK
64.144,442.9932689705514,-895.331864399414,1.578363982184865,1.5639899909818786,0.004810982298547852,0.7068278937392404,0.7068442663830045,443.0,-895.331864399414,0.006731029448587833,443.0,-891.0,1.5692424868288248,-0.009121495356040121,0.29315573361699554,56.3754120425682,88.73540543422195,TRACK
64.192,442.99354857855866,-895.2979681878511,1.5700971224663276,1.5634854445235706,0.0051659468802330456,0.7065980069102158,0.706616890809057,443.0,-895.2979681878511,0.006451421441340699,443.0,-891.0,1.5692952880914677,-0.0008018343748599221,0.293383109190943,42.39555208688391,102.83031759779944,TRACK
64.244,442.99376309347963,-895.2612611304486,1.570206036062207,1.5639985565958818,0.004801715901754612,0.706355437008565,0.7063717575520428,443.0,-895.2612611304486,0.006236906520371122,443.0,-891.0,1.5693326985693878,-0.0008733374928191484,0.29362824244795716,42.39555208688391,102.83031759779944,TRACK
64.292,442.9938790642937,-895.2273912019992,1.5615150777536742,1.5651785697202305,0.003966735855466447,0.7060992623320586,0.7061104044405693,443.0,-895.2273912019992,0.00612093570629213,443.0,-891.0,1.5693484051012692,0.00783332734759501,0.2938895955594307,89.11010137068057,56.25004405050721,TRACK
64.344,442.99405401081253,-895.1907140407174,1.5613182318012548,1.5654751200637007,0.0037559029519934743,0.705830029143889,0.7058400221355035,443.0,-895.1907140407174,0.005945989187466694,443.0,-891.0,1.5693774790425374,0.008059247241282597,0.29415997786449655,89.11010137068057,56.25004405050721,TRACK
64.392,442.9943000285883,-895.1568727426519,1.5698286587419261,1.5647936738787929,0.004235216533959664,0.7055489840041198,0.7055616953097265,443.0,-895.1568727426519,0.005699971411672777,443.0,-891.0,1.569425111414458,-0.0004035473274681678,0.29443830469027354,102.98469547625427,42.51613531664009,TRACK
64.444,442.9946474340172,-895.120227324782,1.569915743283947,1.5635775457288201,0.005091196518497704,0.7052586906498696,0.7052770668461852,443.0,-895.120227324782,0.005352565982775559,443.0,-891.0,1.5694972327037762,-0.00041851058017083886,0.2947229331538148,102.98469547625427,42.51613531664009,TRACK
64.492,442.995076868837,-895.0864158123154,1.5788276733213482,1.56166050318935,0.006440573297703684,0.7049604273248973,0.7049898475003061,443.0,-895.0864158123154,0.0049231311630251184,443.0,-891.0,1.5695915720642788,-0.009236101257069418,0.29501015249969387,56.17204914692201,89.44675140993633,TRACK
64.544,442.9955520139607,-895.0498030904494,1.5706672379778568,1.5603171796730673,0.007384464822552558,0.704656059551869,0.7046947513525859,443.0,-895.0498030904494,0.004447986039281204,443.0,-891.0,1.569698005678687,-0.0009692322991698976,0.29530524864741414,56.17204914692201,89.44675140993633,TRACK
64.592,442.995905287615,-895.0160222951217,1.5708449077337097,1.5603247695188285,0.007375855863915613,0.7043447379727449,0.7043833566742047,443.0,-895.0160222951217,0.004094712384983268,443.0,-891.0,1.569776733111106,-0.0010681746226035571,0.2956166433257953,71.44020180454491,74.28790104887635,TRACK
64.644,442.9962622052799,-894.9794437902486,1.5709854185695034,1.5605745584915809,0.0071966367481960235,0.7040255547895979,0.7040623362865582,443.0,-894.9794437902486,0.0037377947201093775,443.0,-891.0,1.569857051404185,-0.001128367165318389,0.29593766371344177,71.44020180454491,74.28790104887635,TRACK
64.692,442.99657973488445,-894.9456954883017,1.5625019851586193,1.5608589617129225,0.006993133919565157,0.7036979789764598,0.7037327259248152,443.0,-894.9456954883017,0.0034202651155510466,443.0,-891.0,1.56992949247658,0.007427507317960824,0.2962672740751848,72.07934015014364,73.79607306620277,TRACK
64.744,442.9969250806209,-894.9091528319323,1.5626042643765874,1.561029318124299,0.006869979504487757,0.7033638734365998,0.7033974232779996,443.0,-894.9091528319323,0.0030749193791166363,443.0,-891.0,1.5700097321343307,0.0074054677577433115,0.2966025767220004,72.07934015014364,73.79607306620277,TRACK
64.792,442.99724732283994,-894.8754379364857,1.5713277375254688,1.5611025564932612,0.006815169525200864,0.7030242970316481,0.7030573296342911,443.0,-894.8754379364857,0.002752677160060557,443.0,-891.0,1.5700860388887923,-0.0012416986366765581,0.29694267036570887,101.54077604058239,44.46966708544843,TRACK
64.844,442.99764211543464,-894.838931689123,1.5629233025592904,1.560710841977992,0.007087118040353087,0.702680919550217,0.7027166583638504,443.0,-894.838931689123,0.0023578845653560165,443.0,-891.0,1.5701821235582158,0.007258820998925497,0.29728334163614956,101.54077604058239,44.46966708544843,TRACK
64.892,442.9981423335974,-894.8052503449078,1.5633033395917817,1.5590445811955163,0.008254050829658736,0.7023357326102092,0.7023842329211397,443.0,-894.8052503449078,0.001857666402599989,443.0,-891.0,1.5703081417645712,0.007004802172789537,0.2976157670788603,83.91722410127613,62.21432862720309,TRACK
64.944,442.9988003903335,-894.7687800934111,1.5724723840099162,1.5568449733051968,0.009794361070624572,0.7019910728088505,0.7020593962138123,443.0,-894.7687800934111,0.001199609666514334,443.0,-891.0,1.570478024958157,-0.0019943590517592646,0.2979406037861877,83.91722410127613,62.21432862720309,TRACK
64.992,442.9994477586575,-894.7351316583486,1.572917475040689,1.5549966435602116,0.01108672872504354,0.7016473696569078,0.7017349548798891,443.0,-894.7351316583486,0.0005522413425183004,443.0,-891.0,1.5706484762265613,-0.002268998814127565,0.29826504512011087,52.744428140209436,93.46587225589303,TRACK
65.044,443.0000830717688,-894.6986971974634,1.573411397728713,1.5544246615046233,0.011482519612931875,0.7013027385425608,0.7013967346259581,443.0,-894.6986971974634,8.307176881316991e-05,443.0,-891.0,1.570818786532573,-0.002592611196140071,0.2986032653740419,52.744428140209436,93.46587225589303,TRACK
65.092,443.0005531736515,-894.6650823267893,1.5651104940468237,1.5552595458340113,0.010891463976307806,0.7009552120514769,0.7010398228985841,443.0,-894.6650823267893,0.0005531736514967633,443.0,-891.0,1.5709472575511454,0.005836763504321718,0.29896017710141587,69.40906337851305,76.90925705192572,TRACK
65.144,443.0010022625573,-894.6286842617534,1.5653134760059606,1.5563781824092762,0.010102165373516932,0.7006078640364843,0.70068069253762,443.0,-894.6286842617534,0.0010022625572787547,443.0,-891.0,1.5710725322896417,0.005759056283681119,0.29931930746238,69.40906337851305,76.90925705192572,TRACK
65.192,443.00136399012626,-894.5951024081224,1.5741804085542388,1.5576534403450024,0.009204004349977132,0.7002627943493746,0.700323278812056,443.0,-894.5951024081224,0.00136399012626498,443.0,-891.0,1.5711757290777735,-0.0030046794764653217,0.299676721187944,99.1454396073392,47.33638072178445,TRACK
65.244,443.00174939466774,-894.5587388600669,1.5743670654138324,1.5585432469566187,0.00857667185664759,0.6999254667009093,0.6999780126808429,443.0,-894.5587388600669,0.0017493946677404892,443.0,-891.0,1.5712879038944298,-0.0030791615194025734,0.3000219873191571,99.1454396073392,47.33638072178445,TRACK
65.292,443.0021985998465,-894.5251868920308,1.5661797999440923,1.558146523533425,0.008850291135336728,0.6996013202857387,0.6996572982530297,443.0,-894.5251868920308,0.0021985998465083867,443.0,-891.0,1.5714200099154731,0.00524020997138086,0.3003427017469703,52.258579696179524,94.31900450330797,TRACK
65.344,443.00268673036663,-894.488854032168,1.5838700369715306,1.557872227464135,0.0090381831234265,0.6992889534160556,0.6993473594172605,443.0,-894.488854032168,0.002686730366633583,443.0,-891.0,1.5715664162886818,-0.012303620682848848,0.30065264058273955,52.258579696179524,94.31900450330797,TRACK
65.392,443.00306246447764,-894.4553296735057,1.5754577926295994,1.5584726071448023,0.008614546922958146,0.6989862682993202,0.6990393506017363,443.0,-894.4553296735057,0.003062464477636695,443.0,-891.0,1.5716826282379202,-0.003775164391679242,0.3009606493982637,38.652400343036504,107.95206706570158,TRACK
65.444,443.00333745004133,-894.419026222942,1.5755094034592196,1.5601334799295223,0.007450319870927571,0.6986912224199298,0.6987309436062173,443.0,-894.419026222942,0.0033374500413287933,443.0,-891.0,1.5717724670066635,-0.0037369364525561277,0.30126905639378265,38.652400343036504,107.95206706570158,TRACK
65.492,443.00346012513893,-894.3855284368548,1.5666101018907779,1.5625817619969338,0.005737213836104507,0.6984039847920818,0.6984275492819993,443.0,-894.3855284368548,0.0034601251389290155,443.0,-891.0,1.571818360429735,0.005208258538957233,0.30157245071800065,86.44496676314942,60.24103312051265,TRACK
65.544,443.0035948348838,-894.3492518220129,1.5663051382892494,1.5641560061819004,0.004635889199419671,0.6981321130890232,0.6981475050408861,443.0,-894.3492518220129,0.0035948348838132915,443.0,-891.0,1.571869651135497,0.0055645128462475935,0.3018524949591139,86.44496676314942,60.24103312051265,TRACK
65.592,443.0037474838863,-894.3157763770986,1.5747956965132495,1.5648836206336652,0.004126393622655558,0.69787765934138,0.6978898584534183,443.0,-894.3157763770986,0.003747483886286318,443.0,-891.0,1.5719265243307008,-0.002869172182548674,0.30211014154658167,100.88526849563385,45.858715441513226,TRACK
65.644,443.00393775787126,-894.2795218192309,1.5747427629080508,1.5651160407409366,0.00396284613817609,0.6976415411426844,0.6976527962227734,443.0,-894.2795218192309,0.0039377578712560535,443.0,-891.0,1.571997037202067,-0.002745725705983748,0.30234720377722657,100.88526849563385,45.858715441513226,TRACK
65.692,443.00418097164936,-894.246064623555,1.5836064265337717,1.5645602112024581,0.004349283788501462,0.697425720213311,0.6974392815754848,443.0,-894.246064623555,0.004180971649361709,443.0,-891.0,1.572084338532858,-0.0115220880009137,0.30256071842451515,53.828865862851224,92.90449743753712,TRACK
65.744,443.0044153162523,-894.2098280728303,1.583815459151296,1.5644794486711326,0.004404353905228852,0.6972265787853852,0.6972404897150591,443.0,-894.2098280728303,0.004415316252277535,443.0,-891.0,1.5721718875312525,-0.011643571620043591,0.30275951028494086,53.828865862851224,92.90449743753712,TRACK
65.792,443.0045306574522,-894.176386547553,1.5751552370252684,1.565482692624226,0.003703859621323294,0.6970417313577596,0.6970515718584369,443.0,-894.176386547553,0.004530657452221476,443.0,-891.0,1.572222681651861,-0.0029325553734074195,0.3029484281415631,40.24996898532778,106.46622717424334,TRACK
65.844,443.0045147486212,-894.1401657435397,1.5837077121050773,1.56749525424008,0.0023004300835535157,0.6968709985488386,0.6968747954955932,443.0,-894.1401657435397,0.00451474862120449,443.0,-891.0,1.572234067945879,-0.01147364415919827,0.30312520450440683,40.24996898532778,106.46622717424334,TRACK
65.892,443.00438179641736,-894.1067371914049,1.5659436502973925,1.5700415912998968,0.0005258364012967242,0.6967160083726289,0.6967162068063366,443.0,-894.1067371914049,0.004381796417362693,443.0,-891.0,1.5722067433322053,0.006263093034812872,0.3032837931936634,58.741432386528864,87.98558415154437,TRACK
65.944,443.00419766275223,-894.0705279500669,1.5654352318912659,1.57208485815941,-0.0008975675467603397,0.6965814529098369,0.6965820311818848,443.0,-894.0705279500669,0.0041976627522331,443.0,-891.0,1.5721634077026354,0.00672817581136953,0.3034179688181152,58.741432386528864,87.98558415154437,TRACK
65.992,443.00398373394205,-894.0371075344347,1.573546081409453,1.5738737233899234,-0.002143316479645248,0.6964684750431036,0.6964717729631246,443.0,-894.0371075344347,0.003983733942050094,443.0,-891.0,1.5721080128686309,-0.0014380685408221794,0.30352822703687543,120.37172679018465,26.328913871099616,TRACK
66.044,443.0037883138896,-894.0009044665233,1.573059807802272,1.5746856877807909,-0.00270848298806251,0.6963790043354952,0.6963842714761672,443.0,-894.0009044665233,0.003788313889572237,443.0,-891.0,1.5720587168241176,-0.001001090978154373,0.3036157285238328,120.37172679018465,26.328913871099616,TRACK
66.092,443.003793086618,-893.9674869665588,1.5816634334685804,1.5732746702449723,-0.0017257127976375052,0.6963156233923035,0.6963177618479024,443.0,-893.9674869665588,0.00379308661797495,443.0,-889.0,1.571559909247415,-0.010103524221165339,0.3036822381520976,57.32878192970343,89.30903958041388,TRACK
66.144,443.00387354355536,-893.9312844591502,1.5817078859720464,1.5716295828703417,-0.0005801762399271924,0.6962758781472975,0.6962761198649999,443.0,-893.9312844591502,0.003873543555357628,443.0,-889.0,1.5715818306105385,-0.010126055361507902,0.30372388013500007,57.32878192970343,89.30903958041388,TRACK
66.192,443.00384936985216,-893.8978656618716,1.5728711841590697,1.5715911197950987,-0.0005533811417541303,0.6962580509522943,0.6962582708640348,443.0,-893.8978656618716,0.003849369852161999,443.0,-889.0,1.5715822546510985,-0.0012889295079712149,0.3037417291359652,41.78232965644206,104.78409346272723,TRACK
66.244,443.0036531311431,-893.8616596019796,1.5813314973324706,1.5732099743266432,-0.0016805352070057328,0.6962623670077435,0.6962643951185553,443.0,-893.8616596019796,0.0036531311430962887,443.0,-889.0,1.5715477431330658,-0.009783754199404804,0.3037356048814447,41.78232965644206,104.78409346272723,TRACK
66.292,443.00331804669366,-893.8282350970445,1.5634193369418143,1.5758741494010777,-0.003535671994995943,0.6962908870398049,0.6962998638166853,443.0,-893.8282350970445,0.0033180466936642006,443.0,-889.0,1.571483543988061,0.008064207046246663,0.3037001361833147,61.27104236160841,85.20232823375812,TRACK
66.344,443.00288880566217,-893.7920198691141,1.5628431093115471,1.5782455223202583,-0.005187309124133609,0.6963454184148707,0.696364739144172,443.0,-893.7920198691141,0.00288880566216676,443.0,-889.0,1.5713991634673494,0.008556054155802295,0.30363526085582804,61.27104236160841,85.20232823375812,TRACK
66.392,443.00244543548797,-893.7585841435946,1.570943410157827,1.5802796802856132,-0.006604658450865409,0.6964266872163957,0.6964580046064917,443.0,-893.7585841435946,0.002445435487970826,443.0,-889.0,1.5713102265598065,0.00036681640197944176,0.30354199539350835,122.97873579832589,23.368823094901025,TRACK
66.444,443.002016554349,-893.7223541268079,1.5704329201377685,1.5811037656955071,-0.007179727967013763,0.6965332289088879,0.6965702315401668,443.0,-893.7223541268079,0.0020165543489838456,443.0,-889.0,1.5712233498796255,0.0007904297418570572,0.30342976845983316,122.97873579832589,23.368823094901025,TRACK
66.492,443.001851385042,-893.6889027414159,1.5790711260341337,1.5792237072244664,-0.005871182708530455,0.6966629506076321,0.6966876900991784,443.0,-893.6889027414159,0.001851385042016318,443.0,-889.0,1.571191170759019,-0.007879955275114758,0.3033123099008216,59.502328807604776,86.70992979325719,TRACK
66.544,443.0018167056412,-893.6526536122689,1.5791301550415078,1.576607969265925,-0.004049687804474147,0.6968154409997038,0.6968272087016446,443.0,-893.6526536122689,0.0018167056412039528,443.0,-889.0,1.5711867933329784,-0.007943361708529384,0.3031727912983554,59.502328807604776,86.70992979325719,TRACK
66.592,443.0017344263031,-893.6191822303427,1.5702875939242555,1.5754337207655496,-0.0032322505801086,0.6969921965278263,0.6969996911509335,443.0,-893.6191822303427,0.0017344263030736329,443.0,-889.0,1.5711718101889418,0.0008842162646862661,0.3030003088490665,45.35715743122512,100.76461815989575,TRACK
66.644,443.00151309082594,-893.5829086127444,1.5701153492917865,1.5759465256238705,-0.003590720896252681,0.6971942769626519,0.6972035234463677,443.0,-893.5829086127444,0.0015130908259379794,443.0,-889.0,1.5711264862850405,0.0010111369932539471,0.3027964765536323,45.35715743122512,100.76461815989575,TRACK
66.692,443.00116590528734,-893.5494119634518,1.5784644105990293,1.5777726569304347,-0.004865529801529952,0.6974226811175999,0.6974396529575236,443.0,-893.5494119634518,0.0011659052873369546,443.0,-889.0,1.5710526028303884,-0.007411807768640921,0.30256034704247636,93.36479319493351,52.58124577968452,TRACK
66.744,443.00076633126355,-893.513108562886,1.569251754836873,1.5791840451686816,-0.005852034915723923,0.6976745542268568,0.69769909698114,443.0,-893.513108562886,0.0007663312635486363,443.0,-889.0,1.5709661279963314,0.0017143731594584377,0.30230090301886003,93.36479319493351,52.58124577968452,TRACK
66.792,443.0004469816311,-893.4795826253422,1.569067973673906,1.5795824430412566,-0.006132413765053869,0.6979484215043223,0.6979753617277339,443.0,-893.4795826253422,0.0004469816311143404,443.0,-889.0,1.5708961087761693,0.0018281351022633174,0.3020246382722661,77.61432756928123,68.13756805390581,TRACK
66.844,443.00014368715966,-893.4432455814436,1.568942184334502,1.5794284600997002,-0.006027474043586188,0.6982427309874776,0.6982687461287359,443.0,-893.4432455814436,0.00014368715966384116,443.0,-889.0,1.570828665128887,0.001886480794385026,0.3017312538712641,77.61432756928123,68.13756805390581,TRACK
66.892,442.9998703389091,-893.4096867505359,1.5776755488974272,1.5792578788834641,-0.005911022455427455,0.6985575838440972,0.6985825922055111,443.0,-893.4096867505359,0.00012966109090939426,443.0,-889.0,1.5707669230983967,-0.00690862579903051,0.3014174077944889,76.70696446274265,68.88376018583592,TRACK
66.944,442.99958985687704,-893.3733119634758,1.5687919618590136,1.5789948611650861,-0.005730024427157053,0.6988927270188721,0.6989162160515461,443.0,-893.3733119634758,0.00041014312296283606,443.0,-889.0,1.5707025436106221,0.00191058175160852,0.3010837839484539,76.70696446274265,68.88376018583592,TRACK
66.992,442.999357796603,-893.3397163051579,1.5687773538243057,1.5785425183370048,-0.005416622042348858,0.6992486144631439,0.6992695936639717,443.0,-893.3397163051579,0.0006422033969784025,443.0,-889.0,1.57064834398977,0.0018709901654643257,0.3007304063360283,76.3586472509668,69.05516007590062,TRACK
67.044,442.9991399334953,-893.3032995698486,1.5687844807563827,1.5779245906079196,-0.004987190629402067,0.6996242409061229,0.6996420159866349,443.0,-893.3032995698486,0.0008600665046856193,443.0,-889.0,1.5705964646939032,0.0018119839375205782,0.3003579840133651,76.3586472509668,69.05516007590062,TRACK
67.092,442.9989624890851,-893.2696633974322,1.559975914284517,1.5772753975148905,-0.004535539400244502,0.700019513792224,0.7000342068838872,443.0,-893.2696633974322,0.001037510914898121,443.0,-889.0,1.5705533308493376,0.010577416564820474,0.2999657931161128,75.8843980659515,69.33985033600726,TRACK
67.144,442.99879057911,-893.2332009271896,1.5600259213218062,1.5766571858040228,-0.004105186981081505,0.7004331567513381,0.7004451867468248,443.0,-893.2332009271896,0.0012094208900066405,443.0,-889.0,1.5705106278928358,0.010484706571029623,0.29955481325317523,75.8843980659515,69.33985033600726,TRACK
67.192,442.99863419829893,-893.1995208829201,1.5689532069457657,1.5762304826803963,-0.0038086482850385687,0.7008652080204583,0.7008755564401711,443.0,-893.1995208829201,0.0013658017010698131,443.0,-889.0,1.5704710988246133,0.0015178918788476548,0.2991244435598289,105.53696581196533,39.486675441313075,TRACK
67.244,442.9984905814121,-893.1630093489359,1.5691221081415392,1.5757046136799082,-0.003442273508080218,0.7013130947219648,0.701321542571882,443.0,-893.1630093489359,0.0015094185878865574,443.0,-889.0,1.5704337480939556,0.0013116399524164546,0.29867845742811805,105.53696581196533,39.486675441313075,TRACK
67.292,442.99847929027885,-893.1292830144932,1.578401594591448,1.5741019468321567,-0.002319808960288634,0.7017747002138833,0.7017785344208656,443.0,-893.1292830144932,0.0015207097211487053,443.0,-889.0,1.5704280522912935,-0.007973542300154568,0.2982214655791344,56.7226889469672,88.09312016736925,TRACK
67.344,442.99850043139327,-893.0927201589669,1.5788767505205763,1.5727409031246513,-0.001365579861769398,0.7022496981045598,0.7022510258421161,443.0,-893.0927201589669,0.0014995686067322822,443.0,-889.0,1.570429927803179,-0.008446822717397273,0.2977489741578839,56.7226889469672,88.09312016736925,TRACK
67.392,442.99844525156595,-893.0589452002378,1.570416249364409,1.5726319729205538,-0.0012899798176452598,0.702738044501473,0.7027392284750327,443.0,-893.0589452002378,0.001554748434045905,443.0,-889.0,1.5704132843340335,-2.9650303754458207e-06,0.2972607715249673,41.872136119586905,102.74734021509138,TRACK
67.444,442.99825051174986,-893.02232866011,1.5794267037426555,1.5738525202384044,-0.002149235643648029,0.7032372105550022,0.7032404947974998,443.0,-893.02232866011,0.0017494882501409847,443.0,-889.0,1.5703613826897145,-0.009065321052941,0.29675950520250016,41.872136119586905,102.74734021509138,TRACK
67.492,442.9979460363564,-892.9885035297907,1.561606862981821,1.575936115321823,-0.003617136245810018,0.7037457621057448,0.703755057783897,443.0,-892.9885035297907,0.0020539636436183173,443.0,-889.0,1.57028135584233,0.008674492860509142,0.296244942216103,59.30915801010201,85.09794070068114,TRACK
67.544,442.99756162290356,-892.9518322077389,1.5702032291053913,1.5778085796307617,-0.004938536799916237,0.704260951486602,0.7042782666918936,443.0,-892.9518322077389,0.002438377096439126,443.0,-889.0,1.5701793024227033,-2.392668268802467e-05,0.29572173330810636,59.30915801010201,85.09794070068114,TRACK
67.592,442.9971567636011,-892.9179563005916,1.5699514587276766,1.5795394500123334,-0.0061621480005128,0.7047814414151427,0.7048083797963716,443.0,-892.9179563005916,0.0028432363989168152,443.0,-889.0,1.5700706331725929,0.00011917444491627016,0.29519162020362844,91.23329461415858,52.965433958715685,TRACK
67.644,442.9967306801321,-892.8812300676739,1.5696675075645405,1.580541132886464,-0.00687326570318001,0.7053037354048146,0.7053372249905794,443.0,-892.8812300676739,0.0032693198679112356,443.0,-889.0,1.5699539858262679,0.0002864782617273409,0.2946627750094206,91.23329461415858,52.965433958715685,TRACK
67.692,442.99641561519803,-892.8473039810419,1.5784161603697546,1.5803805193019855,-0.006764971184564882,0.7058251430376564,0.7058575616788816,443.0,-892.8473039810419,0.003584384801968099,443.0,-889.0,1.5698646656153907,-0.008551494754363897,0.2941424383211184,73.97105760404487,70.04269575061288,TRACK
67.744,442.9961328614928,-892.8105240266821,1.5783813762081211,1.5797158002434568,-0.006300381208956558,0.7063437280890363,0.7063718263167754,443.0,-892.8105240266821,0.0038671385071893383,443.0,-889.0,1.5697814697430903,-0.008599906465030838,0.2936281736832246,73.97105760404487,70.04269575061288,TRACK
67.792,442.9958774509179,-892.7765487973644,1.5694534537735627,1.5792244171701642,-0.005957616561402757,0.7068594703658135,0.7068845761798253,443.0,-892.7765487973644,0.00412254908212617,443.0,-889.0,1.569704709112772,0.00025125533920933307,0.29311542382017475,43.0005636890535,100.87679755095616,TRACK
67.844,442.99549929643086,-892.7397158346907,1.5693675226982073,1.5798686929123664,-0.006417721350551634,0.7073728275796674,0.7074019397382135,443.0,-892.7397158346907,0.004500703569135567,443.0,-889.0,1.5695928392586318,0.00022531656042446002,0.2925980602617865,43.0005636890535,100.87679755095616,TRACK
67.892,442.9950510024525,-892.7056918942484,1.5779118362893167,1.5813066076926356,-0.007440329136774671,0.7078835703189302,0.7079226706534686,443.0,-892.7056918942484,0.0049489975475012216,443.0,-889.0,1.5694608151694287,-0.008451021119888047,0.2920773293465314,90.88387121507188,52.838245278879434,TRACK
67.944,442.99461149697015,-892.6688070600554,1.5597981622701638,1.5817989319845953,-0.007794423916243666,0.7083876277753447,0.7084305076924386,443.0,-892.6688070600554,0.0053885030298488346,443.0,-889.0,1.569327593479955,0.009529431209791328,0.29156949230756135,90.88387121507188,52.838245278879434,TRACK
67.992,442.9943138231497,-892.6347365741874,1.5685083503316606,1.5810048755482078,-0.007236913819710816,0.7088825841750043,0.7089195236895834,443.0,-892.6347365741874,0.005686176850304037,443.0,-889.0,1.56923192945947,0.0007235791278095149,0.29108047631041656,104.71458669258625,38.849629668206646,TRACK
68.044,442.99411111112124,-892.5978028446667,1.5684937387507762,1.5793508008884742,-0.006068401866635432,0.709366089949089,0.7093920461006551,443.0,-892.5978028446667,0.005888888878757825,443.0,-889.0,1.5691595268161305,0.0006657880653542225,0.2906079538993449,104.71458669258625,38.849629668206646,TRACK
68.092,442.9940731752866,-892.5636887553554,1.5598499588928074,1.5767428042783758,-0.004221076674338744,0.7098365263617796,0.7098490766674619,443.0,-892.5636887553554,0.0059268247134127705,443.0,-889.0,1.5691332131910283,0.009283254298220855,0.2901509233325381,55.74153502506866,87.73959695044823,TRACK
68.144,442.99407977516154,-892.5267089856512,1.5779686715440333,1.5745965234227086,-0.002699277603076087,0.7102960382211073,0.710301167120102,443.0,-892.5267089856512,0.005920224838462218,443.0,-889.0,1.5691176458202136,-0.008851025723819683,0.28969883287989795,55.74153502506866,87.73959695044823,TRACK
68.192,442.99401245074154,-892.4925531349248,1.5692239051775139,1.5739555873051612,-0.0022454376711775435,0.7107455030569897,0.7107490500212212,443.0,-892.4925531349248,0.005987549258463787,443.0,-889.0,1.56908195247869,-0.00014195269882377737,0.28925094997877876,41.14231461117654,102.24948109591469,TRACK
68.244,442.9937998151714,-892.4555294828417,1.5692435011132255,1.5748609945774683,-0.002890735438915458,0.7111822352388573,0.7111881101865491,443.0,-892.4555294828417,0.006200184828571764,443.0,-889.0,1.569002049476278,-0.0002414516369475539,0.28881188981345085,41.14231461117654,102.24948109591469,TRACK
68.292,442.9934758644517,-892.421334952151,1.560085134580732,1.5767562019961145,-0.004241118700111987,0.7116035725248163,0.711616210831309,443.0,-892.421334952151,0.0065241355483181,443.0,-889.0,1.568889431465511,0.008804296884779017,0.288383789168691,89.58093914641174,53.6952065826686,TRACK
68.344,442.993144906506,-892.3842721543332,1.559809553101749,1.5777966400870165,-0.004984328712426806,0.7120034612996305,0.7120209073021437,443.0,-892.3842721543332,0.006855093493982167,443.0,-889.0,1.5687707556215322,0.008961202519783162,0.28797909269785626,89.58093914641174,53.6952065826686,TRACK
68.392,442.99292722453106,-892.3500446118625,1.568614067141237,1.577572228976198,-0.004827078063822297,0.7123780803603937,0.7123944343273562,443.0,-892.3500446118625,0.007072775468941472,443.0,-889.0,1.5686850817878095,7.101464657255363e-05,0.28760556567264384,103.54051935419369,39.65982041276743,TRACK
68.444,442.9928034325803,-892.3129494180284,1.568660463806045,1.5763675850465202,-0.003970815794841017,0.7127249415018286,0.7127360027505708,443.0,-892.3129494180284,0.007196567419725852,443.0,-889.0,1.5686240762736101,-3.638753243495607e-05,0.2872639972494292,103.54051935419369,39.65982041276743,TRACK
68.492,442.99284480281784,-892.2786951529888,1.5779053125946356,1.5739930036489038,-0.002279372284379154,0.7130418945568536,0.7130455377682676,443.0,-892.2786951529888,0.007155197182157735,443.0,-889.0,1.568613999530762,-0.009291313063873652,0.2869544622317324,54.35815422409719,88.84715191989703,TRACK
68.544,442.9929521077367,-892.2415739997119,1.5782486533511066,1.571860835269355,-0.0007593473386987498,0.7133311477485554,0.7133315519144322,443.0,-892.2415739997119,0.007047892263301492,443.0,-889.0,1.5686221110718273,-0.009626542279279393,0.2866684480855678,54.35815422409719,88.84715191989703,TRACK
68.592,442.99299830369785,-892.2072981618884,1.5695126864060236,1.5710159620310191,-0.00015673022012332723,0.7135932301666269,0.7135932473783664,443.0,-892.2072981618884,0.007001696302154414,443.0,-889.0,1.5686132790001222,-0.0008994074059014423,0.2864067526216336,39.83454953681033,103.39606663032089,TRACK
68.644,442.9929269247524,-892.1701566015685,1.5695234669617752,1.5716120844349222,-0.0005823098528356525,0.7138268709923783,0.7138271085042471,443.0,-892.1701566015685,0.007073075247603811,443.0,-889.0,1.568565186696788,-0.0009582802649872324,0.28617289149575287,39.83454953681033,103.39606663032089,TRACK
68.692,442.992740783599,-892.135864995982,1.5603327586664806,1.5732272837560564,-0.0017357806478288432,0.7140304235460008,0.7140325333510642,443.0,-892.135864995982,0.007259216400996138,443.0,-889.0,1.568481430125708,0.008148671459227375,0.2859674666489358,88.68754501065067,54.564641350766635,TRACK
68.744,442.99255717593076,-892.098710112534,1.5600520767720356,1.5741064181451665,-0.0023640782650657622,0.7142007215896251,0.7142046342507059,443.0,-892.098710112534,0.007442824069244125,443.0,-889.0,1.5683944210063536,0.008342344234318011,0.2857953657492941,88.68754501065067,54.564641350766635,TRACK
68.792,442.99245957149935,-892.0644098994121,1.5688890566128806,1.5739437837755557,-0.002248349851272506,0.7143361897139402,0.7143397280090784,443.0,-892.0644098994121,0.007540428500647067,443.0,-889.0,1.5683356855851143,-0.000553371027766314,0.2856602719909216,102.92742336402733,40.38237411404146,TRACK
68.844,442.99244218829557,-892.0272494925106,1.568910575275297,1.573005657986982,-0.001578429736482483,0.7144366466897437,0.7144383903274786,443.0,-892.0272494925106,0.007557811704430151,443.0,-889.0,1.5682997383833286,-0.0006108368919683915,0.2855616096725214,102.92742336402733,40.38237411404146,TRACK
68.892,442.9925614487645,-891.9929476768239,1.5781694816428742,1.571015181199282,-0.0001563717428324017,0.7145012263973052,0.7145012435086275,443.0,-891.9929476768239,0.007438551235509294,443.0,-887.0,1.569306516323487,-0.00886296531938724,0.28549875649137246,53.74734802825921,89.6676670313662,TRACK
68.944,442.9927376893144,-891.9557889724828,1.5784897747267603,1.5692784223411522,0.0010845928378652374,0.7145324609925809,0.7145332841468885,443.0,-891.9557889724828,0.007262310685575812,443.0,-887.0,1.5693309081648033,-0.00915886656195708,0.28546671585311145,53.74734802825921,89.6676670313662,TRACK
68.992,442.9928466046533,-891.9214916881859,1.5696692129140875,1.568698225222116,0.0014991596907501588,0.7145304643095284,0.7145320370047578,443.0,-891.9214916881859,0.007153395346676916,443.0,-887.0,1.5693428263600029,-0.00032638655408456785,0.28546796299524224,42.73167790505674,100.80524922050388,TRACK
69.044,442.99286766904345,-891.884341494016,1.5696795316917915,1.5692340573429928,0.0011162333479092367,0.7144941856373864,0.7144950575661941,443.0,-891.884341494016,0.007132330956551414,443.0,-887.0,1.5693360837107793,-0.00034344798101226814,0.28550494243380586,42.73167790505674,100.80524922050388,TRACK
69.092,442.9927948339176,-891.8500556934505,1.560452779676639,1.5705241315753784,0.00019446221703416664,0.7144218497877952,0.7144218762536383,443.0,-891.8500556934505,0.007205166082371761,443.0,-887.0,1.5693107436929121,0.008857964016273145,0.2855781237463617,90.04405384148001,53.62976891734687,TRACK
69.144,442.9927527929354,-891.8129221512169,1.560186259347536,1.5710155136689807,-0.00015656770859861092,0.7143115058575455,0.7143115230163389,443.0,-891.8129221512169,0.007247207064608574,443.0,-887.0,1.5692905468633842,0.009104287515848242,0.28568847698366107,90.04405384148001,53.62976891734687,TRACK
69.192,442.9928008057604,-891.7786557024752,1.569073917741177,1.5704486122780847,0.00024832450506988236,0.7141620008816978,0.7141620440547158,443.0,-891.7786557024752,0.007199194239603912,443.0,-887.0,1.5692897966656463,0.00021587892446928159,0.28583795594528416,104.54702248486856,39.29820836430139,TRACK
69.244,442.99294793852033,-891.7415471539355,1.5691312124075634,1.5691832064654352,0.001151727581702339,0.7139743772831776,0.713975306220967,443.0,-891.7415471539355,0.007052061479669192,443.0,-887.0,1.5693090366655513,0.00017782425798795742,0.28602469377903295,104.54702248486856,39.29820836430139,TRACK
69.292,442.9932168747259,-891.7073073646072,1.5784641396720749,1.5670000271618063,0.002709616093527571,0.7137484757524695,0.7137536190159374,443.0,-891.7073073646072,0.006783125274125723,443.0,-887.0,1.5693553500211541,-0.009108789650920768,0.28624638098406263,55.21197726332548,88.83558152490022,TRACK
69.344,442.9935482700794,-891.670231251556,1.578827505232225,1.5652016166614249,0.0039917961093399925,0.7134872701611813,0.7134984366613798,443.0,-891.670231251556,0.006451729920627258,443.0,-887.0,1.5694148693318934,-0.009412635900331479,0.2865015633386202,55.21197726332548,88.83558152490022,TRACK
69.392,442.9937863140609,-891.6360245266372,1.5700250153394435,1.5647245268582068,0.004330404836464604,0.7131907614703077,0.7132039081866034,443.0,-891.6360245266372,0.006213685939087554,443.0,-887.0,1.5694560227946484,-0.0005689925447951438,0.2867960918133966,40.637999915852596,103.62185174884533,TRACK
69.444,442.9939199085345,-891.598987927726,1.5791125674641755,1.5655864266890342,0.0037139567159803462,0.7128587953202534,0.7128684700138808,443.0,-891.598987927726,0.0060800914654919325,443.0,-887.0,1.569474277679145,-0.009638289785030452,0.28713152998611924,40.637999915852596,103.62185174884533,TRACK
69.492,442.99393204442646,-891.5648212116638,1.5789068474465315,1.567283925749478,0.0025025627441895826,0.7124905215779662,0.712494916584484,443.0,-891.5648212116638,0.006067955573541894,443.0,-887.0,1.5694670409985527,-0.009439806447978816,0.28750508341551595,59.30257947038546,85.20553739391286,TRACK
69.544,442.9939117235505,-891.5278315976336,1.5605130066011337,1.5687040436093733,0.0014898906572506838,0.7120873949979858,0.7120889536351396,443.0,-891.5278315976336,0.006088276449474961,443.0,-887.0,1.5694516935750178,0.008938686973884113,0.2879110463648604,59.30257947038546,85.20553739391286,TRACK
69.592,442.99386200143374,-891.4937112743719,1.569138504490277,1.5699449659121694,0.0006058718256571755,0.7116508305322158,0.7116510884400176,443.0,-891.4937112743719,0.006137998566259739,443.0,-887.0,1.5694304191131914,0.00029191462291433545,0.28834891155998243,123.1605970244496,21.615474099145565,TRACK
69.644,442.99386555527343,-891.4567749765375,1.568836190010951,1.5702089437049374,0.0004177367615142696,0.7111827368079386,0.7111828594936971,443.0,-891.4567749765375,0.0061344447265696544,443.0,-887.0,1.569419896330079,0.0005837063191278524,0.2888171405063029,123.1605970244496,21.615474099145565,TRACK
69.692,442.9940996791949,-891.4227067774161,1.577977795899799,1.5680121345098985,0.0019786824890576475,0.710682730852076,0.7106854853701156,443.0,-891.4227067774161,0.005900320805096726,443.0,-887.0,1.569462230368985,-0.008515565530814007,0.28931451462988445,57.399183707666324,87.64185929924467,TRACK
69.744,442.99449019974685,-891.3858293665975,1.5782291930931185,1.565284014675596,0.003914647332908218,0.7101571171024719,0.71016790650876,443.0,-891.3858293665975,0.005509800253150843,443.0,-887.0,1.5695400541736788,-0.008689138919439676,0.28983209349123995,57.399183707666324,87.64185929924467,TRACK
69.792,442.9947925181582,-891.3518170283024,1.569300676231081,1.5641041109922398,0.004748925849100321,0.7096087595179478,0.7096246499955599,443.0,-891.3518170283024,0.005207481841807748,443.0,-887.0,1.569599704941909,0.00029902871082798654,0.29037535000444015,42.782404324478804,102.52305010829467,TRACK
69.844,442.9949876297314,-891.3150020438258,1.5783185104867425,1.5645907482966321,0.004400052775318005,0.7090388584335028,0.7090525109137619,443.0,-891.3150020438258,0.005012370268616451,443.0,-887.0,1.569634712509844,-0.008683797976898555,0.29094748908623813,42.782404324478804,102.52305010829467,TRACK
69.892,442.99503666923886,-891.2810493793557,1.5599324822489005,1.5662545714231157,0.0032176140459508193,0.7084467697422367,0.7084540765627356,443.0,-891.2810493793557,0.00496333076114297,443.0,-887.0,1.569636954851824,0.00970447260292362,0.2915459234372644,61.607344374856915,83.96980903771954,TRACK
69.944,442.99503108655455,-891.244301236826,1.5685438694701868,1.567894702160954,0.0020538733700925333,0.7078336673596232,0.7078366471464966,443.0,-891.244301236826,0.004968913445452472,443.0,-887.0,1.5696256014156018,0.0010817319454150542,0.29216335285350337,61.607344374856915,83.96980903771954,TRACK
69.992,442.99497825433366,-891.2104119960247,1.568101143292655,1.569453310781314,0.0009497827465857322,0.7072009312930246,0.7072015690798396,443.0,-891.2104119960247,0.005021745666340394,443.0,-887.0,1.5696036303818388,0.0015024870891837683,0.29279843092016045,94.98991676447339,50.87453262234099,TRACK
70.044,442.9949436927879,-891.1737341321408,1.567780119516973,1.5702518041150584,0.00038473299650866214,0.7065508430207846,0.7065509477687084,443.0,-891.1737341321408,0.005056307212100819,443.0,-887.0,1.5695848685231382,0.0018047490061652294,0.2934490522312916,94.98991676447339,50.87453262234099,TRACK
70.092,442.99501734894324,-891.1399112148871,1.57664201977743,1.5696811962252997,0.0007871525803943595,0.7058834862718119,0.70588392516081,443.0,-891.1399112148871,0.004982651056764098,443.0,-887.0,1.5695927626621815,-0.007049257115248508,0.29411607483919,77.90307328318166,68.22935818503699,TRACK
70.144,442.9951930112922,-891.1033063137471,1.5674150545938066,1.5683941990791925,0.0016939919106777382,0.7052034083649792,0.7052054429584169,443.0,-891.1033063137471,0.0048069887077986095,443.0,-887.0,1.5696248357724811,0.0022097811786745414,0.2947945570415831,77.90307328318166,68.22935818503699,TRACK
70.192,442.99539260609777,-891.0695511384029,1.5673662615166735,1.5671676361060112,0.0025564735325192137,0.7045137023224125,0.704518340653354,443.0,-891.0695511384029,0.004607393902233525,443.0,-887.0,1.5696641646037934,0.002297903087119968,0.29548165934664605,77.9639583937423,68.43585635640758,TRACK
70.244,442.99564243557035,-891.0330198420857,1.5673407332206069,1.5660461940517711,0.003343252323116325,0.7038176317215759,0.7038255721826707,443.0,-891.0330198420857,0.0043575644296538485,443.0,-887.0,1.5697158553604442,0.002375122139837371,0.2961744278173293,77.9639583937423,68.43585635640758,TRACK
70.292,442.99589174932873,-890.9993327191643,1.5582296613656939,1.5651201939584594,0.003991026831607082,0.7031167319207328,0.7031280587503689,443.0,-890.9993327191643,0.004108250671265523,443.0,-887.0,1.5697690931250001,0.011539431759306273,0.2968719412496311,77.84045078071182,68.80704505556591,TRACK
70.344,442.99617681979254,-890.9628750513527,1.5582669255506159,1.5643715563670457,0.0045129109469144,0.7024140244799147,0.7024285217381802,443.0,-890.9628750513527,0.0038231802074619736,443.0,-887.0,1.569831577976983,0.011564652426367061,0.29757147826181984,77.84045078071182,68.80704505556591,TRACK
70.392,442.99644320194784,-890.9292555361358,1.5674671931390887,1.5638480522863694,0.004875761997910797,0.7017114143690036,0.7017283535035532,443.0,-890.9292555361358,0.003556798052159138,443.0,-887.0,1.5698911178951533,0.002423924756064677,0.2982716464964468,108.94027747510387,37.940653398096885,TRACK
70.444,442.99676835494586,-890.8928705626587,1.5585899685869689,1.5631535528032683,0.0053577750929819055,0.701011279281798,0.7010317535135266,443.0,-890.8928705626587,0.003231645054142973,443.0,-887.0,1.5699661824939815,0.0113762139070126,0.29896824648647335,108.94027747510387,37.940653398096885,TRACK
70.492,442.9972103053243,-890.8593176630825,1.5772262508136972,1.5612221860189062,0.006705108653264376,0.7003138909429025,0.7003459890151722,443.0,-890.8593176630825,0.002789694675698229,443.0,-887.0,1.570073480314415,-0.007152770499282202,0.2996540109848278,89.91102080406696,57.186121447909954,TRACK
70.544,442.99782393708693,-890.8230036392757,1.577816665913527,1.5586639505147277,0.00848853441157318,0.699625343196865,0.6996768368752732,443.0,-890.8230036392757,0.0021760629130653797,443.0,-887.0,1.5702271244390054,-0.007589541474521733,0.30032316312472684,89.91102080406696,57.186121447909954,TRACK
70.592,442.9984508516516,-890.7895142870472,1.5693989503874541,1.5563631003163692,0.010088799401729725,0.698949666411356,0.6990224746386301,443.0,-890.7895142870472,0.001549148348374274,443.0,-887.0,1.5703875281614217,0.0009885777739675472,0.3009775253613699,25.78616596934512,121.4798028567316,TRACK
70.644,442.9989787222149,-890.7532669315104,1.5699753576351978,1.5563181157554806,0.010110694556051045,0.6982898685106307,0.6983630621739667,443.0,-890.7532669315104,0.0010212777851279498,443.0,-887.0,1.5705242231106773,0.0005488654754794986,0.3016369378260333,25.78616596934512,121.4798028567316,TRACK
70.692,442.9992656237801,-890.7198376030924,1.5610556716243649,1.5583781056229127,0.008663942041251633,0.6976439342467582,0.697697730312339,443.0,-890.7198376030924,0.0007343762198956938,443.0,-887.0,1.5705989052166685,0.00954323359230358,0.30230226968766105,91.81107950075189,55.61803738485308,TRACK
70.744,442.99957872472936,-890.6836539554229,1.5702727296783086,1.5596937190928735,0.007738972562192777,0.6970123396515062,0.6970553014810124,443.0,-890.6836539554229,0.0004212752706393985,443.0,-887.0,1.570681963373712,0.00040923369540335486,0.30294469851898764,91.81107950075189,55.61803738485308,TRACK
70.792,442.99991872981906,-890.6502815825223,1.570417912503434,1.5600133516785808,0.007509535944466675,0.6963982398399378,0.6964387278018539,443.0,-890.6502815825223,8.127018094228333e-05,443.0,-887.0,1.5707740627094853,0.00035615020605117564,0.3035612721981461,75.0282952955646,72.59759820849276,TRACK
70.844,443.00029783900993,-890.6141566113513,1.570649986355397,1.5601143350242084,0.007432894840938238,0.6958077003163514,0.6958473997546056,443.0,-890.6141566113513,0.000297839009931522,443.0,-887.0,1.5708787357885527,0.00022874943315565055,0.30415260024539437,75.0282952955646,72.59759820849276,TRACK
70.892,443.0006004556179,-890.5808351863243,1.580064223517975,1.5606736598918216,0.007037961079915705,0.6952437293608096,0.6952793511328299,443.0,-890.5808351863243,0.0006004556179277643,443.0,-887.0,1.5709640127064384,-0.009100210811536558,0.3047206488671701,74.74042025996036,72.97444287898676,TRACK
70.944,443.00087382522474,-890.5447621419332,1.580289953253077,1.561562976453025,0.006414662440131649,0.6947077613320788,0.6947373759552954,443.0,-890.5447621419332,0.0008738252247439959,443.0,-887.0,1.5710428384569082,-0.009247114796168798,0.3052626240447046,74.74042025996036,72.97444287898676,TRACK
70.992,443.00109246981333,-890.5114856360841,1.5713523885499858,1.5624937175118623,0.005763814044521072,0.6942012333490848,0.6942251608345309,443.0,-890.5114856360841,0.0010924698133294442,443.0,-887.0,1.571107440064692,-0.0002449484852937722,0.3057748391654691,42.857019652361025,104.93359179573002,TRACK
71.044,443.0012015227815,-890.4754578029639,1.5714796282515322,1.564337828370951,0.004480489491719846,0.6937258322937074,0.6937403009611612,443.0,-890.4754578029639,0.001201522781514086,443.0,-887.0,1.5711420431873158,-0.0003375850642164391,0.30625969903883876,42.857019652361025,104.93359179573002,TRACK
71.092,443.0011935300039,-890.4422197191954,1.562196050288587,1.566679649876194,0.0028540374994317163,0.6932828184698936,0.6932886930533395,443.0,-890.4422197191954,0.0011935300038885543,443.0,-887.0,1.5711430594422644,0.00894700915367741,0.3067113069466605,92.313570062731,55.52045592570291,TRACK
71.144,443.001235573359,-890.4062296976549,1.562013102826309,1.5677104834914506,0.0021381084955531065,0.6928743616045303,0.6928776605410396,443.0,-890.4062296976549,0.0012355733589970441,443.0,-887.0,1.5711590660739463,0.00914596324763739,0.3071223394589604,92.313570062731,55.52045592570291,TRACK
71.192,443.00138215402006,-890.37302282311,1.5711557797834699,1.5672460435618147,0.0024585878423879675,0.6925017952663874,0.6925061596125686,443.0,-890.37302282311,0.0013821540200638083,443.0,-887.0,1.5712060939429975,5.031415952760909e-05,0.30749384038743144,106.66386329159836,41.171602024676886,TRACK
71.244,443.0016479152618,-890.3370626055887,1.5712818408888782,1.5659032343814114,0.003386859686154495,0.6921660925471769,0.6921743786724273,443.0,-890.3370626055887,0.0016479152617989712,443.0,-887.0,1.5712901488541788,8.307965300602405e-06,0.30782562132757274,106.66386329159836,41.171602024676886,TRACK
71.292,443.0020147517226,-890.3038794168973,1.5808532686068457,1.5637484184693542,0.004876307989222275,0.6918687110304185,0.6918858949873877,443.0,-890.3038794168973,0.0020147517225836964,443.0,-887.0,1.5714061406587245,-0.009447127948121192,0.30811410501261227,56.41211175009925,91.37557195516183,TRACK
71.344,443.00240860385094,-890.2679407379509,1.5812829140889781,1.5623806101421451,0.0058205279799949765,0.6916096166168149,0.6916341087184925,443.0,-890.2679407379509,0.002408603850938107,443.0,-887.0,1.5715333669091271,-0.009749547179850993,0.3083658912815075,56.41211175009925,91.37557195516183,TRACK
71.392,443.00264389999376,-890.2347739275232,1.572416964889531,1.5628428597961475,0.005499044228383003,0.6913875768362434,0.6914094451849194,443.0,-890.2347739275232,0.002643899993756804,443.0,-887.0,1.5716136634818652,-0.000803301407665824,0.3085905548150806,41.54863723927196,106.1624048100717,TRACK
71.444,443.0026999427722,-890.198849413775,1.5724881503605674,1.5650794027183739,0.003951589757270656,0.6912015367105095,0.6912128322105859,443.0,-890.198849413775,0.0026999427722103064,443.0,-887.0,1.571640362190699,-0.0008477881698685241,0.30878716778941406,41.54863723927196,106.1624048100717,TRACK
71.492,443.00257826509113,-890.1656921687376,1.563140367311499,1.5683633759760982,0.0016813002510227982,0.691052577259435,0.691054622520855,443.0,-890.1656921687376,0.0025782650911310157,443.0,-887.0,1.5716107662235081,0.00847039891200918,0.30894537747914497,91.49827481394333,56.16099011381711,TRACK
71.544,443.0024367814572,-890.1297734073808,1.5629208341123004,1.5705929076263485,0.00014055147338026656,0.6909450689663682,0.6909450832618002,443.0,-890.1297734073808,0.0024367814572201496,443.0,-887.0,1.5715749074292298,0.008654073316929356,0.30905491673819985,91.49827481394333,56.16099011381711,TRACK
71.592,443.0023790792184,-890.0966168254736,1.572051282348154,1.571273090508009,-0.00032938703390569395,0.6908810379013777,0.6908811164212718,443.0,-890.0966168254736,0.0023790792183717713,443.0,-887.0,1.5715646100163496,-0.0004866723318044386,0.3091188835787282,105.86978521852618,41.67993045845065,TRACK
71.644,443.0024216556891,-890.0606940458634,1.5721352562981292,1.5706914274486865,7.247082703020004e-05,0.6908606143194467,0.6908606181205179,443.0,-890.0606940458634,0.002421655689090585,443.0,-887.0,1.5715875379213509,-0.0005477183767783611,0.3091393818794821,105.86978521852618,41.67993045845065,TRACK
71.692,443.00261147723774,-890.0275293563999,1.5816893893262125,1.5687247535076643,0.0014312214964385392,0.6908852599793273,0.6908867424199675,443.0,-890.0275293563999,0.002611477237735471,443.0,-887.0,1.5716589035968473,-0.010030485729365157,0.3091132575800325,55.30156493939464,92.08091806517177,TRACK
71.744,443.0028632058354,-889.9915931668231,1.5820722536480492,1.5669977962128196,0.002624621072421429,0.6909536180610336,0.6909586029187325,443.0,-889.9915931668231,0.002863205835410554,443.0,-885.0,1.5713699323404007,-0.010702321307648477,0.30904139708126754,55.30156493939464,92.08091806517177,TRACK
71.792,443.0030169392613,-889.9584122069862,1.573087940746805,1.5667055922305524,0.0028269765939802666,0.6910643505507897,0.6910701327642859,443.0,-889.9584122069862,0.0030169392612720003,443.0,-885.0,1.5714047753794498,-0.0016831653673552438,0.30892986723571414,39.15511151291488,108.03268079202516,TRACK
71.844,443.00301675733766,-889.9224544209425,1.5731355482251093,1.568139693258231,0.0018363103002479535,0.6912153877674725,0.6912178269706708,443.0,-889.9224544209425,0.003016757337661602,443.0,-885.0,1.5714091830454566,-0.0017263651796526336,0.3087821730293292,39.15511151291488,108.03268079202516,TRACK
71.892,443.00284795509356,-889.8892497620944,1.5636832956469073,1.5708501995281845,-3.724800143356218e-05,0.691407306149105,0.6914073071524308,443.0,-889.8892497620944,0.002847955093557175,443.0,-885.0,1.571378820001428,0.0076955243545207,0.3085926928475692,90.08134714509671,56.90763171228969,TRACK
71.944,443.00263811956637,-889.8532616562635,1.5633872850338468,1.5728733591998478,-0.0014365657108438244,0.6916423843974999,0.691643876294803,443.0,-889.8532616562635,0.0026381195663702783,443.0,-885.0,1.571339903361211,0.007952618327364158,0.30835612370519705,90.08134714509671,56.90763171228969,TRACK
71.992,443.00247833915535,-889.8200246356085,1.5724620842802164,1.5738296605155302,-0.0020988332091036372,0.6919208254673854,0.6919240087005998,443.0,-889.8200246356085,0.002478339155345566,443.0,-885.0,1.5713105023695673,-0.0011515819106491243,0.3080759912994002,104.84412655809771,41.914686316793656,TRACK
72.044,443.0023618217791,-889.7839972998358,1.5724649378381503,1.5738999983197066,-0.002148493156678749,0.6922402196392567,0.692243553750449,443.0,-889.7839972998358,0.002361821779118145,443.0,-885.0,1.571290018876896,-0.0011749189612544342,0.307756446249551,104.84412655809771,41.914686316793656,TRACK
72.092,443.0023711679109,-889.7507204071608,1.5819620776105234,1.5727142733069446,-0.0013283716743074298,0.6926001518546749,0.6926014257279751,443.0,-889.7507204071608,0.0023711679108942008,443.0,-885.0,1.5712954442993534,-0.010666633311170015,0.3073985742720249,54.12170304740123,92.37333972427635,TRACK
72.144,443.0024127382644,-889.7146462365009,1.5822643593132815,1.5716385252170504,-0.0005836411319366694,0.6929970166083079,0.6929972623791426,443.0,-889.7146462365009,0.0024127382644110185,443.0,-885.0,1.5713080805793282,-0.010956278733953217,0.3070027376208574,54.12170304740123,92.37333972427635,TRACK
72.192,443.002386380686,-889.6813231483854,1.5731728868509467,1.5716205746343053,-0.0005715574116364775,0.6934289116374359,0.6934291471899301,443.0,-889.6813231483854,0.002386380686004941,443.0,-885.0,1.571306093030564,-0.001866793820382684,0.3065708528100699,39.05875533759516,107.16792411463638,TRACK
72.244,443.00223322783404,-889.6451958378384,1.5731308705647498,1.5728173100564844,-0.0014023488211739835,0.6938933827848606,0.6938947998470901,443.0,-889.6451958378384,0.002233227834040008,443.0,-885.0,1.5712770875076727,-0.001853783057077063,0.3061052001529099,39.05875533759516,107.16792411463638,TRACK
72.292,443.0019711248403,-889.6118207492617,1.563570719130734,1.5748612988188084,-0.0028226943965862675,0.6943907196818506,0.6943964567766276,443.0,-889.6118207492617,0.001971124840281391,443.0,-885.0,1.571223733848948,0.007653014718214113,0.30560354322337235,89.62210513483804,56.32395614876596,TRACK
72.344,443.001704398612,-889.5756336017384,1.5724185794401433,1.5760199269289765,-0.003630024048193135,0.6949213068920683,0.6949307878106787,443.0,-889.5756336017384,0.0017043986119915644,443.0,-885.0,1.5711688213347816,-0.0012497581053616535,0.30506921218932126,89.62210513483804,56.32395614876596,TRACK
72.392,443.00151632194877,-889.542200165597,1.5722229328072925,1.5761607499236248,-0.003730907967313269,0.6954843213443715,0.695494328452865,443.0,-889.542200165597,0.0015163219487703827,443.0,-885.0,1.571130156621228,-0.0010927761860646257,0.30450567154713504,73.17635084663306,72.47292493082128,TRACK
72.444,443.00133268422354,-889.5059470234597,1.5721119677171769,1.5760559216787475,-0.0036611133293328784,0.6960763424903043,0.6960859704989676,443.0,-889.5059470234597,0.0013326842235414915,443.0,-885.0,1.5710920879695718,-0.0010198797476050903,0.3039140295010324,73.17635084663306,72.47292493082128,TRACK
72.492,443.0011280532957,-889.4724503873246,1.5812651535384212,1.5763536785258405,-0.0038718241795651764,0.6966959277709621,0.6967066863430543,443.0,-889.4724503873246,0.0011280532957016476,443.0,-885.0,1.571048549441117,-0.010216604097304183,0.3032933136569457,72.59041447166273,72.76254630459128,TRACK
72.544,443.0008674998172,-889.4361263718296,1.5811529429935849,1.5769201000540094,-0.004270411052663209,0.6973409188827138,0.6973539944380804,443.0,-889.4361263718296,0.0008674998172182313,443.0,-885.0,1.5709918802425327,-0.010161062751052219,0.30264600556191956,72.59041447166273,72.76254630459128,TRACK
72.592,443.0006091547341,-889.40256212799,1.5717431872917622,1.5774716729395468,-0.0046595334153533875,0.6980108752707501,0.6980264273277105,443.0,-889.40256212799,0.0006091547340929537,443.0,-885.0,1.5709346904823351,-0.0008084968094270728,0.3019735726722895,40.82508620333598,104.22032086715919,TRACK
72.644,443.00021787405757,-889.3661627814287,1.5715583416578904,1.5789001926326416,-0.00566231665812352,0.6987026707810269,0.6987256142338543,443.0,-889.3661627814287,0.00021787405756867884,443.0,-885.0,1.5708462273754051,-0.0007121142824852988,0.30127438576614574,40.82508620333598,104.22032086715919,TRACK
72.692,442.9997682907939,-889.3325272221444,1.5618311364971447,1.580745323248131,-0.006958717125399457,0.699416022455103,0.6994506388666384,443.0,-889.3325272221444,0.00023170920610482426,443.0,-885.0,1.570742845490798,0.008911708993653233,0.3005493611333616,91.26342574731365,53.46746710445165,TRACK
72.744,442.99935709738327,-889.2960488236193,1.5613648569196457,1.5812091960266343,-0.007290814087657858,0.7001480969763678,0.7001860564662011,443.0,-889.2960488236193,0.0006429026167324992,443.0,-885.0,1.5706466770496705,0.009281820130024876,0.29981394353379887,91.26342574731365,53.46746710445165,TRACK
72.792,442.9991094802609,-889.2623391016411,1.5703413302655531,1.5801334859489584,-0.006544570674044931,0.7008963191256575,0.7009268731966289,443.0,-889.2623391016411,0.0008905197390731701,443.0,-885.0,1.5705873993245851,0.0002460690590320169,0.29907312680337106,106.10664130597738,38.31050534810359,TRACK
72.844,442.998972754327,-889.2257795407141,1.5702235843571097,1.578170515308745,-0.005174241647352481,0.7016565752095509,0.7016756532126659,443.0,-889.2257795407141,0.0010272456730149315,443.0,-885.0,1.5705532365809176,0.00032965222380787473,0.2983243467873341,106.10664130597738,38.31050534810359,TRACK
72.892,442.9989925159852,-889.1919943087296,1.579673833521657,1.575379204683988,-0.0032191616462385565,0.70242742377356,0.7024348002988356,443.0,-889.1919943087296,0.001007484014792226,443.0,-885.0,1.5705559915460399,-0.009117841975617047,0.29756519970116435,55.35241498803639,88.80517114010006,TRACK
72.944,442.9990387870888,-889.1553521538815,1.5799013586039359,1.5733290224784786,-0.0017810149496748575,0.703207713853494,0.7032099692391374,443.0,-889.1553521538815,0.000961212911192888,443.0,-885.0,1.5705650075568507,-0.00933635104708519,0.29679003076086263,55.35241498803639,88.80517114010006,TRACK
72.992,442.99897510272444,-889.1214899856345,1.5706869377711625,1.5731003462624769,-0.0016220248741045556,0.7039966574722463,0.7039985260615162,443.0,-889.1214899856345,0.0010248972755562136,443.0,-885.0,1.5705476552566902,-0.00013928251447237194,0.29600147393848375,40.32622341727387,103.54955758983431,TRACK
73.044,442.99873056327635,-889.0847642842733,1.5706184556972569,1.5746275976201485,-0.0027002547610819414,0.704790048057354,0.7047952207673248,443.0,-889.0847642842733,0.0012694367236463222,443.0,-885.0,1.5704855532485096,-0.0001329024487473074,0.2952047792326752,40.32622341727387,103.54955758983431,TRACK
73.092,442.99835453334157,-889.0508252244987,1.5609850298402241,1.5771697393221171,-0.004497050535841554,0.7055858420940847,0.7056001729217054,443.0,-889.0508252244987,0.0016454666584309052,443.0,-885.0,1.5703901215214682,0.009405091681244038,0.2943998270782946,90.99766640159834,52.582299004695756,TRACK
73.144,442.99796275118837,-889.0140169292165,1.5606274175438561,1.578667404176325,-0.005560078110228818,0.7063789386835229,0.7064008206990221,443.0,-889.0140169292165,0.002037248811632253,443.0,-885.0,1.5702887931515084,0.009661375607652234,0.2935991793009779,90.99766640159834,52.582299004695756,TRACK
73.192,442.99770312789366,-888.9800028173113,1.569746597651798,1.578583786788609,-0.00550713729557468,0.7071658761197537,0.7071873195338072,443.0,-888.9800028173113,0.002296872106342107,443.0,-885.0,1.5702192237231696,0.00047262607137166235,0.2928126804661928,105.67951265027845,37.631576480240696,TRACK
73.244,442.99755849618896,-888.9431148069351,1.5604165101538612,1.5772277235012349,-0.004553121869910829,0.7079425047021235,0.7079571462190903,443.0,-888.9431148069351,0.002441503811041912,443.0,-885.0,1.570177145356219,0.009760635202357815,0.29204285378090966,105.67951265027845,37.631576480240696,TRACK
73.292,442.99760637929455,-888.9090287085608,1.5793119779520637,1.5744796111628323,-0.002610381570483342,0.7087070953694097,0.7087119027636611,443.0,-888.9090287085608,0.0023936207054475744,443.0,-885.0,1.5701839955523444,-0.009127982399719237,0.29128809723633886,86.20181560563813,56.91653298322598,TRACK
73.344,442.9978209195266,-888.872064154011,1.5797092216779816,1.5711525518058331,-0.0002527272282603376,0.7094594983825688,0.7094595433964491,443.0,-888.872064154011,0.002179080473410977,443.0,-885.0,1.5702335571307864,-0.009475664547195173,0.2905404566035509,86.20181560563813,56.91653298322598,TRACK
73.392,442.9980862734175,-888.8379085164338,1.5708724272040462,1.568303232932389,0.001770599423057367,0.7102001979491812,0.7102024050856017,443.0,-888.8379085164338,0.0019137265824724636,443.0,-885.0,1.5702976889520015,-0.000574738252044682,0.28979759491439827,20.39659056414608,122.54195476875701,TRACK
73.444,442.9981985590905,-888.8008702886431,1.580648586174373,1.5681143960535633,0.001906658577665999,0.7109258926430783,0.7109284494077371,443.0,-888.8008702886431,0.0018014409095030715,443.0,-885.0,1.5703223719798645,-0.010326214194508632,0.28907155059226286,20.39659056414608,122.54195476875701,TRACK
73.492,442.99808323766484,-888.7666488222345,1.561896922271412,1.5702364280281569,0.00039844268009434406,0.7116333561136916,0.7116334676574771,443.0,-888.7666488222345,0.0019167623351563634,443.0,-885.0,1.5702874494718,0.00839052720038791,0.28836653234252285,56.1562286621059,86.58759714543667,TRACK
73.544,442.99788257504633,-888.7295419973069,1.5616338949451103,1.5723288212830095,-0.001091626036375941,0.7123191569481315,0.7123199934037372,443.0,-888.7295419973069,0.0021174249536670686,443.0,-885.0,1.5702285828929132,0.008594687947802937,0.2876800065962628,56.1562286621059,86.58759714543667,TRACK
73.592,442.9976241832959,-888.6952598965869,1.5706185241590749,1.5744340837916262,-0.002593663437235533,0.7129811030998294,0.7129858206636898,443.0,-888.6952598965869,0.0023758167041023626,443.0,-885.0,1.5701533905892633,-0.00046513356981159326,0.28701417933631024,122.24025077823663,20.36400848860442,TRACK
73.644,442.9973690883189,-888.6580905269016,1.570353390673394,1.5755647737875405,-0.0034028666561728635,0.7136161668199621,0.7136242800299718,443.0,-888.6580905269016,0.002630911681080761,443.0,-885.0,1.5700771233722046,-0.00027626730118934795,0.2863757199700282,122.24025077823663,20.36400848860442,TRACK
73.692,442.99734930055854,-888.6237539705596,1.5798377197042328,1.5740952213494273,-0.00235614907928017,0.7142212317596197,0.7142251181068279,443.0,-888.6237539705596,0.002650699441460347,443.0,-885.0,1.5700648480603485,-0.009772871643884296,0.28577488189317213,53.83593561375244,88.65201694338188,TRACK
73.744,442.99745923941595,-888.5865292873933,1.5801172407241257,1.5719036708510234,-0.0007915238228365771,0.7147945527246582,0.7147949909693032,443.0,-888.5865292873933,0.002540760584054169,443.0,-885.0,1.5700879092816329,-0.01002933144249285,0.2852050090306968,53.83593561375244,88.65201694338188,TRACK
73.792,442.99751068268904,-888.5521451225122,1.5708872202910744,1.570991177339521,-0.00013938328520142712,0.7153343281956286,0.7153343417750831,443.0,-888.5521451225122,0.0024893173109603595,443.0,-885.0,1.5700955342265766,-0.0007916860644978652,0.28466565822491685,38.46367378158089,103.97424571230633,TRACK
73.844,442.99744980074047,-888.5148728755416,1.580205601522083,1.571495341454295,-0.000500381481528929,0.7158382063983898,0.7158383812853923,443.0,-888.5148728755416,0.0025501992595309275,443.0,-885.0,1.5700707816891866,-0.010134819832896325,0.28416161871460766,38.46367378158089,103.97424571230633,TRACK
73.892,442.9972793896582,-888.4804487465392,1.5611930371443277,1.572985098644163,-0.001567828771078164,0.7163041081351098,0.7163058239455341,443.0,-888.4804487465392,0.0027206103417825034,443.0,-885.0,1.5700146431713802,0.008821606027052509,0.2836941760544659,57.72149132701526,84.67997482799689,TRACK
73.944,442.99704817256094,-888.4431377432915,1.570049187836265,1.5743895189526909,-0.002575357625201187,0.716729422916857,0.7167340497992464,443.0,-888.4431377432915,0.0029518274390625265,443.0,-885.0,1.5699390196129113,-0.00011016822335374599,0.2832659502007536,57.72149132701526,84.67997482799689,TRACK
73.992,442.996784864125,-888.408682212968,1.5696357394850387,1.5758079677576724,-0.003593939801726516,0.717112366838123,0.7171213726249366,443.0,-888.408682212968,0.003215135874995667,443.0,-885.0,1.5698531074741569,0.0002173679891182001,0.2828786273750634,92.0661309733647,50.34184940418481,TRACK
74.044,442.99651201260525,-888.3713421161976,1.5691702624756723,1.5766120782447475,-0.004172561484845482,0.7174506128603757,0.717462746184827,443.0,-888.3713421161976,0.0034879873947488704,443.0,-885.0,1.569761728100957,0.0005914656252847816,0.28253725381517303,92.0661309733647,50.34184940418481,TRACK
74.092,442.9963440187352,-888.3368646078441,1.578253964159978,1.5762817018849808,-0.003937120267497887,0.7177413967707942,0.7177521950885913,443.0,-888.3368646078441,0.0036559812647851686,443.0,-885.0,1.569700693548856,-0.008553270611121988,0.28224780491140866,74.27256887696393,68.18674467767067,TRACK
74.144,442.9962332367011,-888.2995059907943,1.5780784535175703,1.5753991487336507,-0.0033047764805966525,0.7179841380438021,0.7179917437060737,443.0,-888.2995059907943,0.0037667632989268895,443.0,-885.0,1.5696547129675384,-0.00842374055003181,0.28200825629392634,74.27256887696393,68.18674467767067,TRACK
74.192,442.996151187536,-888.2650160961156,1.568510937704925,1.5746203990384031,-0.0027463798744807146,0.7181785050939811,0.7181837562779043,443.0,-888.2650160961156,0.0038488124640139176,443.0,-885.0,1.5696175238218109,0.0011065861168859659,0.2818162437220957,42.2006948742391,100.37310201560027,TRACK
74.244,442.99598060164885,-888.2276488794247,1.5683102395150272,1.574879854719236,-0.002933321158732627,0.7183261406535979,0.7183321298113519,443.0,-888.2276488794247,0.004019398351147174,443.0,-885.0,1.5695510252074034,0.0012407856923761784,0.28166787018864814,42.2006948742391,100.37310201560027,TRACK
74.292,442.99574216613587,-888.1931555585732,1.5584703348855127,1.5758702255996455,-0.0036452510353468743,0.7184257893006311,0.7184350371379067,443.0,-888.1931555585732,0.004257833864130589,443.0,-885.0,1.5694629024557054,0.010992567570192735,0.2815649628620933,93.34783241760196,49.358772812478165,TRACK
74.344,442.9955504937115,-888.1557903839022,1.558026559362807,1.575889745358565,-0.0036595160292730846,0.7184731310231351,0.7184824507667223,443.0,-888.1557903839022,0.004449506288494831,443.0,-885.0,1.569386377844321,0.011359818481513795,0.28151754923327765,93.34783241760196,49.358772812478165,TRACK
74.392,442.99550499776103,-888.121304704837,1.5671650458411932,1.5745688300607685,-0.002710426724564529,0.7184656116816887,0.7184707242345872,443.0,-888.121304704837,0.004495002238968482,443.0,-885.0,1.5693562241594141,0.00219117831822091,0.28152927576541276,108.42656574495581,34.44373681751626,TRACK
74.444,442.99559238440895,-888.0839536427351,1.567109008462927,1.5724299437035736,-0.0011735980099693531,0.7184040271254744,0.7184049857304641,443.0,-888.0839536427351,0.004407615591048852,443.0,-885.0,1.569367118349958,0.0022581098870311234,0.2815950142695359,108.42656574495581,34.44373681751626,TRACK
74.492,442.99583357567025,-888.0494861997508,1.5767607254314695,1.5694099089232882,0.000995847573800458,0.7182877227249442,0.7182884130554916,443.0,-888.0494861997508,0.004166424329753227,443.0,-885.0,1.569430056720412,-0.007330668711057475,0.2817115869445084,57.16397090594556,85.94244591145089,TRACK
74.544,442.9961524380636,-888.0121598155661,1.5770824195503086,1.5669063542559813,0.002793490108833883,0.7181222979379711,0.7181277312447281,443.0,-888.0121598155661,0.0038475619364248814,443.0,-885.0,1.5695189842634758,-0.007563435286832787,0.28187226875527194,57.16397090594556,85.94244591145089,TRACK
74.592,442.9963636997144,-887.977719124097,1.5678622406395095,1.5661213733487716,0.0033562181078572364,0.7179095356216276,0.7179173807176202,443.0,-887.977719124097,0.003636300285620564,443.0,-883.0,1.5700658115632964,0.0022035709237868684,0.28208261928237977,42.17506837298268,101.17088417150487,TRACK
74.644,442.9964403607744,-887.9404265832366,1.5679117245424556,1.5670375001890997,0.002697529673998385,0.7176486847147383,0.7176537544938617,443.0,-887.9404265832366,0.0035596392256138643,443.0,-883.0,1.5700758143958842,0.0021640898534285302,0.2823462455061383,42.17506837298268,101.17088417150487,TRACK
74.692,442.99637587040905,-887.9060221534119,1.5582952316485745,1.5690075578161755,0.0012831520408835254,0.7173372792029344,0.7173384268345233,443.0,-887.9060221534119,0.003624129590946268,443.0,-883.0,1.5700576165285345,0.011762384879959953,0.2826615731654767,95.2317938621154,48.38116729161318,TRACK
74.744,442.9963250132467,-887.8687748132965,1.567494497750183,1.570110469334488,0.0004917410029698448,0.7169724822587676,0.716972650890892,443.0,-887.8687748132965,0.0036749867533103497,443.0,-883.0,1.5700415196419035,0.0025470218917205134,0.283027349109108,95.2317938621154,48.38116729161318,TRACK
74.792,442.9963891824772,-887.8344176551828,1.5674746492612028,1.569697270744631,0.000787532290875577,0.7165530580465775,0.7165534908176856,443.0,-887.8344176551828,0.003610817522826437,443.0,-883.0,1.5700494288003644,0.0025747795391615202,0.2834465091823144,77.08639214592169,66.83591736621217,TRACK
74.844,442.9965628539482,-887.7972266285066,1.5675478031604564,1.5684490655988468,0.0016808385825526912,0.716083705743683,0.7160856784281795,443.0,-887.7972266285066,0.0034371460517945707,443.0,-883.0,1.5700798408479508,0.0025320376874944373,0.2839143215718205,77.08639214592169,66.83591736621217,TRACK
74.892,442.9967603344841,-887.7629254259523,1.5771208908609466,1.5672571815737295,0.002532507319719476,0.7155673440249717,0.7155718254852385,443.0,-887.7629254259523,0.003239665515877732,443.0,-883.0,1.5701161429317156,-0.007004747929231003,0.28442817451476154,76.44010352793539,67.82222485858726,TRACK
74.944,442.99699948345426,-887.7257991071016,1.5772565644618968,1.5662428585081354,0.003255786287593587,0.7150074581883545,0.7150148707609668,443.0,-887.7257991071016,0.0030005165457396288,443.0,-883.0,1.5701614043035799,-0.007095160158316904,0.2849851292390332,76.44010352793539,67.82222485858726,TRACK
74.992,442.99723263447953,-887.6915613308473,1.5679620073265366,1.5654544230504852,0.0038163206461977687,0.7144052996763877,0.714415492909402,443.0,-887.6915613308473,0.0027673655204694114,443.0,-883.0,1.5702064666173647,0.0022444592908281713,0.285584507090598,43.84907821547849,100.76008432315871,TRACK
75.044,442.9973776996372,-887.6545072484553,1.5680533914140489,1.5659530282008125,0.003457008519618176,0.7137659224283939,0.7137742941070102,443.0,-887.6545072484553,0.002622300362816077,443.0,-883.0,1.5702329373864388,0.0021795459723898958,0.2862257058929898,43.84907821547849,100.76008432315871,TRACK
75.092,442.99739138979015,-887.6203392456047,1.5584623862438234,1.5675051957734858,0.0023468795698144964,0.713089537030857,0.7130933989784207,443.0,-887.6203392456047,0.002608610209847484,443.0,-883.0,1.5702317340682583,0.01176934782443495,0.2869066010215793,95.01856754739049,49.94990303863901,TRACK
75.144,442.9974261221861,-887.583364628317,1.558286499820754,1.5683267821419515,0.0017592474622278387,0.71237581542943,0.7123779877006158,443.0,-887.583364628317,0.002573877813915715,443.0,-883.0,1.5702347573471054,0.011948257526351425,0.2876220122993842,95.01856754739049,49.94990303863901,TRACK
75.192,442.99755637163673,-887.5492735038366,1.5677564948204088,1.567854834820915,0.0020932464280969394,0.7116253960318123,0.711628474667816,443.0,-887.5492735038366,0.0024436283632667255,443.0,-883.0,1.5702591799018404,0.002502685081431588,0.288371525332184,109.79502396927802,35.54307912667727,TRACK
75.244,442.99781430778705,-887.5123851618954,1.5679448142224053,1.5664399535255131,0.0030967188823363993,0.7108434243327807,0.7108501695751291,443.0,-887.5123851618954,0.0021856922129472878,443.0,-883.0,1.5703119505806344,0.0023671363582291605,0.28914983042487086,109.79502396927802,35.54307912667727,TRACK
75.292,442.9982079787826,-887.4783759208394,1.5779007651767305,1.5639187409115423,0.004883384949401454,0.7100322751827397,0.7100490681986293,443.0,-887.4783759208394,0.0017920212173976324,443.0,-883.0,1.5703961770188555,-0.007504588157875025,0.28995093180137066,57.67183189630379,88.03246011789483,TRACK
75.344,442.99869549709007,-887.441577990914,1.5690621490449126,1.5616939564661338,0.006455573440439111,0.7091993533670085,0.7092287340799355,443.0,-887.441577990914,0.0013045029099316707,443.0,-883.0,1.5705026242245284,0.0014404751796157633,0.2907712659200645,57.67183189630379,88.03246011789483,TRACK
75.392,442.99906848494436,-887.4076533042238,1.5693809250908561,1.561033307736783,0.006915825840492683,0.7083470868043715,0.7083808467422703,443.0,-887.4076533042238,0.0009315150556403751,443.0,-883.0,1.570584986433603,0.001204061342746865,0.2916191532577297,74.00788867448578,72.03981984179818,TRACK
75.444,442.9994336477072,-887.3709486256695,1.5696930287804127,1.560968592693824,0.006953113084523569,0.7074763274615375,0.707510494409822,443.0,-887.3709486256695,0.000566352292821648,443.0,-883.0,1.570666754855678,0.0009737260752653576,0.29248950559017795,74.00788867448578,72.03981984179818,TRACK
75.492,442.99973410416914,-887.337111585321,1.5605204173294156,1.561299774568592,0.0067103518733789575,0.7065880320572957,0.7066198949002686,443.0,-887.337111585321,0.00026589583086433777,443.0,-883.0,1.570735019672564,0.010214602343148416,0.29338010509973145,74.47032352295682,71.93894079221224,TRACK
75.544,443.00002058651893,-887.3005029317062,1.560808100669996,1.5618832929366646,0.006289975302841297,0.7056866201679226,0.7057146517349178,443.0,-887.3005029317062,2.058651892866692e-05,443.0,-883.0,1.5708011137975462,0.009993013127550077,0.29428534826508224,74.47032352295682,71.93894079221224,TRACK
75.592,443.0002536086156,-887.2667550376369,1.5706609681414483,1.5625845204836504,0.005787603401700149,0.7047746973643728,0.7047984608369818,443.0,-887.2667550376369,0.000253608615594203,443.0,-883.0,1.570855765083024,0.00019479694157564786,0.29520153916301817,106.32130782284605,40.44264908756489,TRACK
75.644,443.0005262062332,-887.230243061566,1.5615841498988585,1.5628449758489102,0.005596733867995887,0.7038572383799662,0.7038794892947667,443.0,-887.230243061566,0.0005262062331894413,443.0,-883.0,1.5709207182832383,0.009336568384379795,0.29612051070523326,106.32130782284605,40.44264908756489,TRACK
75.692,443.0009166801178,-887.1965839480017,1.5810927271398114,1.5615709097350423,0.006485082423000415,0.7029382413527875,0.7029681553599586,443.0,-887.1965839480017,0.0009166801178253081,443.0,-883.0,1.5710147616253693,-0.010077965514442067,0.2970318446400414,86.08998558865008,60.99709315178421,TRACK
75.744,443.0014781836251,-887.1601669653344,1.5818048075044415,1.5594088148689729,0.007994654104849421,0.7020241632940906,0.7020696833954762,443.0,-887.1601669653344,0.0014781836251245295,443.0,-883.0,1.5711516451211163,-0.010653162383325254,0.29793031660452385,86.08998558865008,60.99709315178421,TRACK
75.792,443.00205572251895,-887.1265940797501,1.5731105802638883,1.5573789252221215,0.009407746268936201,0.7011179968596317,0.7011811115612879,443.0,-887.1265940797501,0.002055722518946368,443.0,-883.0,1.5712944912155211,-0.0018160890483671643,0.29881888843871207,19.457750131810002,127.88488843608391,TRACK
75.844,443.0024970717583,-887.09026964322,1.5833553033718866,1.5578215905784099,0.009085654954969455,0.7002180976805177,0.7002770404956054,443.0,-887.09026964322,0.002497071758284619,443.0,-883.0,1.5714068174632088,-0.011948485908677808,0.29972295950439465,19.457750131810002,127.88488843608391,TRACK
75.892,443.00268213165225,-887.0567818093492,1.5644528060797596,1.560422291723651,0.007255070780894795,0.6993238854670725,0.6993615179839386,443.0,-887.0567818093492,0.0026821316522500638,443.0,-883.0,1.5714574743220493,0.0070046682422897355,0.30063848201606136,19.457750131810002,127.88488843608391,TRACK
75.944,443.0027919305075,-887.0205477506258,1.564369180574024,1.5629865111437768,0.005454826764063728,0.6984436131148456,0.6984649138188304,443.0,-887.0205477506258,0.0027919305074988188,443.0,-883.0,1.5714907421412374,0.00712156156721333,0.30153508618116964,55.44560251641398,92.15799697043357,TRACK
75.992,443.00278868277417,-886.9871409081113,1.573674316003236,1.5657475488132055,0.003521956007761924,0.6975799085263727,0.6975887993322306,443.0,-886.9871409081113,0.002788682774166773,443.0,-883.0,1.5714957458482248,-0.002178570155011217,0.3024112006677694,123.14995039850842,24.753684861330463,TRACK
76.044,443.00277087086323,-886.9509913563874,1.5735290540058364,1.5676827224378034,0.0021693835429732345,0.6967412309917868,0.696744608295541,443.0,-886.9509913563874,0.002770870863230357,443.0,-883.0,1.5714976369621485,-0.002031417043687922,0.30325539170445903,123.14995039850842,24.753684861330463,TRACK
76.092,443.0029136018608,-886.9176584686809,1.5642777938572245,1.5672746772504076,0.0024508461603979332,0.6959341063377978,0.6959384218528901,443.0,-886.9176584686809,0.0029136018608255654,443.0,-883.0,1.5715400366784769,0.007262242821252318,0.3040615781471099,53.62646763824185,94.4534641836542,TRACK
76.144,443.0031238747959,-886.8815852269297,1.583641896413935,1.5664687774592934,0.003008348605745937,0.6951578347524974,0.6951643441511612,443.0,-886.8815852269297,0.0031238747959037028,443.0,-883.0,1.571601120181834,-0.01204077623210087,0.30483565584883876,53.62646763824185,94.4534641836542,TRACK
76.192,443.0032149022905,-886.8483202363892,1.5743114831204832,1.567024553608787,0.0026191687417934035,0.6944098152801711,0.694414754741242,443.0,-886.8483202363892,0.0032149022904945923,443.0,-883.0,1.5716317306451797,-0.0026797524753034985,0.30558524525875796,38.02347012297753,110.16361128220089,TRACK
76.244,443.00315779169904,-886.8123177495796,1.5743125050287279,1.5688962585446964,0.0013180614704428044,0.6936908103813324,0.693692062585085,443.0,-886.8123177495796,0.0031577916990386257,443.0,-883.0,1.571624639434156,-0.002687865594571903,0.306307937414915,38.02347012297753,110.16361128220089,TRACK
76.292,443.0029731874054,-886.7791148669734,1.5644955491311,1.5715024314864239,-0.0004893330185407751,0.6930033790850741,0.6930035518452514,443.0,-886.7791148669734,0.002973187405416411,443.0,-883.0,1.571583068372394,0.007087519241294027,0.3069964481547486,90.09808159434526,58.21095398909385,TRACK
76.344,443.00280268694326,-886.7431750196546,1.56413959550655,1.5729132516465472,-0.001465665726598376,0.6923550148971,0.6923565662497798,443.0,-886.7431750196546,0.0028026869432551393,443.0,-883.0,1.5715450725534548,0.0074054770469047515,0.3076434337502202,90.09808159434526,58.21095398909385,TRACK
76.392,443.00272196661206,-886.7100252821986,1.5734516008145278,1.573024402368455,-0.0015412684706068045,0.6917475952999809,0.691749312332007,443.0,-886.7100252821986,0.0027219666120572583,443.0,-883.0,1.5715300053864472,-0.0019215954280806802,0.308250687667993,105.66146010199515,42.71999138081901,TRACK
76.444,443.00271368512944,-886.6741384089845,1.573393510705907,1.5723264073302317,-0.0010575652543079808,0.6911821989626908,0.6911830080428539,443.0,-886.6741384089845,0.0027136851294358166,443.0,-883.0,1.5715349175429607,-0.0018585931629462316,0.30881699195714607,105.66146010199515,42.71999138081901,TRACK
76.492,443.002816932359,-886.641033151251,1.5831299665340883,1.5707015958443962,6.542696691224249e-05,0.6906609336324803,0.6906609367314597,443.0,-886.641033151251,0.0028169323589963824,443.0,-883.0,1.5715699895658604,-0.01155997696822797,0.3093390632685403,53.780229789615944,94.62379161429597,TRACK
76.544,443.0029234724073,-886.6051897735899,1.5738467811755188,1.5696957149581678,0.0007596240074831253,0.6901831103491257,0.6901835283747549,443.0,-886.6051897735899,0.0029234724073035068,443.0,-883.0,1.5716072332797437,-0.0022395478957750736,0.30981647162524506,53.780229789615944,94.62379161429597,TRACK
76.592,443.0029105146949,-886.5721206038238,1.57390295429459,1.5702174602840073,0.00039927228538464115,0.689748384604969,0.6897485001676497,443.0,-886.5721206038238,0.002910514694917765,443.0,-883.0,1.5716111128487964,-0.00229184144579353,0.31025149983235034,71.14535675955615,77.24230927384444,TRACK
76.644,443.00284597924417,-886.5363113247397,1.5738870972890306,1.5710499622311869,-0.0001748462406810957,0.6893604438285248,0.6893604660021262,443.0,-886.5363113247397,0.0028459792441708487,443.0,-883.0,1.571601114147704,-0.002285983141326664,0.3106395339978738,71.14535675955615,77.24230927384444,TRACK
76.692,443.0027507825332,-886.5032685538717,1.5642766320524821,1.5719687035200518,-0.0008077927405157336,0.6890211594006734,0.6890216329194315,443.0,-886.5032685538717,0.0027507825332122593,443.0,-883.0,1.5715815312191603,0.007304899166678203,0.3109783670805685,71.72621673160933,76.61544952706572,TRACK
76.744,443.0026212433759,-886.4674823527718,1.5642202236509126,1.5728246349004986,-0.0013969634553710776,0.6887324148604401,0.6887338315970757,443.0,-886.4674823527718,0.0026212433759269516,443.0,-883.0,1.5715522766772427,0.00733205302633011,0.3112661684029243,71.72621673160933,76.61544952706572,TRACK
76.792,443.00248539225754,-886.4344556391283,1.5737205083541235,1.5735539359898452,-0.0018986073175605148,0.6884958566430879,0.6884984744532451,443.0,-886.4344556391283,0.0024853922575402976,443.0,-883.0,1.5715199907710349,-0.0022005175830885904,0.3115015255467549,104.53584927392062,43.70968474388765,TRACK
